--
-- PostgreSQL database dump
--

\restrict dTsPATodFOxYKX0RRGCTHRsTmZgpNQp8nWozd4si4xKcAMdCyxBgUu6FRUpkgLj

-- Dumped from database version 16.11
-- Dumped by pg_dump version 16.11

SET statement_timeout = 0;
SET lock_timeout = 0;
SET idle_in_transaction_session_timeout = 0;
SET client_encoding = 'UTF8';
SET standard_conforming_strings = on;
SELECT pg_catalog.set_config('search_path', '', false);
SET check_function_bodies = false;
SET xmloption = content;
SET client_min_messages = warning;
SET row_security = off;

--
-- Name: user_type_enum; Type: TYPE; Schema: public; Owner: -
--

CREATE TYPE public.user_type_enum AS ENUM (
    'user',
    'admin'
);


SET default_tablespace = '';

SET default_table_access_method = heap;

--
-- Name: about_us; Type: TABLE; Schema: public; Owner: -
--

CREATE TABLE public.about_us (
    id bigint NOT NULL,
    image character varying(255) NOT NULL,
    video_url text NOT NULL,
    description text NOT NULL,
    button_url text NOT NULL,
    created_at timestamp without time zone,
    updated_at timestamp without time zone
);


--
-- Name: about_us_id_seq; Type: SEQUENCE; Schema: public; Owner: -
--

ALTER TABLE public.about_us ALTER COLUMN id ADD GENERATED BY DEFAULT AS IDENTITY (
    SEQUENCE NAME public.about_us_id_seq
    START WITH 1
    INCREMENT BY 1
    NO MINVALUE
    NO MAXVALUE
    CACHE 1
);


--
-- Name: admin_menu_items; Type: TABLE; Schema: public; Owner: -
--

CREATE TABLE public.admin_menu_items (
    id bigint NOT NULL,
    label character varying(255) NOT NULL,
    link character varying(255) NOT NULL,
    parent_id bigint DEFAULT '0'::bigint NOT NULL,
    sort integer DEFAULT 0 NOT NULL,
    class character varying(255) DEFAULT NULL::character varying,
    menu_id bigint NOT NULL,
    depth integer DEFAULT 0 NOT NULL,
    created_at timestamp without time zone,
    updated_at timestamp without time zone
);


--
-- Name: admin_menu_items_id_seq; Type: SEQUENCE; Schema: public; Owner: -
--

ALTER TABLE public.admin_menu_items ALTER COLUMN id ADD GENERATED BY DEFAULT AS IDENTITY (
    SEQUENCE NAME public.admin_menu_items_id_seq
    START WITH 1
    INCREMENT BY 1
    NO MINVALUE
    NO MAXVALUE
    CACHE 1
);


--
-- Name: admin_menus; Type: TABLE; Schema: public; Owner: -
--

CREATE TABLE public.admin_menus (
    id bigint NOT NULL,
    name character varying(255) NOT NULL,
    created_at timestamp without time zone,
    updated_at timestamp without time zone
);


--
-- Name: admin_menus_id_seq; Type: SEQUENCE; Schema: public; Owner: -
--

ALTER TABLE public.admin_menus ALTER COLUMN id ADD GENERATED BY DEFAULT AS IDENTITY (
    SEQUENCE NAME public.admin_menus_id_seq
    START WITH 1
    INCREMENT BY 1
    NO MINVALUE
    NO MAXVALUE
    CACHE 1
);


--
-- Name: amenities; Type: TABLE; Schema: public; Owner: -
--

CREATE TABLE public.amenities (
    id bigint NOT NULL,
    icon character varying(255) NOT NULL,
    name character varying(255) NOT NULL,
    slug character varying(255) NOT NULL,
    status boolean NOT NULL,
    created_at timestamp without time zone,
    updated_at timestamp without time zone
);


--
-- Name: amenities_id_seq; Type: SEQUENCE; Schema: public; Owner: -
--

ALTER TABLE public.amenities ALTER COLUMN id ADD GENERATED BY DEFAULT AS IDENTITY (
    SEQUENCE NAME public.amenities_id_seq
    START WITH 1
    INCREMENT BY 1
    NO MINVALUE
    NO MAXVALUE
    CACHE 1
);


--
-- Name: blogs; Type: TABLE; Schema: public; Owner: -
--

CREATE TABLE public.blogs (
    id bigint NOT NULL,
    image character varying(255) NOT NULL,
    author_id bigint NOT NULL,
    blog_category_id bigint NOT NULL,
    views integer DEFAULT 0 NOT NULL,
    title character varying(255) NOT NULL,
    slug character varying(255) NOT NULL,
    description text NOT NULL,
    is_popular boolean NOT NULL,
    status boolean NOT NULL,
    created_at timestamp without time zone,
    updated_at timestamp without time zone
);


--
-- Name: blogs_id_seq; Type: SEQUENCE; Schema: public; Owner: -
--

ALTER TABLE public.blogs ALTER COLUMN id ADD GENERATED BY DEFAULT AS IDENTITY (
    SEQUENCE NAME public.blogs_id_seq
    START WITH 1
    INCREMENT BY 1
    NO MINVALUE
    NO MAXVALUE
    CACHE 1
);


--
-- Name: categories; Type: TABLE; Schema: public; Owner: -
--

CREATE TABLE public.categories (
    id bigint NOT NULL,
    name character varying(255) NOT NULL,
    slug character varying(255) NOT NULL,
    image_icon character varying(255) NOT NULL,
    background_image character varying(255) NOT NULL,
    show_at_home boolean DEFAULT false NOT NULL,
    status boolean DEFAULT true NOT NULL,
    created_at timestamp without time zone,
    updated_at timestamp without time zone
);


--
-- Name: categories_id_seq; Type: SEQUENCE; Schema: public; Owner: -
--

ALTER TABLE public.categories ALTER COLUMN id ADD GENERATED BY DEFAULT AS IDENTITY (
    SEQUENCE NAME public.categories_id_seq
    START WITH 1
    INCREMENT BY 1
    NO MINVALUE
    NO MAXVALUE
    CACHE 1
);


--
-- Name: contacts; Type: TABLE; Schema: public; Owner: -
--

CREATE TABLE public.contacts (
    id bigint NOT NULL,
    phone character varying(255) NOT NULL,
    email character varying(255) NOT NULL,
    address text NOT NULL,
    map_link text NOT NULL,
    created_at timestamp without time zone,
    updated_at timestamp without time zone
);


--
-- Name: contacts_id_seq; Type: SEQUENCE; Schema: public; Owner: -
--

ALTER TABLE public.contacts ALTER COLUMN id ADD GENERATED BY DEFAULT AS IDENTITY (
    SEQUENCE NAME public.contacts_id_seq
    START WITH 1
    INCREMENT BY 1
    NO MINVALUE
    NO MAXVALUE
    CACHE 1
);


--
-- Name: default_price_legends; Type: TABLE; Schema: public; Owner: -
--

CREATE TABLE public.default_price_legends (
    id bigint NOT NULL,
    legend_text text NOT NULL,
    sort_order integer DEFAULT 0 NOT NULL,
    is_active smallint DEFAULT '1'::smallint NOT NULL,
    created_at timestamp(0) without time zone DEFAULT NULL::timestamp without time zone,
    updated_at timestamp(0) without time zone DEFAULT NULL::timestamp without time zone,
    CONSTRAINT default_price_legends_id_check CHECK ((id > 0))
);


--
-- Name: failed_jobs; Type: TABLE; Schema: public; Owner: -
--

CREATE TABLE public.failed_jobs (
    id bigint NOT NULL,
    uuid character varying(191) NOT NULL,
    connection text NOT NULL,
    queue text NOT NULL,
    payload text NOT NULL,
    exception text NOT NULL,
    failed_at timestamp(0) without time zone DEFAULT CURRENT_TIMESTAMP NOT NULL,
    CONSTRAINT failed_jobs_id_check CHECK ((id > 0))
);


--
-- Name: footer_infos; Type: TABLE; Schema: public; Owner: -
--

CREATE TABLE public.footer_infos (
    id bigint NOT NULL,
    short_description character varying(255) NOT NULL,
    address character varying(255) NOT NULL,
    email character varying(255) NOT NULL,
    phone character varying(255) NOT NULL,
    copyright character varying(255) NOT NULL,
    created_at timestamp without time zone,
    updated_at timestamp without time zone
);


--
-- Name: footer_infos_id_seq; Type: SEQUENCE; Schema: public; Owner: -
--

ALTER TABLE public.footer_infos ALTER COLUMN id ADD GENERATED BY DEFAULT AS IDENTITY (
    SEQUENCE NAME public.footer_infos_id_seq
    START WITH 1
    INCREMENT BY 1
    NO MINVALUE
    NO MAXVALUE
    CACHE 1
);


--
-- Name: fuel_terminals; Type: TABLE; Schema: public; Owner: -
--

CREATE TABLE public.fuel_terminals (
    id bigint NOT NULL,
    name character varying(255) NOT NULL,
    code character varying(50) DEFAULT NULL::character varying,
    status boolean DEFAULT true NOT NULL,
    created_at timestamp without time zone,
    updated_at timestamp without time zone
);


--
-- Name: fuel_terminals_id_seq; Type: SEQUENCE; Schema: public; Owner: -
--

ALTER TABLE public.fuel_terminals ALTER COLUMN id ADD GENERATED BY DEFAULT AS IDENTITY (
    SEQUENCE NAME public.fuel_terminals_id_seq
    START WITH 1
    INCREMENT BY 1
    NO MINVALUE
    NO MAXVALUE
    CACHE 1
);


--
-- Name: heroes; Type: TABLE; Schema: public; Owner: -
--

CREATE TABLE public.heroes (
    id bigint NOT NULL,
    type character varying(50) DEFAULT 'public'::character varying NOT NULL,
    background character varying(255) DEFAULT NULL::character varying,
    title character varying(255) NOT NULL,
    sub_title text NOT NULL,
    created_at timestamp without time zone,
    updated_at timestamp without time zone,
    active integer DEFAULT 0 NOT NULL
);


--
-- Name: heroes_id_seq; Type: SEQUENCE; Schema: public; Owner: -
--

ALTER TABLE public.heroes ALTER COLUMN id ADD GENERATED BY DEFAULT AS IDENTITY (
    SEQUENCE NAME public.heroes_id_seq
    START WITH 1
    INCREMENT BY 1
    NO MINVALUE
    NO MAXVALUE
    CACHE 1
);


--
-- Name: listing_amenities; Type: TABLE; Schema: public; Owner: -
--

CREATE TABLE public.listing_amenities (
    id bigint NOT NULL,
    listing_id bigint NOT NULL,
    amenity_id bigint NOT NULL,
    created_at timestamp without time zone,
    updated_at timestamp without time zone
);


--
-- Name: listing_amenities_id_seq; Type: SEQUENCE; Schema: public; Owner: -
--

ALTER TABLE public.listing_amenities ALTER COLUMN id ADD GENERATED BY DEFAULT AS IDENTITY (
    SEQUENCE NAME public.listing_amenities_id_seq
    START WITH 1
    INCREMENT BY 1
    NO MINVALUE
    NO MAXVALUE
    CACHE 1
);


--
-- Name: listing_schedules; Type: TABLE; Schema: public; Owner: -
--

CREATE TABLE public.listing_schedules (
    id bigint NOT NULL,
    listing_id bigint NOT NULL,
    day character varying(255) NOT NULL,
    start_time character varying(255) NOT NULL,
    end_time character varying(255) NOT NULL,
    status smallint NOT NULL,
    created_at timestamp(0) without time zone DEFAULT NULL::timestamp without time zone,
    updated_at timestamp(0) without time zone DEFAULT NULL::timestamp without time zone,
    CONSTRAINT listing_schedules_id_check CHECK ((id > 0)),
    CONSTRAINT listing_schedules_listing_id_check CHECK ((listing_id > 0))
);


--
-- Name: listing_social_links; Type: TABLE; Schema: public; Owner: -
--

CREATE TABLE public.listing_social_links (
    id bigint NOT NULL,
    listing_id bigint NOT NULL,
    social_network_id bigint NOT NULL,
    url text NOT NULL,
    "order" integer DEFAULT 0 NOT NULL,
    created_at timestamp without time zone,
    updated_at timestamp without time zone
);


--
-- Name: listing_social_links_id_seq; Type: SEQUENCE; Schema: public; Owner: -
--

ALTER TABLE public.listing_social_links ALTER COLUMN id ADD GENERATED BY DEFAULT AS IDENTITY (
    SEQUENCE NAME public.listing_social_links_id_seq
    START WITH 1
    INCREMENT BY 1
    NO MINVALUE
    NO MAXVALUE
    CACHE 1
);


--
-- Name: listings; Type: TABLE; Schema: public; Owner: -
--

CREATE TABLE public.listings (
    id bigint NOT NULL,
    user_id bigint NOT NULL,
    category_id bigint NOT NULL,
    location_id bigint NOT NULL,
    image character varying(255) NOT NULL,
    thumbnail_image character varying(255) NOT NULL,
    title character varying(255) NOT NULL,
    slug character varying(255) NOT NULL,
    description text NOT NULL,
    phone character varying(255) NOT NULL,
    email character varying(255) NOT NULL,
    address character varying(255) NOT NULL,
    website text,
    is_verified smallint DEFAULT '0'::smallint NOT NULL,
    is_featured smallint DEFAULT '0'::smallint NOT NULL,
    is_previliged smallint DEFAULT '0'::smallint NOT NULL,
    google_map_embed_code text,
    seo_title character varying(255) DEFAULT NULL::character varying,
    seo_description character varying(255) DEFAULT NULL::character varying,
    status smallint NOT NULL,
    is_approved smallint DEFAULT '0'::smallint NOT NULL,
    deleted_at timestamp(0) without time zone DEFAULT NULL::timestamp without time zone,
    created_at timestamp(0) without time zone DEFAULT NULL::timestamp without time zone,
    updated_at timestamp(0) without time zone DEFAULT NULL::timestamp without time zone,
    CONSTRAINT listings_category_id_check CHECK ((category_id > 0)),
    CONSTRAINT listings_id_check CHECK ((id > 0)),
    CONSTRAINT listings_location_id_check CHECK ((location_id > 0)),
    CONSTRAINT listings_user_id_check CHECK ((user_id > 0))
);


--
-- Name: locations; Type: TABLE; Schema: public; Owner: -
--

CREATE TABLE public.locations (
    id bigint NOT NULL,
    name character varying(255) NOT NULL,
    slug character varying(255) NOT NULL,
    show_at_home boolean DEFAULT false NOT NULL,
    status boolean DEFAULT true NOT NULL,
    created_at timestamp without time zone,
    updated_at timestamp without time zone
);


--
-- Name: locations_id_seq; Type: SEQUENCE; Schema: public; Owner: -
--

ALTER TABLE public.locations ALTER COLUMN id ADD GENERATED BY DEFAULT AS IDENTITY (
    SEQUENCE NAME public.locations_id_seq
    START WITH 1
    INCREMENT BY 1
    NO MINVALUE
    NO MAXVALUE
    CACHE 1
);


--
-- Name: migrations; Type: TABLE; Schema: public; Owner: -
--

CREATE TABLE public.migrations (
    id integer NOT NULL,
    migration character varying(255) NOT NULL,
    batch integer NOT NULL
);


--
-- Name: migrations_id_seq; Type: SEQUENCE; Schema: public; Owner: -
--

ALTER TABLE public.migrations ALTER COLUMN id ADD GENERATED BY DEFAULT AS IDENTITY (
    SEQUENCE NAME public.migrations_id_seq
    START WITH 1
    INCREMENT BY 1
    NO MINVALUE
    NO MAXVALUE
    CACHE 1
);


--
-- Name: model_has_permissions; Type: TABLE; Schema: public; Owner: -
--

CREATE TABLE public.model_has_permissions (
    permission_id bigint NOT NULL,
    model_type character varying(255) NOT NULL,
    model_id bigint NOT NULL
);


--
-- Name: model_has_roles; Type: TABLE; Schema: public; Owner: -
--

CREATE TABLE public.model_has_roles (
    role_id bigint NOT NULL,
    model_type character varying(255) NOT NULL,
    model_id bigint NOT NULL
);


--
-- Name: our_features; Type: TABLE; Schema: public; Owner: -
--

CREATE TABLE public.our_features (
    id bigint NOT NULL,
    icon character varying(255) NOT NULL,
    title character varying(255) NOT NULL,
    short_description character varying(255) NOT NULL,
    status smallint DEFAULT '1'::smallint NOT NULL,
    created_at timestamp(0) without time zone DEFAULT NULL::timestamp without time zone,
    updated_at timestamp(0) without time zone DEFAULT NULL::timestamp without time zone,
    CONSTRAINT our_features_id_check CHECK ((id > 0))
);


--
-- Name: page_visits; Type: TABLE; Schema: public; Owner: -
--

CREATE TABLE public.page_visits (
    id bigint NOT NULL,
    user_id bigint,
    user_session_id bigint,
    url text NOT NULL,
    route_name character varying(255) DEFAULT NULL::character varying,
    page_title character varying(255) DEFAULT NULL::character varying,
    referrer text,
    time_on_page numeric(10,6),
    ip_address character varying(45) DEFAULT NULL::character varying,
    visited_at timestamp without time zone DEFAULT CURRENT_TIMESTAMP NOT NULL,
    left_at timestamp without time zone,
    created_at timestamp without time zone,
    updated_at timestamp without time zone
);


--
-- Name: COLUMN page_visits.time_on_page; Type: COMMENT; Schema: public; Owner: -
--

COMMENT ON COLUMN public.page_visits.time_on_page IS 'Tiempo en segundos';


--
-- Name: page_visits_id_seq; Type: SEQUENCE; Schema: public; Owner: -
--

ALTER TABLE public.page_visits ALTER COLUMN id ADD GENERATED BY DEFAULT AS IDENTITY (
    SEQUENCE NAME public.page_visits_id_seq
    START WITH 1
    INCREMENT BY 1
    NO MINVALUE
    NO MAXVALUE
    CACHE 1
);


--
-- Name: password_reset_tokens; Type: TABLE; Schema: public; Owner: -
--

CREATE TABLE public.password_reset_tokens (
    email character varying(255) NOT NULL,
    token character varying(255) NOT NULL,
    created_at timestamp without time zone
);


--
-- Name: permissions; Type: TABLE; Schema: public; Owner: -
--

CREATE TABLE public.permissions (
    id bigint NOT NULL,
    name character varying(255) NOT NULL,
    group_name character varying(255) NOT NULL,
    guard_name character varying(255) NOT NULL,
    created_at timestamp without time zone,
    updated_at timestamp without time zone
);


--
-- Name: permissions_id_seq; Type: SEQUENCE; Schema: public; Owner: -
--

ALTER TABLE public.permissions ALTER COLUMN id ADD GENERATED BY DEFAULT AS IDENTITY (
    SEQUENCE NAME public.permissions_id_seq
    START WITH 1
    INCREMENT BY 1
    NO MINVALUE
    NO MAXVALUE
    CACHE 1
);


--
-- Name: personal_access_tokens; Type: TABLE; Schema: public; Owner: -
--

CREATE TABLE public.personal_access_tokens (
    id bigint NOT NULL,
    tokenable_type character varying(255) NOT NULL,
    tokenable_id bigint NOT NULL,
    name character varying(255) NOT NULL,
    token character varying(64) NOT NULL,
    abilities text,
    last_used_at timestamp without time zone,
    expires_at timestamp without time zone,
    created_at timestamp without time zone,
    updated_at timestamp without time zone
);


--
-- Name: personal_access_tokens_id_seq; Type: SEQUENCE; Schema: public; Owner: -
--

ALTER TABLE public.personal_access_tokens ALTER COLUMN id ADD GENERATED BY DEFAULT AS IDENTITY (
    SEQUENCE NAME public.personal_access_tokens_id_seq
    START WITH 1
    INCREMENT BY 1
    NO MINVALUE
    NO MAXVALUE
    CACHE 1
);


--
-- Name: privacy_policies; Type: TABLE; Schema: public; Owner: -
--

CREATE TABLE public.privacy_policies (
    id bigint NOT NULL,
    description text NOT NULL,
    created_at timestamp without time zone,
    updated_at timestamp without time zone
);


--
-- Name: privacy_policies_id_seq; Type: SEQUENCE; Schema: public; Owner: -
--

ALTER TABLE public.privacy_policies ALTER COLUMN id ADD GENERATED BY DEFAULT AS IDENTITY (
    SEQUENCE NAME public.privacy_policies_id_seq
    START WITH 1
    INCREMENT BY 1
    NO MINVALUE
    NO MAXVALUE
    CACHE 1
);


--
-- Name: role_has_permissions; Type: TABLE; Schema: public; Owner: -
--

CREATE TABLE public.role_has_permissions (
    permission_id bigint NOT NULL,
    role_id bigint NOT NULL
);


--
-- Name: roles; Type: TABLE; Schema: public; Owner: -
--

CREATE TABLE public.roles (
    id bigint NOT NULL,
    name character varying(255) NOT NULL,
    guard_name character varying(255) NOT NULL,
    created_at timestamp without time zone,
    updated_at timestamp without time zone
);


--
-- Name: roles_id_seq; Type: SEQUENCE; Schema: public; Owner: -
--

ALTER TABLE public.roles ALTER COLUMN id ADD GENERATED BY DEFAULT AS IDENTITY (
    SEQUENCE NAME public.roles_id_seq
    START WITH 1
    INCREMENT BY 1
    NO MINVALUE
    NO MAXVALUE
    CACHE 1
);


--
-- Name: section_titles; Type: TABLE; Schema: public; Owner: -
--

CREATE TABLE public.section_titles (
    id bigint NOT NULL,
    our_feature_title character varying(255) DEFAULT NULL::character varying,
    our_feature_sub_title character varying(255) DEFAULT NULL::character varying,
    our_categories_title character varying(255) DEFAULT NULL::character varying,
    our_categories_sub_title character varying(255) DEFAULT NULL::character varying,
    our_location_title character varying(255) DEFAULT NULL::character varying,
    our_location_sub_title character varying(255) DEFAULT NULL::character varying,
    our_featured_listing_title character varying(255) DEFAULT NULL::character varying,
    our_featured_listing_sub_title character varying(255) DEFAULT NULL::character varying,
    our_our_pricing_title character varying(255) DEFAULT NULL::character varying,
    our_our_pricing_sub_title character varying(255) DEFAULT NULL::character varying,
    our_testimonial_title character varying(255) DEFAULT NULL::character varying,
    our_testimonial_sub_title character varying(255) DEFAULT NULL::character varying,
    our_blog_title character varying(255) DEFAULT NULL::character varying,
    our_blog_sub_title character varying(255) DEFAULT NULL::character varying,
    created_at timestamp without time zone,
    updated_at timestamp without time zone
);


--
-- Name: section_titles_id_seq; Type: SEQUENCE; Schema: public; Owner: -
--

ALTER TABLE public.section_titles ALTER COLUMN id ADD GENERATED BY DEFAULT AS IDENTITY (
    SEQUENCE NAME public.section_titles_id_seq
    START WITH 1
    INCREMENT BY 1
    NO MINVALUE
    NO MAXVALUE
    CACHE 1
);


--
-- Name: sessions; Type: TABLE; Schema: public; Owner: -
--

CREATE TABLE public.sessions (
    id character varying(255) NOT NULL,
    user_id bigint,
    ip_address character varying(45) DEFAULT NULL::character varying,
    user_agent text,
    payload text NOT NULL,
    last_activity integer NOT NULL
);


--
-- Name: settings; Type: TABLE; Schema: public; Owner: -
--

CREATE TABLE public.settings (
    id bigint NOT NULL,
    key character varying(255) NOT NULL,
    value character varying(255) DEFAULT NULL::character varying,
    created_at timestamp without time zone,
    updated_at timestamp without time zone
);


--
-- Name: settings_id_seq; Type: SEQUENCE; Schema: public; Owner: -
--

ALTER TABLE public.settings ALTER COLUMN id ADD GENERATED BY DEFAULT AS IDENTITY (
    SEQUENCE NAME public.settings_id_seq
    START WITH 1
    INCREMENT BY 1
    NO MINVALUE
    NO MAXVALUE
    CACHE 1
);


--
-- Name: social_networks; Type: TABLE; Schema: public; Owner: -
--

CREATE TABLE public.social_networks (
    id bigint NOT NULL,
    name character varying(255) NOT NULL,
    slug character varying(255) NOT NULL,
    icon character varying(255) NOT NULL,
    color character varying(255) DEFAULT NULL::character varying,
    status boolean DEFAULT true NOT NULL,
    "order" integer DEFAULT 0 NOT NULL,
    created_at timestamp without time zone,
    updated_at timestamp without time zone
);


--
-- Name: social_networks_id_seq; Type: SEQUENCE; Schema: public; Owner: -
--

ALTER TABLE public.social_networks ALTER COLUMN id ADD GENERATED BY DEFAULT AS IDENTITY (
    SEQUENCE NAME public.social_networks_id_seq
    START WITH 1
    INCREMENT BY 1
    NO MINVALUE
    NO MAXVALUE
    CACHE 1
);


--
-- Name: terms_and_conditions; Type: TABLE; Schema: public; Owner: -
--

CREATE TABLE public.terms_and_conditions (
    id bigint NOT NULL,
    description text NOT NULL,
    created_at timestamp without time zone,
    updated_at timestamp without time zone
);


--
-- Name: terms_and_conditions_id_seq; Type: SEQUENCE; Schema: public; Owner: -
--

ALTER TABLE public.terms_and_conditions ALTER COLUMN id ADD GENERATED BY DEFAULT AS IDENTITY (
    SEQUENCE NAME public.terms_and_conditions_id_seq
    START WITH 1
    INCREMENT BY 1
    NO MINVALUE
    NO MAXVALUE
    CACHE 1
);


--
-- Name: user_activities; Type: TABLE; Schema: public; Owner: -
--

CREATE TABLE public.user_activities (
    id bigint NOT NULL,
    user_id bigint,
    user_session_id bigint,
    page_visit_id bigint,
    activity_type character varying(100) NOT NULL,
    activity_description character varying(255) DEFAULT NULL::character varying,
    element_id character varying(255) DEFAULT NULL::character varying,
    element_class character varying(255) DEFAULT NULL::character varying,
    element_text character varying(255) DEFAULT NULL::character varying,
    url text,
    metadata jsonb,
    ip_address character varying(45) DEFAULT NULL::character varying,
    created_at timestamp without time zone,
    updated_at timestamp without time zone
);


--
-- Name: COLUMN user_activities.activity_type; Type: COMMENT; Schema: public; Owner: -
--

COMMENT ON COLUMN public.user_activities.activity_type IS 'click, form_submit, download, search, login, logout, etc.';


--
-- Name: COLUMN user_activities.metadata; Type: COMMENT; Schema: public; Owner: -
--

COMMENT ON COLUMN public.user_activities.metadata IS 'Datos adicionales en formato JSON';


--
-- Name: user_activities_id_seq; Type: SEQUENCE; Schema: public; Owner: -
--

ALTER TABLE public.user_activities ALTER COLUMN id ADD GENERATED BY DEFAULT AS IDENTITY (
    SEQUENCE NAME public.user_activities_id_seq
    START WITH 1
    INCREMENT BY 1
    NO MINVALUE
    NO MAXVALUE
    CACHE 1
);


--
-- Name: user_branches; Type: TABLE; Schema: public; Owner: -
--

CREATE TABLE public.user_branches (
    id bigint NOT NULL,
    user_id bigint NOT NULL,
    name character varying(255) NOT NULL,
    is_active boolean DEFAULT true NOT NULL,
    created_at timestamp(0) without time zone,
    updated_at timestamp(0) without time zone
);


--
-- Name: user_branches_id_seq; Type: SEQUENCE; Schema: public; Owner: -
--

CREATE SEQUENCE public.user_branches_id_seq
    START WITH 1
    INCREMENT BY 1
    NO MINVALUE
    NO MAXVALUE
    CACHE 1;


--
-- Name: user_branches_id_seq; Type: SEQUENCE OWNED BY; Schema: public; Owner: -
--

ALTER SEQUENCE public.user_branches_id_seq OWNED BY public.user_branches.id;


--
-- Name: user_navigation_flows; Type: TABLE; Schema: public; Owner: -
--

CREATE TABLE public.user_navigation_flows (
    id bigint NOT NULL,
    user_id bigint,
    user_session_id bigint,
    from_page_visit_id bigint,
    to_page_visit_id bigint,
    from_url text,
    to_url text,
    transition_time numeric(12,4),
    created_at timestamp without time zone,
    updated_at timestamp without time zone
);


--
-- Name: COLUMN user_navigation_flows.transition_time; Type: COMMENT; Schema: public; Owner: -
--

COMMENT ON COLUMN public.user_navigation_flows.transition_time IS 'Tiempo de transición en milisegundos';


--
-- Name: user_navigation_flows_id_seq; Type: SEQUENCE; Schema: public; Owner: -
--

ALTER TABLE public.user_navigation_flows ALTER COLUMN id ADD GENERATED BY DEFAULT AS IDENTITY (
    SEQUENCE NAME public.user_navigation_flows_id_seq
    START WITH 1
    INCREMENT BY 1
    NO MINVALUE
    NO MAXVALUE
    CACHE 1
);


--
-- Name: user_price_items; Type: TABLE; Schema: public; Owner: -
--

CREATE TABLE public.user_price_items (
    id bigint NOT NULL,
    user_price_list_id bigint NOT NULL,
    fuel_terminal_id bigint,
    terminal_name character varying(255) NOT NULL,
    magna_price numeric(10,4) DEFAULT NULL::numeric,
    premium_price numeric(10,4) DEFAULT NULL::numeric,
    diesel_price numeric(10,4) DEFAULT NULL::numeric,
    sort_order integer DEFAULT 0 NOT NULL,
    created_at timestamp without time zone,
    updated_at timestamp without time zone
);


--
-- Name: COLUMN user_price_items.terminal_name; Type: COMMENT; Schema: public; Owner: -
--

COMMENT ON COLUMN public.user_price_items.terminal_name IS 'Nombre de terminal (puede ser personalizado)';


--
-- Name: user_price_items_id_seq; Type: SEQUENCE; Schema: public; Owner: -
--

ALTER TABLE public.user_price_items ALTER COLUMN id ADD GENERATED BY DEFAULT AS IDENTITY (
    SEQUENCE NAME public.user_price_items_id_seq
    START WITH 1
    INCREMENT BY 1
    NO MINVALUE
    NO MAXVALUE
    CACHE 1
);


--
-- Name: user_price_legends; Type: TABLE; Schema: public; Owner: -
--

CREATE TABLE public.user_price_legends (
    id bigint NOT NULL,
    user_id bigint NOT NULL,
    legend_text text NOT NULL,
    sort_order integer DEFAULT 0 NOT NULL,
    is_active boolean DEFAULT true NOT NULL,
    created_at timestamp without time zone,
    updated_at timestamp without time zone
);


--
-- Name: user_price_legends_id_seq; Type: SEQUENCE; Schema: public; Owner: -
--

ALTER TABLE public.user_price_legends ALTER COLUMN id ADD GENERATED BY DEFAULT AS IDENTITY (
    SEQUENCE NAME public.user_price_legends_id_seq
    START WITH 1
    INCREMENT BY 1
    NO MINVALUE
    NO MAXVALUE
    CACHE 1
);


--
-- Name: user_price_lists; Type: TABLE; Schema: public; Owner: -
--

CREATE TABLE public.user_price_lists (
    id bigint NOT NULL,
    user_id bigint NOT NULL,
    price_date date NOT NULL,
    is_active boolean DEFAULT true NOT NULL,
    created_by bigint,
    created_at timestamp without time zone,
    updated_at timestamp without time zone,
    user_branch_id bigint
);


--
-- Name: user_price_lists_id_seq; Type: SEQUENCE; Schema: public; Owner: -
--

ALTER TABLE public.user_price_lists ALTER COLUMN id ADD GENERATED BY DEFAULT AS IDENTITY (
    SEQUENCE NAME public.user_price_lists_id_seq
    START WITH 1
    INCREMENT BY 1
    NO MINVALUE
    NO MAXVALUE
    CACHE 1
);


--
-- Name: user_sessions; Type: TABLE; Schema: public; Owner: -
--

CREATE TABLE public.user_sessions (
    id bigint NOT NULL,
    user_id bigint,
    session_id character varying(255) NOT NULL,
    ip_address character varying(45) DEFAULT NULL::character varying,
    user_agent text,
    device_type character varying(50) DEFAULT NULL::character varying,
    browser character varying(100) DEFAULT NULL::character varying,
    browser_version character varying(50) DEFAULT NULL::character varying,
    platform character varying(100) DEFAULT NULL::character varying,
    platform_version character varying(50) DEFAULT NULL::character varying,
    country character varying(100) DEFAULT NULL::character varying,
    city character varying(100) DEFAULT NULL::character varying,
    region character varying(100) DEFAULT NULL::character varying,
    latitude numeric(10,8) DEFAULT NULL::numeric,
    longitude numeric(11,8) DEFAULT NULL::numeric,
    started_at timestamp without time zone DEFAULT CURRENT_TIMESTAMP NOT NULL,
    ended_at timestamp without time zone,
    is_active boolean DEFAULT true NOT NULL,
    created_at timestamp without time zone,
    updated_at timestamp without time zone
);


--
-- Name: COLUMN user_sessions.device_type; Type: COMMENT; Schema: public; Owner: -
--

COMMENT ON COLUMN public.user_sessions.device_type IS 'desktop, tablet, mobile';


--
-- Name: user_sessions_id_seq; Type: SEQUENCE; Schema: public; Owner: -
--

ALTER TABLE public.user_sessions ALTER COLUMN id ADD GENERATED BY DEFAULT AS IDENTITY (
    SEQUENCE NAME public.user_sessions_id_seq
    START WITH 1
    INCREMENT BY 1
    NO MINVALUE
    NO MAXVALUE
    CACHE 1
);


--
-- Name: users; Type: TABLE; Schema: public; Owner: -
--

CREATE TABLE public.users (
    id bigint NOT NULL,
    user_type public.user_type_enum DEFAULT 'user'::public.user_type_enum NOT NULL,
    avatar character varying(255) DEFAULT '/default/avatar.png'::character varying NOT NULL,
    banner character varying(255) DEFAULT '/default/breadcrumb.jpg'::character varying NOT NULL,
    name character varying(255) NOT NULL,
    email character varying(191) NOT NULL,
    phone character varying(255) DEFAULT NULL::character varying,
    address character varying(255) DEFAULT NULL::character varying,
    about text,
    email_verified_at timestamp without time zone,
    is_approved integer DEFAULT 0,
    password character varying(255) NOT NULL,
    website text,
    fb_link text,
    x_link text,
    in_link text,
    wa_link text,
    instra_link text,
    can_view_price_table boolean DEFAULT false NOT NULL,
    remember_token character varying(100) DEFAULT NULL::character varying,
    created_at timestamp without time zone,
    updated_at timestamp without time zone
);


--
-- Name: users_id_seq; Type: SEQUENCE; Schema: public; Owner: -
--

ALTER TABLE public.users ALTER COLUMN id ADD GENERATED BY DEFAULT AS IDENTITY (
    SEQUENCE NAME public.users_id_seq
    START WITH 1
    INCREMENT BY 1
    NO MINVALUE
    NO MAXVALUE
    CACHE 1
);


--
-- Name: user_branches id; Type: DEFAULT; Schema: public; Owner: -
--

ALTER TABLE ONLY public.user_branches ALTER COLUMN id SET DEFAULT nextval('public.user_branches_id_seq'::regclass);


--
-- Data for Name: about_us; Type: TABLE DATA; Schema: public; Owner: -
--

INSERT INTO public.about_us VALUES (1, '/uploads/media_655f2351de783.jpg', 'https://www.youtube.com/watch?v=Dmg9Y0KVnRo', '<div><font color="#7c7474"><span style="font-size: 16px;">En <b>Maosa</b>, nos hemos dedicado durante años a brindar soluciones confiables y de</span></font></div><div><font color="#7c7474"><span style="font-size: 16px;">calidad a nuestros clientes. Con <b>Maosa Prime</b>, hemos llevado ese compromiso un</span></font></div><div><font color="#7c7474"><span style="font-size: 16px;">paso más allá, creando una plataforma exclusiva que conecta a nuestros clientes</span></font></div><div><font color="#7c7474"><span style="font-size: 16px;">con proveedores seleccionados cuidadosamente, para ofrecerles opciones que se</span></font></div><div><font color="#7c7474"><span style="font-size: 16px;">ajusten a sus necesidades y les ayuden a optimizar sus operaciones.</span></font></div><div><font color="#7c7474"><span style="font-size: 16px;"><br></span></font></div><div><font color="#7c7474"><span style="font-size: 16px;">Nuestro objetivo es simplificar el acceso a soluciones eficientes, basadas en</span></font></div><div><font color="#7c7474"><span style="font-size: 16px;">confianza y profesionalismo. En <b>Maosa Prime</b>, cada decisión está pensada para</span></font></div><div><font color="#7c7474"><span style="font-size: 16px;">que nuestros clientes tengan lo mejor a su alcance, con el respaldo de nuestra</span></font></div><div><font color="#7c7474"><span style="font-size: 16px;">experiencia y dedicación.</span></font></div><div><font color="#7c7474"><span style="font-size: 16px;"><br></span></font></div><div><font color="#7c7474"><span style="font-size: 16px;"><b>Maosa Prime</b>, más que una plataforma, es un espacio pensado para quienes</span></font></div><div><font color="#7c7474"><span style="font-size: 16px;">buscan lo mejor para su negocio.</span></font></div>', 'https://www.youtube.com/watch?v=yUXJjIvhZz8&t=9s', '2023-11-23 04:02:57', '2025-08-06 00:40:27');


--
-- Data for Name: admin_menu_items; Type: TABLE DATA; Schema: public; Owner: -
--

INSERT INTO public.admin_menu_items VALUES (1, 'Inicio', '/', 0, 0, NULL, 1, 0, '2023-11-15 22:11:29', '2025-04-21 14:36:43');
INSERT INTO public.admin_menu_items VALUES (2, 'Quiénes somos', '/about-us', 0, 3, NULL, 1, 0, '2023-11-15 23:15:22', '2025-04-21 14:39:23');
INSERT INTO public.admin_menu_items VALUES (3, 'Blogs', '/about-us', 0, 1, NULL, 1, 0, '2023-11-15 23:16:17', '2025-09-04 18:59:47');
INSERT INTO public.admin_menu_items VALUES (4, 'Proveedores', '/suppliers', 0, 2, NULL, 1, 0, '2023-11-15 23:16:45', '2025-06-20 21:01:17');
INSERT INTO public.admin_menu_items VALUES (5, 'Contacto', '/contact', 0, 7, NULL, 1, 0, '2023-11-15 23:17:11', '2025-04-21 14:37:14');
INSERT INTO public.admin_menu_items VALUES (6, 'Política de privacidad', '/privacy-policy', 8, 5, NULL, 1, 1, '2023-11-15 23:17:33', '2025-04-21 14:40:02');
INSERT INTO public.admin_menu_items VALUES (7, 'Condiciones generales', '/terms-and-condition', 8, 6, NULL, 1, 1, '2023-11-15 23:18:00', '2025-04-21 14:40:20');
INSERT INTO public.admin_menu_items VALUES (8, 'Páginas', '#', 0, 4, NULL, 1, 0, '2023-11-15 23:45:36', '2025-04-21 14:39:39');
INSERT INTO public.admin_menu_items VALUES (12, 'Iniciar sesión', '/login', 0, 1, NULL, 2, 0, '2023-11-16 01:26:15', '2025-06-01 13:35:54');
INSERT INTO public.admin_menu_items VALUES (13, 'Registrarme', '/register', 0, 0, NULL, 2, 0, '2023-11-16 01:26:34', '2025-06-01 13:35:45');
INSERT INTO public.admin_menu_items VALUES (14, 'Contraseña olvidada', '/forgot-password', 0, 2, NULL, 2, 0, '2023-11-16 01:26:50', '2025-06-01 13:36:28');
INSERT INTO public.admin_menu_items VALUES (16, 'Contáctanos', '/contact', 0, 0, NULL, 3, 0, '2023-11-16 03:09:27', '2025-06-01 13:38:32');
INSERT INTO public.admin_menu_items VALUES (17, 'Terminos y condiciones', '/terms-and-condition', 0, 1, NULL, 3, 0, '2023-11-16 03:09:36', '2025-06-01 13:38:43');
INSERT INTO public.admin_menu_items VALUES (18, 'Política de privacidad', '/privacy-policy', 0, 2, NULL, 3, 0, '2023-11-16 03:09:43', '2025-06-01 13:38:58');
INSERT INTO public.admin_menu_items VALUES (19, 'Blog', '/blog', 0, 2, NULL, 4, 0, '2023-11-16 03:10:03', '2025-06-01 13:40:00');
INSERT INTO public.admin_menu_items VALUES (20, 'Proveedores', '/listings', 0, 1, NULL, 4, 0, '2023-11-16 03:10:09', '2025-06-01 13:39:58');
INSERT INTO public.admin_menu_items VALUES (21, 'Inicio', '/', 0, 0, NULL, 4, 0, '2023-11-16 03:10:16', '2025-06-01 13:39:50');


--
-- Data for Name: admin_menus; Type: TABLE DATA; Schema: public; Owner: -
--

INSERT INTO public.admin_menus VALUES (1, 'Main Menu', NULL, '2023-11-15 22:10:52');
INSERT INTO public.admin_menus VALUES (2, 'Footer Menu One', '2023-11-16 00:32:01', '2023-11-16 00:32:01');
INSERT INTO public.admin_menus VALUES (3, 'Footer Menu Two', '2023-11-16 00:32:48', '2023-11-16 00:32:48');
INSERT INTO public.admin_menus VALUES (4, 'Footer Menu Three', '2023-11-16 00:33:13', '2023-11-16 00:33:13');


--
-- Data for Name: amenities; Type: TABLE DATA; Schema: public; Owner: -
--

INSERT INTO public.amenities VALUES (1, 'fas fa-wifi', 'Elaboración de Diversos Estudios y Análisis', 'elaboracion-de-diversos-estudios-y-analisis', true, '2023-11-22 11:03:42', '2023-11-22 11:03:42');
INSERT INTO public.amenities VALUES (2, 'fas fa-car-side', 'Cumplimiento Normativo', 'cumplimiento-normativo', true, '2023-11-22 11:04:00', '2023-11-22 11:04:00');
INSERT INTO public.amenities VALUES (3, 'fab fa-accessible-icon', 'Servicios de Consultoria', 'servicios-de-consultoria', true, '2023-11-22 11:04:11', '2023-11-22 11:04:11');
INSERT INTO public.amenities VALUES (10, 'fas fa-print', 'Impresos y Artículos Promocionales', 'impresos-y-articulos-promocionales', true, '2025-06-05 22:37:49', '2025-06-05 22:37:49');
INSERT INTO public.amenities VALUES (11, 'fas fa-newspaper', 'Impresión de vinil', 'impresion-de-vinil', true, '2025-06-05 22:38:34', '2025-06-05 22:38:34');
INSERT INTO public.amenities VALUES (12, 'fas fa-solar-panel', 'Cama plana UV', 'cama-plana-uv', true, '2025-06-05 22:39:11', '2025-06-05 22:39:11');
INSERT INTO public.amenities VALUES (13, 'fas fa-highlighter', 'Grabado y corte láser', 'grabado-y-corte-laser', true, '2025-06-05 22:39:41', '2025-06-05 22:39:41');
INSERT INTO public.amenities VALUES (14, 'fas fa-file-signature', 'Letreros de acrílico', 'letreros-de-acrilico', true, '2025-06-05 22:41:06', '2025-06-05 22:41:06');
INSERT INTO public.amenities VALUES (15, 'fas fa-cut', 'Corte CNC', 'corte-cnc', true, '2025-06-05 22:41:28', '2025-06-05 22:41:28');
INSERT INTO public.amenities VALUES (16, 'fas fa-address-book', 'Agendas', 'agendas', true, '2025-06-05 22:42:15', '2025-06-05 22:42:15');
INSERT INTO public.amenities VALUES (17, 'fab fa-shirtsinbulk', 'Playeras, termos, plumas, y tazas', 'playeras-termos-plumas-y-tazas', true, '2025-06-05 22:43:06', '2025-06-05 22:43:06');
INSERT INTO public.amenities VALUES (18, 'fas fa-align-left', 'Control volumétrico', 'control-volumetrico', true, '2025-06-05 23:24:57', '2025-06-05 23:24:57');
INSERT INTO public.amenities VALUES (19, 'fas fa-money-check-alt', 'Puntos de venta y terminales móviles', 'puntos-de-venta-y-terminales-moviles', true, '2025-06-05 23:25:24', '2025-06-05 23:25:24');
INSERT INTO public.amenities VALUES (20, 'fas fa-cloud', 'Soluciones en la nube y software administrativo', 'soluciones-en-la-nube-y-software-administrativo', true, '2025-06-05 23:25:48', '2025-06-05 23:25:48');
INSERT INTO public.amenities VALUES (21, 'fas fa-store-alt', 'Equipos de comunicación y consolas a dispensarios', 'equipos-de-comunicacion-y-consolas-a-dispensarios', true, '2025-06-05 23:26:36', '2025-06-05 23:26:36');
INSERT INTO public.amenities VALUES (22, 'fas fa-shield-alt', 'Servidores dedicados y seguridad cibernética', 'servidores-dedicados-y-seguridad-cibernetica', true, '2025-06-05 23:27:04', '2025-06-05 23:27:04');
INSERT INTO public.amenities VALUES (23, 'fas fa-print', 'Impresoras, pedestales y antenas Wi-Fi', 'impresoras-pedestales-y-antenas-wi-fi', true, '2025-06-05 23:27:23', '2025-06-05 23:27:23');
INSERT INTO public.amenities VALUES (24, 'fas fa-user-shield', 'Eficiencia operativa y la seguridad de sus clientes.', 'eficiencia-operativa-y-la-seguridad-de-sus-clientes', true, '2025-06-05 23:27:55', '2025-06-20 01:23:01');
INSERT INTO public.amenities VALUES (25, 'fas fa-gas-pump', 'CONTROL VOLUMÉTRICO Y ADMINISTRACION TOTAL DE ESTACIONES DE SERVICIO', 'control-volumetrico-y-administracion-total-de-estaciones-de-servicio', true, '2025-07-07 23:45:06', '2025-07-07 23:45:06');
INSERT INTO public.amenities VALUES (26, 'fas fa-gas-pump', 'Sistema de Control Volumétrico CV RADEC', 'sistema-de-control-volumetrico-cv-radec', true, '2025-07-17 16:47:20', '2025-07-17 16:47:20');
INSERT INTO public.amenities VALUES (27, 'fas fa-car', 'Control consumo para Flotillas', 'control-consumo-para-flotillas', true, '2025-07-17 16:47:46', '2025-07-17 16:47:46');
INSERT INTO public.amenities VALUES (28, 'fas fa-building', 'Solución corporativa central para enlazar estaciones de servicio', 'solucion-corporativa-central-para-enlazar-estaciones-de-servicio', true, '2025-07-17 16:48:09', '2025-07-17 16:48:09');
INSERT INTO public.amenities VALUES (29, 'fas fa-mouse-pointer', 'Terminales punto de venta', 'terminales-punto-de-venta', true, '2025-07-17 16:48:38', '2025-07-17 16:48:38');
INSERT INTO public.amenities VALUES (30, 'fas fa-file-invoice-dollar', 'Facturación electrónica', 'facturacion-electronica', true, '2025-07-17 16:49:02', '2025-07-17 16:49:02');
INSERT INTO public.amenities VALUES (31, 'fas fa-book-reader', 'Asesoría normativa especializada', 'asesoria-normativa-especializada', true, '2025-07-17 16:49:36', '2025-07-17 16:49:36');
INSERT INTO public.amenities VALUES (32, 'fas fa-info-circle', 'Centralización de información en tiempo real', 'centralizacion-de-informacion-en-tiempo-real', true, '2025-07-21 22:44:46', '2025-07-21 22:44:46');
INSERT INTO public.amenities VALUES (33, 'fas fa-bookmark', 'Cumplimiento regulatorio', 'cumplimiento-regulatorio', true, '2025-07-21 22:45:30', '2025-07-21 22:45:30');
INSERT INTO public.amenities VALUES (34, 'fas fa-laptop-code', 'ERP estaciones de servicio', 'erp-estaciones-de-servicio', true, '2025-07-21 23:01:43', '2025-07-21 23:01:43');
INSERT INTO public.amenities VALUES (35, 'fas fa-laptop-code', 'ERP comercializadora', 'erp-comercializadora', true, '2025-07-21 23:02:10', '2025-07-21 23:02:10');
INSERT INTO public.amenities VALUES (36, 'fas fa-laptop-code', 'ERP para distribuidora, fletera y autoconsumo', 'erp-para-distribuidora-fletera-y-autoconsumo', true, '2025-07-21 23:02:55', '2025-07-21 23:02:55');
INSERT INTO public.amenities VALUES (37, 'fas fa-car', 'Control flotillero', 'control-flotillero', true, '2025-07-21 23:03:42', '2025-07-21 23:03:42');
INSERT INTO public.amenities VALUES (38, 'fas fa-hand-holding-heart', 'Programa de lealtad', 'programa-de-lealtad', true, '2025-07-21 23:04:06', '2025-07-21 23:04:06');
INSERT INTO public.amenities VALUES (39, 'fas fa-tshirt', 'Uniformes de la línea PEMEX, BP y G500', 'uniformes-de-la-linea-pemex-bp-y-g500', true, '2025-07-21 23:10:10', '2025-07-21 23:10:31');
INSERT INTO public.amenities VALUES (40, 'fas fa-shoe-prints', 'Calzado industrial de alta resistencia y confort', 'calzado-industrial-de-alta-resistencia-y-confort', true, '2025-07-21 23:10:59', '2025-07-21 23:10:59');
INSERT INTO public.amenities VALUES (41, 'fas fa-gas-pump', 'Refacciones', 'refacciones', true, '2025-07-21 23:31:04', '2025-07-21 23:31:04');
INSERT INTO public.amenities VALUES (42, 'fas fa-sign', 'Señaletica', 'senaletica', true, '2025-07-21 23:31:32', '2025-07-21 23:31:32');
INSERT INTO public.amenities VALUES (43, 'fab fa-shirtsinbulk', 'Uniformes Pemex', 'uniformes-pemex', true, '2025-07-21 23:32:04', '2025-07-21 23:32:04');
INSERT INTO public.amenities VALUES (44, 'fas fa-shoe-prints', 'Botas para despachador', 'botas-para-despachador', true, '2025-07-21 23:32:39', '2025-07-21 23:32:39');
INSERT INTO public.amenities VALUES (45, 'fab fa-font-awesome-flag', 'Banderas y banderines', 'banderas-y-banderines', true, '2025-07-21 23:33:02', '2025-07-21 23:33:02');
INSERT INTO public.amenities VALUES (46, 'fas fa-book-reader', 'Consultoría regulatoria, jurídica, ambiental y técnica especializada en el sector energético.', 'consultoria-regulatoria-juridica-ambiental-y-tecnica-especializada-en-el-sector-energetico', true, '2025-08-01 23:56:29', '2025-08-01 23:57:00');
INSERT INTO public.amenities VALUES (47, 'fas fa-file-signature', 'Tramitación y modificación de permisos ante CRE/CNE, ASEA, SENER y CNE', 'tramitacion-y-modificacion-de-permisos-ante-crecne-asea-sener-y-cne', true, '2025-08-01 23:57:41', '2025-08-01 23:57:41');
INSERT INTO public.amenities VALUES (48, 'fab fa-wpforms', 'Elaboración de estudios: Informes Preventivos, MIA, ARSH, SASISOPA, COA, EVIS, etc.', 'elaboracion-de-estudios-informes-preventivos-mia-arsh-sasisopa-coa-evis-etc', true, '2025-08-01 23:58:26', '2025-08-01 23:58:26');
INSERT INTO public.amenities VALUES (49, 'fab fa-readme', 'Diagnóstico normativo, defensa administrativa y cumplimiento ambiental', 'diagnostico-normativo-defensa-administrativa-y-cumplimiento-ambiental', true, '2025-08-01 23:58:47', '2025-08-01 23:58:47');
INSERT INTO public.amenities VALUES (50, 'fas fa-gas-pump', 'Capacitaciones técnicas, auditorías regulatorias y acompañamiento integral para estaciones de servicio y comercializadores de petrolíferos y gas LP', 'capacitaciones-tecnicas-auditorias-regulatorias-y-acompanamiento-integral-para-estaciones-de-servicio-y-comercializadores-de-petroliferos-y-gas-lp', true, '2025-08-01 23:59:08', '2025-08-01 23:59:08');
INSERT INTO public.amenities VALUES (51, 'far fa-address-book', 'Talleres, cursos, seminarios en temas referentes a Desarrollo Humano para el personal de las estaciones de servicios.', 'talleres-cursos-seminarios-en-temas-referentes-a-desarrollo-humano-para-el-personal-de-las-estaciones-de-servicios', true, '2025-08-02 00:26:13', '2025-08-02 00:26:13');
INSERT INTO public.amenities VALUES (52, 'fas fa-balance-scale', 'Calibración de Tanques', 'calibracion-de-tanques', true, '2025-08-16 16:51:37', '2025-08-16 16:51:37');
INSERT INTO public.amenities VALUES (53, 'fas fa-hot-tub', 'Calibración de sondas de nivel y temperatura', 'calibracion-de-sondas-de-nivel-y-temperatura', true, '2025-08-16 16:52:06', '2025-08-16 16:52:06');
INSERT INTO public.amenities VALUES (54, 'fas fa-balance-scale', 'Calibración de dispensarios', 'calibracion-de-dispensarios', true, '2025-08-16 16:52:48', '2025-08-16 16:52:48');
INSERT INTO public.amenities VALUES (55, 'fas fa-info-circle', 'Configuración de veeder root', 'configuracion-de-veeder-root', true, '2025-08-16 16:56:22', '2025-08-16 16:56:22');
INSERT INTO public.amenities VALUES (56, 'fas fa-charging-station', 'Verificacion de sondas', 'verificacion-de-sondas', true, '2025-08-16 16:58:46', '2025-08-16 16:58:46');
INSERT INTO public.amenities VALUES (57, 'fas fa-flask', 'Limpieza de tanques', 'limpieza-de-tanques', true, '2025-08-16 17:00:58', '2025-08-16 17:00:58');
INSERT INTO public.amenities VALUES (58, 'fas fa-notes-medical', 'Pruebas de hermeticidad y medición de espesores', 'pruebas-de-hermeticidad-y-medicion-de-espesores', true, '2025-08-16 17:01:21', '2025-08-16 17:01:21');
INSERT INTO public.amenities VALUES (59, 'fas fa-cogs', 'VENTA, INSTALACION, CONFIGURACION, CAPACITACION Y SOPORTE TECNICO EN SOFTWARE PARA EL RAMO DE HIDROCARBUROS', 'venta-instalacion-configuracion-capacitacion-y-soporte-tecnico-en-software-para-el-ramo-de-hidrocarburos', true, '2025-08-16 17:30:46', '2025-08-16 17:30:46');
INSERT INTO public.amenities VALUES (60, 'far fa-credit-card', 'Pago con tarjeta', 'pago-con-tarjeta', true, '2025-09-04 18:17:34', '2025-09-04 18:17:34');
INSERT INTO public.amenities VALUES (61, 'fas fa-building', 'Construcción', 'construccion', true, '2025-09-04 18:39:50', '2025-09-04 18:39:50');
INSERT INTO public.amenities VALUES (62, 'fas fa-gas-pump', 'Mantenimiento e insumos de gasolineras', 'mantenimiento-e-insumos-de-gasolineras', true, '2025-09-04 18:40:11', '2025-09-04 18:40:11');
INSERT INTO public.amenities VALUES (63, 'fas fa-tshirt', 'Uniforme y calzado industrial', 'uniforme-y-calzado-industrial', true, '2025-09-25 20:00:40', '2025-09-25 20:00:40');
INSERT INTO public.amenities VALUES (64, 'fas fa-book-reader', 'DESPACHO PROFESIONAL DE SERVICIOS DE ASESORAMIENTO', 'despacho-profesional-de-servicios-de-asesoramiento', true, '2025-10-14 23:13:31', '2025-10-14 23:13:31');
INSERT INTO public.amenities VALUES (65, 'fas fa-book-open', 'GESTIÓN Y LEGALES', 'gestion-y-legales', true, '2025-10-14 23:15:40', '2025-10-14 23:15:40');
INSERT INTO public.amenities VALUES (66, 'fas fa-gas-pump', 'PARA TODAS LAS EMPRESAS PRIVADAS EN EL SECTOR ENERGÍA EN MÉXICO', 'para-todas-las-empresas-privadas-en-el-sector-energia-en-mexico', true, '2025-10-14 23:16:11', '2025-10-14 23:16:11');
INSERT INTO public.amenities VALUES (67, 'fas fa-file-contract', 'Póliza de Expendio al público', 'poliza-de-expendio-al-publico', true, '2025-11-03 17:09:00', '2025-11-03 17:09:00');
INSERT INTO public.amenities VALUES (68, 'fas fa-file-contract', 'Póliza de Distribuidora', 'poliza-de-distribuidora', true, '2025-11-03 17:09:20', '2025-11-03 17:09:20');
INSERT INTO public.amenities VALUES (69, 'fas fa-gas-pump', 'Regulación de Transporte de Hidrocarburos', 'regulacion-de-transporte-de-hidrocarburos', true, '2025-11-03 17:09:38', '2025-11-03 17:09:38');
INSERT INTO public.amenities VALUES (70, 'fas fa-file-contract', 'Póliza de  Comercializadora', 'poliza-de-comercializadora', true, '2025-11-03 17:09:59', '2025-11-03 17:09:59');
INSERT INTO public.amenities VALUES (71, 'fas fa-gas-pump', 'Regulación para el  Autoconsumo de Diésel', 'regulacion-para-el-autoconsumo-de-diesel', true, '2025-11-03 17:10:34', '2025-11-03 17:10:34');
INSERT INTO public.amenities VALUES (72, 'fab fa-meetup', 'Membresía Webinars', 'membresia-webinars', true, '2025-11-03 17:11:02', '2025-11-03 17:11:02');
INSERT INTO public.amenities VALUES (73, 'fas fa-id-card-alt', 'Cédula de  Operación Anual  (COA)', 'cedula-de-operacion-anual-coa', true, '2025-11-03 17:11:20', '2025-11-03 17:11:20');
INSERT INTO public.amenities VALUES (74, 'fas fa-users-cog', 'Auditorias', 'auditorias', true, '2025-11-03 17:11:38', '2025-11-03 17:11:38');
INSERT INTO public.amenities VALUES (75, 'fas fa-lightbulb', 'Venta de Iluminación Led y Microled', 'venta-de-iluminacion-led-y-microled', true, '2025-11-06 22:47:48', '2025-11-06 22:47:48');
INSERT INTO public.amenities VALUES (76, 'far fa-lightbulb', 'instalación de luminarias', 'instalacion-de-luminarias', true, '2025-11-06 22:48:06', '2025-11-06 22:48:06');
INSERT INTO public.amenities VALUES (77, 'fas fa-traffic-light', 'instalación eléctrica', 'instalacion-electrica', true, '2025-11-06 22:48:23', '2025-11-06 22:48:23');
INSERT INTO public.amenities VALUES (78, 'fas fa-highlighter', 'Estudios lumínicos', 'estudios-luminicos', true, '2025-11-06 22:48:38', '2025-11-06 22:48:38');
INSERT INTO public.amenities VALUES (79, 'far fa-building', 'CONSTRUCCIÓN', 'construccion', true, '2025-11-06 23:02:23', '2025-11-06 23:02:23');
INSERT INTO public.amenities VALUES (80, 'fab fa-simplybuilt', 'PROYECTOS EJECUTIVOS', 'proyectos-ejecutivos', true, '2025-11-06 23:02:41', '2025-11-06 23:02:41');
INSERT INTO public.amenities VALUES (81, 'fas fa-user-friends', 'SUPERVISIÓN', 'supervision', true, '2025-11-06 23:02:58', '2025-11-06 23:03:11');
INSERT INTO public.amenities VALUES (82, 'fas fa-file-signature', 'TRAMITOLOGÍA', 'tramitologia', true, '2025-11-06 23:03:38', '2025-11-06 23:03:38');
INSERT INTO public.amenities VALUES (83, 'fas fa-file-contract', 'ELABORACIÓN DE ESTUDIOS', 'elaboracion-de-estudios', true, '2025-11-06 23:04:20', '2025-11-06 23:04:20');
INSERT INTO public.amenities VALUES (84, 'fas fa-apple-alt', 'Amplia gama de productos de consumo (alimentos, bebidas, abarrotes, etc.),', 'amplia-gama-de-productos-de-consumo-alimentos-bebidas-abarrotes-etc', true, '2025-11-24 16:50:19', '2025-11-24 16:50:19');
INSERT INTO public.amenities VALUES (85, 'fas fa-broadcast-tower', 'Venta de tiempo aire y datos', 'venta-de-tiempo-aire-y-datos', true, '2025-11-24 16:52:08', '2025-11-24 16:52:08');
INSERT INTO public.amenities VALUES (86, 'fas fa-lightbulb', 'Pagos de servicios (luz, agua, teléfono, etc.)', 'pagos-de-servicios-luz-agua-telefono-etc', true, '2025-11-24 16:52:29', '2025-11-24 16:52:29');
INSERT INTO public.amenities VALUES (87, 'fas fa-credit-card', 'Servicios financieros (depósitos en efectivo, pagos de tarjetas de crédito, retiros de efectivo)', 'servicios-financieros-depositos-en-efectivo-pagos-de-tarjetas-de-credito-retiros-de-efectivo', true, '2025-11-24 16:52:53', '2025-11-24 16:52:53');
INSERT INTO public.amenities VALUES (88, 'fas fa-gift', 'Venta de tarjetas de regalo y pines electrónicos', 'venta-de-tarjetas-de-regalo-y-pines-electronicos', true, '2025-11-24 16:53:14', '2025-11-24 16:53:14');
INSERT INTO public.amenities VALUES (89, 'fas fa-gas-pump', 'Diseño y construcción de instalaciones para hidrocarburos (terminales, tanques, “skids”, etc.)', 'diseno-y-construccion-de-instalaciones-para-hidrocarburos-terminales-tanques-skids-etc', true, '2025-11-24 17:17:58', '2025-11-24 17:17:58');
INSERT INTO public.amenities VALUES (90, 'far fa-sun', 'Mantenimiento de plantas (eléctrico, medición, limpieza de tanques, vaporizado).', 'mantenimiento-de-plantas-electrico-medicion-limpieza-de-tanques-vaporizado', true, '2025-11-24 17:21:01', '2025-11-24 17:21:01');
INSERT INTO public.amenities VALUES (91, 'fas fa-fill-drip', 'Laboratorio de calibración (volumétrica, nivel, cubicación de tanques, tanques  móviles)', 'laboratorio-de-calibracion-volumetrica-nivel-cubicacion-de-tanques-tanques-moviles', true, '2025-11-24 17:27:05', '2025-11-24 17:27:05');
INSERT INTO public.amenities VALUES (92, 'fas fa-truck-moving', 'Transporte de combustibles con flota especializada (camiones cisterna con GPS, videovigilancia, tanques calibrados NICE)', 'transporte-de-combustibles-con-flota-especializada-camiones-cisterna-con-gps-videovigilancia-tanques-calibrados-nice', true, '2025-11-24 17:27:47', '2025-11-24 17:27:47');
INSERT INTO public.amenities VALUES (93, 'fas fa-user-graduate', 'Alta ingeniería (ingeniería básica, piping, electromecánica, “llave en mano”)', 'alta-ingenieria-ingenieria-basica-piping-electromecanica-llave-en-mano', true, '2025-11-24 17:28:42', '2025-11-24 17:28:42');
INSERT INTO public.amenities VALUES (94, 'fas fa-ad', 'Ads Digitales', 'ads-digitales', true, '2025-12-10 17:08:49', '2025-12-10 17:08:49');
INSERT INTO public.amenities VALUES (95, 'fas fa-laptop-code', 'Identidad visual', 'identidad-visual', true, '2025-12-10 17:14:02', '2025-12-10 17:14:02');
INSERT INTO public.amenities VALUES (96, 'fas fa-code', 'Diseño web', 'diseno-web', true, '2025-12-10 17:14:29', '2025-12-10 17:14:29');
INSERT INTO public.amenities VALUES (97, 'fas fa-comments', 'Comunicación', 'comunicacion', true, '2025-12-10 17:14:51', '2025-12-10 17:14:51');
INSERT INTO public.amenities VALUES (98, 'fas fa-diagnoses', 'Eventos', 'eventos', true, '2025-12-10 17:15:22', '2025-12-10 17:15:22');
INSERT INTO public.amenities VALUES (99, 'fas fa-bullhorn', 'Publicidad', 'publicidad', true, '2025-12-10 17:16:44', '2025-12-10 17:16:44');
INSERT INTO public.amenities VALUES (100, 'fas fa-images', 'Diseño gráfico', 'diseno-grafico', true, '2025-12-10 17:21:32', '2025-12-10 17:21:32');
INSERT INTO public.amenities VALUES (101, 'fas fa-code', 'Desarrollo de Sistemas Empresariales a Medida', 'desarrollo-de-sistemas-empresariales-a-medida', true, '2026-01-10 18:20:41', '2026-01-10 18:20:41');


--
-- Data for Name: blogs; Type: TABLE DATA; Schema: public; Owner: -
--

INSERT INTO public.blogs VALUES (1, '/uploads/media_655f0729234fc.jpg', 1, 1, 0, 'Wanderlust Chronicles: Exploring the World One City at a Time', 'wanderlust-chronicles-exploring-the-world-one-city-at-a-time', '<p><span style=\"color: rgb(124, 116, 116); font-family: &quot;Nunito Sans&quot;, sans-serif; font-size: 15px; font-style: normal; font-variant-ligatures: normal; font-variant-caps: normal; font-weight: 400; letter-spacing: normal; orphans: 2; text-align: start; text-indent: 0px; text-transform: none; widows: 2; word-spacing: 0px; -webkit-text-stroke-width: 0px; white-space: normal; background-color: rgb(255, 255, 255); text-decoration-thickness: initial; text-decoration-style: initial; text-decoration-color: initial; display: inline !important; float: none;\">Lorem ipsum dolor sit amet, qui assum oblique praesent te. Quo ei erant essent scaevola, est ut clita dolorem, ei est mazim fuisset scribentur. Mel ut decore salutandi intellegam. Labitur epicurei vis cu, in mei rationibus consequuntur. Duo eu modus periculis, inermis detracto expetendis ius eu. Mel ludus viderer noluisse cu, te virtute constituam vix, et eos justo mucius salutatus. Nam illum dicant laudem no.</span><span style=\"box-sizing: border-box; margin: 25px 0px 0px; padding: 0px; font-size: 16px; font-weight: 400; color: rgb(124, 116, 116); display: block; font-family: &quot;Nunito Sans&quot;, sans-serif; font-style: normal; font-variant-ligatures: normal; font-variant-caps: normal; letter-spacing: normal; orphans: 2; text-align: start; text-indent: 0px; text-transform: none; widows: 2; word-spacing: 0px; -webkit-text-stroke-width: 0px; white-space: normal; background-color: rgb(255, 255, 255); text-decoration-thickness: initial; text-decoration-style: initial; text-decoration-color: initial;\">Lorem ipsum dolor sit amet, qui assum oblique praesent te. Quo ei erant essent scaevola, est ut clita dolorem, ei est mazim fuisset scribentur. Mel ut decore salutandi intellegam. Labitur epicurei vis cu, in mei rationibus consequuntur. Duo eu modus periculis, inermis detracto expetendis ius eu. Mel ludus viderer noluisse cu, te virtute constituam vix, et eos justo mucius salutatus. Nam illum dicant laudem no..</span><span style=\"box-sizing: border-box; margin: 25px 0px 0px; padding: 0px; font-size: 16px; font-weight: 400; color: rgb(124, 116, 116); display: block; font-family: &quot;Nunito Sans&quot;, sans-serif; font-style: normal; font-variant-ligatures: normal; font-variant-caps: normal; letter-spacing: normal; orphans: 2; text-align: start; text-indent: 0px; text-transform: none; widows: 2; word-spacing: 0px; -webkit-text-stroke-width: 0px; white-space: normal; background-color: rgb(255, 255, 255); text-decoration-thickness: initial; text-decoration-style: initial; text-decoration-color: initial;\">Lorem ipsum dolor sit amet, qui assum oblique praesent te. Quo ei erant essent scaevola, est ut clita dolorem, ei est mazim fuisset scribentur. Mel ut decore salutandi intellegam. Labitur epicurei vis cu, in mei rationibus consequuntur. Duo eu modus periculis, inermis detracto expetendis ius eu. Mel ludus viderer noluisse cu, te virtute constituam vix, et eos justo mucius salutatus. Nam illum dicant laudem no..</span></p><p><span style=\"color: rgb(124, 116, 116); font-family: &quot;Nunito Sans&quot;, sans-serif; font-size: 15px; font-style: normal; font-variant-ligatures: normal; font-variant-caps: normal; font-weight: 400; letter-spacing: normal; orphans: 2; text-align: start; text-indent: 0px; text-transform: none; widows: 2; word-spacing: 0px; -webkit-text-stroke-width: 0px; white-space: normal; background-color: rgb(255, 255, 255); text-decoration-thickness: initial; text-decoration-style: initial; text-decoration-color: initial; display: inline !important; float: none;\">Lorem ipsum dolor sit amet, qui assum oblique praesent te. Quo ei erant essent scaevola, est ut clita dolorem, ei est mazim fuisset scribentur. Mel ut decore salutandi intellegam. Labitur epicurei vis cu, in mei rationibus consequuntur. Duo eu modus periculis, inermis detracto expetendis ius eu. Mel ludus viderer noluisse cu, te virtute constituam vix, et eos justo mucius salutatus. Nam illum dicant laudem no.</span><span style=\"box-sizing: border-box; margin: 25px 0px 0px; padding: 0px; font-size: 16px; font-weight: 400; color: rgb(124, 116, 116); display: block; font-family: &quot;Nunito Sans&quot;, sans-serif; font-style: normal; font-variant-ligatures: normal; font-variant-caps: normal; letter-spacing: normal; orphans: 2; text-align: start; text-indent: 0px; text-transform: none; widows: 2; word-spacing: 0px; -webkit-text-stroke-width: 0px; white-space: normal; background-color: rgb(255, 255, 255); text-decoration-thickness: initial; text-decoration-style: initial; text-decoration-color: initial;\">Lorem ipsum dolor sit amet, qui assum oblique praesent te. Quo ei erant essent scaevola, est ut clita dolorem, ei est mazim fuisset scribentur. Mel ut decore salutandi intellegam. Labitur epicurei vis cu, in mei rationibus consequuntur. Duo eu modus periculis, inermis detracto expetendis ius eu. Mel ludus viderer noluisse cu, te virtute constituam vix, et eos justo mucius salutatus. Nam illum dicant laudem no..</span><span style=\"box-sizing: border-box; margin: 25px 0px 0px; padding: 0px; font-size: 16px; font-weight: 400; color: rgb(124, 116, 116); display: block; font-family: &quot;Nunito Sans&quot;, sans-serif; font-style: normal; font-variant-ligatures: normal; font-variant-caps: normal; letter-spacing: normal; orphans: 2; text-align: start; text-indent: 0px; text-transform: none; widows: 2; word-spacing: 0px; -webkit-text-stroke-width: 0px; white-space: normal; background-color: rgb(255, 255, 255); text-decoration-thickness: initial; text-decoration-style: initial; text-decoration-color: initial;\">Lorem ipsum dolor sit amet, qui assum oblique praesent te. Quo ei erant essent scaevola, est ut clita dolorem, ei est mazim fuisset scribentur. Mel ut decore salutandi intellegam. Labitur epicurei vis cu, in mei rationibus consequuntur. Duo eu modus periculis, inermis detracto expetendis ius eu. Mel ludus viderer noluisse cu, te virtute constituam vix, et eos justo mucius salutatus. Nam illum dicant laudem no..</span><span style=\"color: rgb(124, 116, 116); font-family: &quot;Nunito Sans&quot;, sans-serif; font-size: 15px; font-style: normal; font-variant-ligatures: normal; font-variant-caps: normal; font-weight: 400; letter-spacing: normal; orphans: 2; text-align: start; text-indent: 0px; text-transform: none; widows: 2; word-spacing: 0px; -webkit-text-stroke-width: 0px; white-space: normal; background-color: rgb(255, 255, 255); text-decoration-thickness: initial; text-decoration-style: initial; text-decoration-color: initial; display: inline !important; float: none;\">Lorem ipsum dolor sit amet, qui assum oblique praesent te. Quo ei erant essent scaevola, est ut clita dolorem, ei est mazim fuisset scribentur. Mel ut decore salutandi intellegam. Labitur epicurei vis cu, in mei rationibus consequuntur. Duo eu modus periculis, inermis detracto expetendis ius eu. Mel ludus viderer noluisse cu, te virtute constituam vix, et eos justo mucius salutatus. Nam illum dicant laudem no.</span><span style=\"box-sizing: border-box; margin: 25px 0px 0px; padding: 0px; font-size: 16px; font-weight: 400; color: rgb(124, 116, 116); display: block; font-family: &quot;Nunito Sans&quot;, sans-serif; font-style: normal; font-variant-ligatures: normal; font-variant-caps: normal; letter-spacing: normal; orphans: 2; text-align: start; text-indent: 0px; text-transform: none; widows: 2; word-spacing: 0px; -webkit-text-stroke-width: 0px; white-space: normal; background-color: rgb(255, 255, 255); text-decoration-thickness: initial; text-decoration-style: initial; text-decoration-color: initial;\">Lorem ipsum dolor sit amet, qui assum oblique praesent te. Quo ei erant essent scaevola, est ut clita dolorem, ei est mazim fuisset scribentur. Mel ut decore salutandi intellegam. Labitur epicurei vis cu, in mei rationibus consequuntur. Duo eu modus periculis, inermis detracto expetendis ius eu. Mel ludus viderer noluisse cu, te virtute constituam vix, et eos justo mucius salutatus. Nam illum dicant laudem no..</span><span style=\"box-sizing: border-box; margin: 25px 0px 0px; padding: 0px; font-size: 16px; font-weight: 400; color: rgb(124, 116, 116); display: block; font-family: &quot;Nunito Sans&quot;, sans-serif; font-style: normal; font-variant-ligatures: normal; font-variant-caps: normal; letter-spacing: normal; orphans: 2; text-align: start; text-indent: 0px; text-transform: none; widows: 2; word-spacing: 0px; -webkit-text-stroke-width: 0px; white-space: normal; background-color: rgb(255, 255, 255); text-decoration-thickness: initial; text-decoration-style: initial; text-decoration-color: initial;\">Lorem ipsum dolor sit amet, qui assum oblique praesent te. Quo ei erant essent scaevola, est ut clita dolorem, ei est mazim fuisset scribentur. Mel ut decore salutandi intellegam. Labitur epicurei vis cu, in mei rationibus consequuntur. Duo eu modus periculis, inermis detracto expetendis ius eu. Mel ludus viderer noluisse cu, te virtute constituam vix, et eos justo mucius salutatus. Nam illum dicant laudem no..</span></p>', true, true, '2023-11-23 02:02:49', '2023-11-23 02:02:49');
INSERT INTO public.blogs VALUES (2, '/uploads/media_655f203214409.jpg', 1, 1, 0, 'Adventures Beyond Borders: A Travel Enthusiasts Diary', 'adventures-beyond-borders-a-travel-enthusiasts-diary', '<p><span style=\"color: rgb(124, 116, 116); font-family: &quot;Nunito Sans&quot;, sans-serif; font-size: 15px; font-style: normal; font-variant-ligatures: normal; font-variant-caps: normal; font-weight: 400; letter-spacing: normal; orphans: 2; text-align: start; text-indent: 0px; text-transform: none; widows: 2; word-spacing: 0px; -webkit-text-stroke-width: 0px; white-space: normal; background-color: rgb(255, 255, 255); text-decoration-thickness: initial; text-decoration-style: initial; text-decoration-color: initial; display: inline !important; float: none;\">Lorem ipsum dolor sit amet, qui assum oblique praesent te. Quo ei erant essent scaevola, est ut clita dolorem, ei est mazim fuisset scribentur. Mel ut decore salutandi intellegam. Labitur epicurei vis cu, in mei rationibus consequuntur. Duo eu modus periculis, inermis detracto expetendis ius eu. Mel ludus viderer noluisse cu, te virtute constituam vix, et eos justo mucius salutatus. Nam illum dicant laudem no.</span><span style=\"box-sizing: border-box; margin: 25px 0px 0px; padding: 0px; font-size: 16px; font-weight: 400; color: rgb(124, 116, 116); display: block; font-family: &quot;Nunito Sans&quot;, sans-serif; font-style: normal; font-variant-ligatures: normal; font-variant-caps: normal; letter-spacing: normal; orphans: 2; text-align: start; text-indent: 0px; text-transform: none; widows: 2; word-spacing: 0px; -webkit-text-stroke-width: 0px; white-space: normal; background-color: rgb(255, 255, 255); text-decoration-thickness: initial; text-decoration-style: initial; text-decoration-color: initial;\">Lorem ipsum dolor sit amet, qui assum oblique praesent te. Quo ei erant essent scaevola, est ut clita dolorem, ei est mazim fuisset scribentur. Mel ut decore salutandi intellegam. Labitur epicurei vis cu, in mei rationibus consequuntur. Duo eu modus periculis, inermis detracto expetendis ius eu. Mel ludus viderer noluisse cu, te virtute constituam vix, et eos justo mucius salutatus. Nam illum dicant laudem no..</span><span style=\"box-sizing: border-box; margin: 25px 0px 0px; padding: 0px; font-size: 16px; font-weight: 400; color: rgb(124, 116, 116); display: block; font-family: &quot;Nunito Sans&quot;, sans-serif; font-style: normal; font-variant-ligatures: normal; font-variant-caps: normal; letter-spacing: normal; orphans: 2; text-align: start; text-indent: 0px; text-transform: none; widows: 2; word-spacing: 0px; -webkit-text-stroke-width: 0px; white-space: normal; background-color: rgb(255, 255, 255); text-decoration-thickness: initial; text-decoration-style: initial; text-decoration-color: initial;\">Lorem ipsum dolor sit amet, qui assum oblique praesent te. Quo ei erant essent scaevola, est ut clita dolorem, ei est mazim fuisset scribentur. Mel ut decore salutandi intellegam. Labitur epicurei vis cu, in mei rationibus consequuntur. Duo eu modus periculis, inermis detracto expetendis ius eu. Mel ludus viderer noluisse cu, te virtute constituam vix, et eos justo mucius salutatus. Nam illum dicant laudem no..</span></p><p><span style=\"color: rgb(124, 116, 116); font-family: &quot;Nunito Sans&quot;, sans-serif; font-size: 15px; font-style: normal; font-variant-ligatures: normal; font-variant-caps: normal; font-weight: 400; letter-spacing: normal; orphans: 2; text-align: start; text-indent: 0px; text-transform: none; widows: 2; word-spacing: 0px; -webkit-text-stroke-width: 0px; white-space: normal; background-color: rgb(255, 255, 255); text-decoration-thickness: initial; text-decoration-style: initial; text-decoration-color: initial; display: inline !important; float: none;\">Lorem ipsum dolor sit amet, qui assum oblique praesent te. Quo ei erant essent scaevola, est ut clita dolorem, ei est mazim fuisset scribentur. Mel ut decore salutandi intellegam. Labitur epicurei vis cu, in mei rationibus consequuntur. Duo eu modus periculis, inermis detracto expetendis ius eu. Mel ludus viderer noluisse cu, te virtute constituam vix, et eos justo mucius salutatus. Nam illum dicant laudem no.</span><span style=\"box-sizing: border-box; margin: 25px 0px 0px; padding: 0px; font-size: 16px; font-weight: 400; color: rgb(124, 116, 116); display: block; font-family: &quot;Nunito Sans&quot;, sans-serif; font-style: normal; font-variant-ligatures: normal; font-variant-caps: normal; letter-spacing: normal; orphans: 2; text-align: start; text-indent: 0px; text-transform: none; widows: 2; word-spacing: 0px; -webkit-text-stroke-width: 0px; white-space: normal; background-color: rgb(255, 255, 255); text-decoration-thickness: initial; text-decoration-style: initial; text-decoration-color: initial;\">Lorem ipsum dolor sit amet, qui assum oblique praesent te. Quo ei erant essent scaevola, est ut clita dolorem, ei est mazim fuisset scribentur. Mel ut decore salutandi intellegam. Labitur epicurei vis cu, in mei rationibus consequuntur. Duo eu modus periculis, inermis detracto expetendis ius eu. Mel ludus viderer noluisse cu, te virtute constituam vix, et eos justo mucius salutatus. Nam illum dicant laudem no..</span><span style=\"box-sizing: border-box; margin: 25px 0px 0px; padding: 0px; font-size: 16px; font-weight: 400; color: rgb(124, 116, 116); display: block; font-family: &quot;Nunito Sans&quot;, sans-serif; font-style: normal; font-variant-ligatures: normal; font-variant-caps: normal; letter-spacing: normal; orphans: 2; text-align: start; text-indent: 0px; text-transform: none; widows: 2; word-spacing: 0px; -webkit-text-stroke-width: 0px; white-space: normal; background-color: rgb(255, 255, 255); text-decoration-thickness: initial; text-decoration-style: initial; text-decoration-color: initial;\">Lorem ipsum dolor sit amet, qui assum oblique praesent te. Quo ei erant essent scaevola, est ut clita dolorem, ei est mazim fuisset scribentur. Mel ut decore salutandi intellegam. Labitur epicurei vis cu, in mei rationibus consequuntur. Duo eu modus periculis, inermis detracto expetendis ius eu. Mel ludus viderer noluisse cu, te virtute constituam vix, et eos justo mucius salutatus. Nam illum dicant laudem no..</span></p>', true, true, '2023-11-23 03:49:38', '2023-11-23 03:49:38');
INSERT INTO public.blogs VALUES (3, '/uploads/media_655f2055e4163.jpg', 1, 2, 0, 'TechTrends Hub: Unraveling the Latest in Technology', 'techtrends-hub-unraveling-the-latest-in-technology', '<p><span style=\"color: rgb(124, 116, 116); font-family: &quot;Nunito Sans&quot;, sans-serif; font-size: 15px; font-style: normal; font-variant-ligatures: normal; font-variant-caps: normal; font-weight: 400; letter-spacing: normal; orphans: 2; text-align: start; text-indent: 0px; text-transform: none; widows: 2; word-spacing: 0px; -webkit-text-stroke-width: 0px; white-space: normal; background-color: rgb(255, 255, 255); text-decoration-thickness: initial; text-decoration-style: initial; text-decoration-color: initial; display: inline !important; float: none;\">Lorem ipsum dolor sit amet, qui assum oblique praesent te. Quo ei erant essent scaevola, est ut clita dolorem, ei est mazim fuisset scribentur. Mel ut decore salutandi intellegam. Labitur epicurei vis cu, in mei rationibus consequuntur. Duo eu modus periculis, inermis detracto expetendis ius eu. Mel ludus viderer noluisse cu, te virtute constituam vix, et eos justo mucius salutatus. Nam illum dicant laudem no.</span><span style=\"box-sizing: border-box; margin: 25px 0px 0px; padding: 0px; font-size: 16px; font-weight: 400; color: rgb(124, 116, 116); display: block; font-family: &quot;Nunito Sans&quot;, sans-serif; font-style: normal; font-variant-ligatures: normal; font-variant-caps: normal; letter-spacing: normal; orphans: 2; text-align: start; text-indent: 0px; text-transform: none; widows: 2; word-spacing: 0px; -webkit-text-stroke-width: 0px; white-space: normal; background-color: rgb(255, 255, 255); text-decoration-thickness: initial; text-decoration-style: initial; text-decoration-color: initial;\">Lorem ipsum dolor sit amet, qui assum oblique praesent te. Quo ei erant essent scaevola, est ut clita dolorem, ei est mazim fuisset scribentur. Mel ut decore salutandi intellegam. Labitur epicurei vis cu, in mei rationibus consequuntur. Duo eu modus periculis, inermis detracto expetendis ius eu. Mel ludus viderer noluisse cu, te virtute constituam vix, et eos justo mucius salutatus. Nam illum dicant laudem no..</span><span style=\"box-sizing: border-box; margin: 25px 0px 0px; padding: 0px; font-size: 16px; font-weight: 400; color: rgb(124, 116, 116); display: block; font-family: &quot;Nunito Sans&quot;, sans-serif; font-style: normal; font-variant-ligatures: normal; font-variant-caps: normal; letter-spacing: normal; orphans: 2; text-align: start; text-indent: 0px; text-transform: none; widows: 2; word-spacing: 0px; -webkit-text-stroke-width: 0px; white-space: normal; background-color: rgb(255, 255, 255); text-decoration-thickness: initial; text-decoration-style: initial; text-decoration-color: initial;\">Lorem ipsum dolor sit amet, qui assum oblique praesent te. Quo ei erant essent scaevola, est ut clita dolorem, ei est mazim fuisset scribentur. Mel ut decore salutandi intellegam. Labitur epicurei vis cu, in mei rationibus consequuntur. Duo eu modus periculis, inermis detracto expetendis ius eu. Mel ludus viderer noluisse cu, te virtute constituam vix, et eos justo mucius salutatus. Nam illum dicant laudem no..<br></span><span style=\"color: rgb(124, 116, 116); font-family: &quot;Nunito Sans&quot;, sans-serif; font-size: 15px; font-style: normal; font-variant-ligatures: normal; font-variant-caps: normal; font-weight: 400; letter-spacing: normal; orphans: 2; text-align: start; text-indent: 0px; text-transform: none; widows: 2; word-spacing: 0px; -webkit-text-stroke-width: 0px; white-space: normal; background-color: rgb(255, 255, 255); text-decoration-thickness: initial; text-decoration-style: initial; text-decoration-color: initial; display: inline !important; float: none;\">Lorem ipsum dolor sit amet, qui assum oblique praesent te. Quo ei erant essent scaevola, est ut clita dolorem, ei est mazim fuisset scribentur. Mel ut decore salutandi intellegam. Labitur epicurei vis cu, in mei rationibus consequuntur. Duo eu modus periculis, inermis detracto expetendis ius eu. Mel ludus viderer noluisse cu, te virtute constituam vix, et eos justo mucius salutatus. Nam illum dicant laudem no.</span><span style=\"box-sizing: border-box; margin: 25px 0px 0px; padding: 0px; font-size: 16px; font-weight: 400; color: rgb(124, 116, 116); display: block; font-family: &quot;Nunito Sans&quot;, sans-serif; font-style: normal; font-variant-ligatures: normal; font-variant-caps: normal; letter-spacing: normal; orphans: 2; text-align: start; text-indent: 0px; text-transform: none; widows: 2; word-spacing: 0px; -webkit-text-stroke-width: 0px; white-space: normal; background-color: rgb(255, 255, 255); text-decoration-thickness: initial; text-decoration-style: initial; text-decoration-color: initial;\">Lorem ipsum dolor sit amet, qui assum oblique praesent te. Quo ei erant essent scaevola, est ut clita dolorem, ei est mazim fuisset scribentur. Mel ut decore salutandi intellegam. Labitur epicurei vis cu, in mei rationibus consequuntur. Duo eu modus periculis, inermis detracto expetendis ius eu. Mel ludus viderer noluisse cu, te virtute constituam vix, et eos justo mucius salutatus. Nam illum dicant laudem no..</span><span style=\"box-sizing: border-box; margin: 25px 0px 0px; padding: 0px; font-size: 16px; font-weight: 400; color: rgb(124, 116, 116); display: block; font-family: &quot;Nunito Sans&quot;, sans-serif; font-style: normal; font-variant-ligatures: normal; font-variant-caps: normal; letter-spacing: normal; orphans: 2; text-align: start; text-indent: 0px; text-transform: none; widows: 2; word-spacing: 0px; -webkit-text-stroke-width: 0px; white-space: normal; background-color: rgb(255, 255, 255); text-decoration-thickness: initial; text-decoration-style: initial; text-decoration-color: initial;\">Lorem ipsum dolor sit amet, qui assum oblique praesent te. Quo ei erant essent scaevola, est ut clita dolorem, ei est mazim fuisset scribentur. Mel ut decore salutandi intellegam. Labitur epicurei vis cu, in mei rationibus consequuntur. Duo eu modus periculis, inermis detracto expetendis ius eu. Mel ludus viderer noluisse cu, te virtute constituam vix, et eos justo mucius salutatus. Nam illum dicant laudem no..</span></p>', true, true, '2023-11-23 03:50:13', '2023-11-23 03:50:13');
INSERT INTO public.blogs VALUES (4, '/uploads/media_655f208e2af28.jpg', 1, 3, 0, 'Gadget Guru: Your Guide to the Coolest Tech Innovations', 'gadget-guru-your-guide-to-the-coolest-tech-innovations', '<p><span style=\"color: rgb(124, 116, 116); font-family: &quot;Nunito Sans&quot;, sans-serif; font-size: 15px; font-style: normal; font-variant-ligatures: normal; font-variant-caps: normal; font-weight: 400; letter-spacing: normal; orphans: 2; text-align: start; text-indent: 0px; text-transform: none; widows: 2; word-spacing: 0px; -webkit-text-stroke-width: 0px; white-space: normal; background-color: rgb(255, 255, 255); text-decoration-thickness: initial; text-decoration-style: initial; text-decoration-color: initial; display: inline !important; float: none;\">Lorem ipsum dolor sit amet, qui assum oblique praesent te. Quo ei erant essent scaevola, est ut clita dolorem, ei est mazim fuisset scribentur. Mel ut decore salutandi intellegam. Labitur epicurei vis cu, in mei rationibus consequuntur. Duo eu modus periculis, inermis detracto expetendis ius eu. Mel ludus viderer noluisse cu, te virtute constituam vix, et eos justo mucius salutatus. Nam illum dicant laudem no.</span><span style=\"box-sizing: border-box; margin: 25px 0px 0px; padding: 0px; font-size: 16px; font-weight: 400; color: rgb(124, 116, 116); display: block; font-family: &quot;Nunito Sans&quot;, sans-serif; font-style: normal; font-variant-ligatures: normal; font-variant-caps: normal; letter-spacing: normal; orphans: 2; text-align: start; text-indent: 0px; text-transform: none; widows: 2; word-spacing: 0px; -webkit-text-stroke-width: 0px; white-space: normal; background-color: rgb(255, 255, 255); text-decoration-thickness: initial; text-decoration-style: initial; text-decoration-color: initial;\">Lorem ipsum dolor sit amet, qui assum oblique praesent te. Quo ei erant essent scaevola, est ut clita dolorem, ei est mazim fuisset scribentur. Mel ut decore salutandi intellegam. Labitur epicurei vis cu, in mei rationibus consequuntur. Duo eu modus periculis, inermis detracto expetendis ius eu. Mel ludus viderer noluisse cu, te virtute constituam vix, et eos justo mucius salutatus. Nam illum dicant laudem no..</span><span style=\"box-sizing: border-box; margin: 25px 0px 0px; padding: 0px; font-size: 16px; font-weight: 400; color: rgb(124, 116, 116); display: block; font-family: &quot;Nunito Sans&quot;, sans-serif; font-style: normal; font-variant-ligatures: normal; font-variant-caps: normal; letter-spacing: normal; orphans: 2; text-align: start; text-indent: 0px; text-transform: none; widows: 2; word-spacing: 0px; -webkit-text-stroke-width: 0px; white-space: normal; background-color: rgb(255, 255, 255); text-decoration-thickness: initial; text-decoration-style: initial; text-decoration-color: initial;\">Lorem ipsum dolor sit amet, qui assum oblique praesent te. Quo ei erant essent scaevola, est ut clita dolorem, ei est mazim fuisset scribentur. Mel ut decore salutandi intellegam. Labitur epicurei vis cu, in mei rationibus consequuntur. Duo eu modus periculis, inermis detracto expetendis ius eu. Mel ludus viderer noluisse cu, te virtute constituam vix, et eos justo mucius salutatus. Nam illum dicant laudem no..<br></span><span style=\"color: rgb(124, 116, 116); font-family: &quot;Nunito Sans&quot;, sans-serif; font-size: 15px; font-style: normal; font-variant-ligatures: normal; font-variant-caps: normal; font-weight: 400; letter-spacing: normal; orphans: 2; text-align: start; text-indent: 0px; text-transform: none; widows: 2; word-spacing: 0px; -webkit-text-stroke-width: 0px; white-space: normal; background-color: rgb(255, 255, 255); text-decoration-thickness: initial; text-decoration-style: initial; text-decoration-color: initial; display: inline !important; float: none;\">Lorem ipsum dolor sit amet, qui assum oblique praesent te. Quo ei erant essent scaevola, est ut clita dolorem, ei est mazim fuisset scribentur. Mel ut decore salutandi intellegam. Labitur epicurei vis cu, in mei rationibus consequuntur. Duo eu modus periculis, inermis detracto expetendis ius eu. Mel ludus viderer noluisse cu, te virtute constituam vix, et eos justo mucius salutatus. Nam illum dicant laudem no.</span><span style=\"box-sizing: border-box; margin: 25px 0px 0px; padding: 0px; font-size: 16px; font-weight: 400; color: rgb(124, 116, 116); display: block; font-family: &quot;Nunito Sans&quot;, sans-serif; font-style: normal; font-variant-ligatures: normal; font-variant-caps: normal; letter-spacing: normal; orphans: 2; text-align: start; text-indent: 0px; text-transform: none; widows: 2; word-spacing: 0px; -webkit-text-stroke-width: 0px; white-space: normal; background-color: rgb(255, 255, 255); text-decoration-thickness: initial; text-decoration-style: initial; text-decoration-color: initial;\">Lorem ipsum dolor sit amet, qui assum oblique praesent te. Quo ei erant essent scaevola, est ut clita dolorem, ei est mazim fuisset scribentur. Mel ut decore salutandi intellegam. Labitur epicurei vis cu, in mei rationibus consequuntur. Duo eu modus periculis, inermis detracto expetendis ius eu. Mel ludus viderer noluisse cu, te virtute constituam vix, et eos justo mucius salutatus. Nam illum dicant laudem no..</span><span style=\"box-sizing: border-box; margin: 25px 0px 0px; padding: 0px; font-size: 16px; font-weight: 400; color: rgb(124, 116, 116); display: block; font-family: &quot;Nunito Sans&quot;, sans-serif; font-style: normal; font-variant-ligatures: normal; font-variant-caps: normal; letter-spacing: normal; orphans: 2; text-align: start; text-indent: 0px; text-transform: none; widows: 2; word-spacing: 0px; -webkit-text-stroke-width: 0px; white-space: normal; background-color: rgb(255, 255, 255); text-decoration-thickness: initial; text-decoration-style: initial; text-decoration-color: initial;\">Lorem ipsum dolor sit amet, qui assum oblique praesent te. Quo ei erant essent scaevola, est ut clita dolorem, ei est mazim fuisset scribentur. Mel ut decore salutandi intellegam. Labitur epicurei vis cu, in mei rationibus consequuntur. Duo eu modus periculis, inermis detracto expetendis ius eu. Mel ludus viderer noluisse cu, te virtute constituam vix, et eos justo mucius salutatus. Nam illum dicant laudem no..</span></p>', true, true, '2023-11-23 03:51:10', '2023-11-23 03:51:10');


--
-- Data for Name: categories; Type: TABLE DATA; Schema: public; Owner: -
--

INSERT INTO public.categories VALUES (1, 'Sustentabilidad', 'sustentabilidad', '/uploads/media_683b5906d41d8.png', '/uploads/media_6841c676db8e5.png', true, true, '2023-11-22 10:35:50', '2025-06-05 22:31:50');
INSERT INTO public.categories VALUES (2, 'Material gráfico', 'material-grafico', '/uploads/media_683b5cafa5572.png', '/uploads/media_6841c6897eb5f.png', true, true, '2023-11-22 10:36:22', '2025-06-05 22:32:09');
INSERT INTO public.categories VALUES (3, 'Hidrocarburos', 'hidrocarburos', '/uploads/media_6841c6f0ce151.png', '/uploads/media_6841c6f0ce5b5.png', true, true, '2023-11-22 10:36:59', '2025-06-05 22:33:52');
INSERT INTO public.categories VALUES (4, 'Energético', 'energetico', '/uploads/media_688d573c70587.png', '/uploads/media_688d573c707e3.png', true, true, '2025-08-02 00:09:32', '2025-08-02 00:09:32');
INSERT INTO public.categories VALUES (5, 'Desarrollo Humano', 'desarrollo-humano', '/uploads/media_688d5bd89d5a1.png', '/uploads/media_688d5bd89d8f3.png', true, true, '2025-08-02 00:29:12', '2025-08-02 00:29:12');
INSERT INTO public.categories VALUES (6, 'Finanzas', 'finanzas', '/uploads/media_68b9d8c8cb57e.png', '/uploads/media_68b9d8c8cb5e9.png', true, true, '2025-09-04 18:22:00', '2025-09-04 18:22:00');
INSERT INTO public.categories VALUES (7, 'Industrial', 'industrial', '/uploads/media_68d5a0e55febc.png', '/uploads/media_68d5a0e55ff2c.png', true, true, '2025-09-25 20:07:01', '2025-09-25 20:07:01');
INSERT INTO public.categories VALUES (8, 'Marketing', 'marketing', '/uploads/media_6939a60933433.png', '/uploads/media_6939a609335a5.jpg', true, true, '2025-12-10 16:55:37', '2025-12-10 16:55:37');


--
-- Data for Name: contacts; Type: TABLE DATA; Schema: public; Owner: -
--

INSERT INTO public.contacts VALUES (1, '(800) 00MAOSA', 'ventas@maosa.com.mx', 'Centro Capital, Torre 2 Av. Tres Marías 455 Piso 11 Desarrollo Tres Marías Morelia, Michoacán | 58254', '<iframe src="https://www.google.com/maps/embed?pb=!1m18!1m12!1m3!1d3756.2225916021875!2d-101.11915687306815!3d19.703145231634785!2m3!1f0!2f0!3f0!3m2!1i1024!2i768!4f13.1!3m3!1m2!1s0x842d1181efdec881%3A0xe73e26421b66c83d!2sCentro%20Capital%203M!5e0!3m2!1ses-419!2smx!4v1749573221254!5m2!1ses-419!2smx" width="100%" height="450" style="border:0;" allowfullscreen="" loading="lazy" referrerpolicy="no-referrer-when-downgrade"></iframe>', '2023-11-23 04:03:55', '2025-06-20 01:25:13');


--
-- Data for Name: default_price_legends; Type: TABLE DATA; Schema: public; Owner: -
--

INSERT INTO public.default_price_legends VALUES (1, 'Vigencia de la oferta hasta las 23:59 horas de la fecha indicada.', 1, 1, '2026-01-06 23:38:38', '2026-01-06 23:38:38');
INSERT INTO public.default_price_legends VALUES (2, 'Todos los costos incluyen IVA. Precio por litro.', 2, 1, '2026-01-06 23:38:38', '2026-01-06 23:38:38');
INSERT INTO public.default_price_legends VALUES (3, 'Producto sujeto a disponibilidad de la terminal.', 3, 1, '2026-01-06 23:38:38', '2026-01-06 23:38:38');
INSERT INTO public.default_price_legends VALUES (4, 'No incluye flete y/o entrega a última milla.', 4, 1, '2026-01-06 23:38:38', '2026-01-06 23:38:38');


--
-- Data for Name: failed_jobs; Type: TABLE DATA; Schema: public; Owner: -
--



--
-- Data for Name: footer_infos; Type: TABLE DATA; Schema: public; Owner: -
--

INSERT INTO public.footer_infos VALUES (1, 'In publishing and graphic designLorem Ipsum dummy and typesetting Degital Marketeing. has been the industrys standard dummy text ever since.', 'Centro Capital, Torre 2 Av. Tres Marías 455 Piso 11 Desarrollo Tres Marías Morelia, Michoacán | 58254', 'ventas@maosa.com.mx', '(800) 00MAOSA', '© 2025 BullUp. Todos los derechos reservados', '2023-11-23 04:08:00', '2025-06-20 01:26:16');


--
-- Data for Name: fuel_terminals; Type: TABLE DATA; Schema: public; Owner: -
--

INSERT INTO public.fuel_terminals VALUES (1, 'Valero Veracruz', 'RDP', true, '2026-01-08 20:09:32', '2026-01-08 20:09:32');
INSERT INTO public.fuel_terminals VALUES (2, 'Valero Puebla', 'RDP', true, '2026-01-08 22:18:17', '2026-01-08 22:18:17');
INSERT INTO public.fuel_terminals VALUES (3, 'Valero Silos Tysa', 'ZM', true, '2026-01-08 22:20:54', '2026-01-08 22:20:54');
INSERT INTO public.fuel_terminals VALUES (4, 'Glencore Monterra', 'ZM', true, '2026-01-08 22:21:41', '2026-01-08 22:21:41');
INSERT INTO public.fuel_terminals VALUES (5, 'shell MAOSA', NULL, true, '2026-01-08 22:22:29', '2026-01-09 23:01:15');
INSERT INTO public.fuel_terminals VALUES (6, 'Valero Tizayuca', 'RDP', true, '2026-01-09 22:49:16', '2026-01-09 22:49:16');
INSERT INTO public.fuel_terminals VALUES (7, 'Valero Tizayuca', 'ZM', true, '2026-01-09 22:49:51', '2026-01-09 22:49:51');
INSERT INTO public.fuel_terminals VALUES (8, 'Glencore Dos Bocas', 'RDP', true, '2026-01-09 22:50:16', '2026-01-09 22:50:16');
INSERT INTO public.fuel_terminals VALUES (9, 'Glencore Monterra', 'ZM', true, '2026-01-09 22:50:33', '2026-01-09 22:50:33');
INSERT INTO public.fuel_terminals VALUES (10, 'Altamira', 'RDP', true, '2026-01-09 22:50:50', '2026-01-09 22:50:50');
INSERT INTO public.fuel_terminals VALUES (11, 'Altamira', 'ZM', true, '2026-01-09 22:51:02', '2026-01-09 22:51:02');
INSERT INTO public.fuel_terminals VALUES (12, 'Nvo. Laredo 8%', NULL, true, '2026-01-09 22:51:32', '2026-01-09 22:51:32');
INSERT INTO public.fuel_terminals VALUES (13, 'Nvo. Laredo 16%', NULL, true, '2026-01-09 22:51:39', '2026-01-09 22:51:39');
INSERT INTO public.fuel_terminals VALUES (14, 'Valero Silos Tysa', 'RDP', true, '2026-01-09 22:52:32', '2026-01-09 22:52:32');
INSERT INTO public.fuel_terminals VALUES (15, 'shell MAOSA', 'RT', true, '2026-01-14 05:08:35', '2026-01-14 05:08:35');


--
-- Data for Name: heroes; Type: TABLE DATA; Schema: public; Owner: -
--

INSERT INTO public.heroes VALUES (1, 'private', '/uploads/media_6841c57962c01.png', 'Déjenos ayudarle a encontrar los proveedores que necesita', 'brindándole acceso a opciones confiables que le permitirán alcanzar sus objetivos con mayor facilidad y eficiencia.', '2023-11-22 10:30:54', '2025-08-06 00:39:12', 1);
INSERT INTO public.heroes VALUES (2, 'public', '/uploads/media_6879269a7bc85.jpg', '¡Bienvenido a Maosa Prime!', '<p style="margin-bottom: 15px; color: black; text-align: center">En Maosa pensamos en ti, por eso hemos creado Maosa Prime, una plataformarn exclusiva para nuestros clientes, que te conecta con proveedores confiables para optimizar tu operatividad. Sabemos que tu tiempo es valioso, por eso hemos simplificado todo para ti.</p> <p style="margin-bottom: 15px; color: black; text-align: center">¡ Únete a Maosa Prime !</p>', '2025-07-07 23:33:44', '2026-03-10 22:36:09', 1);


--
-- Data for Name: listing_amenities; Type: TABLE DATA; Schema: public; Owner: -
--

INSERT INTO public.listing_amenities VALUES (1096, 109, 25, '2025-07-14 22:12:06', '2025-07-14 22:12:06');
INSERT INTO public.listing_amenities VALUES (1097, 108, 18, '2025-07-14 22:12:21', '2025-07-14 22:12:21');
INSERT INTO public.listing_amenities VALUES (1098, 108, 19, '2025-07-14 22:12:21', '2025-07-14 22:12:21');
INSERT INTO public.listing_amenities VALUES (1099, 108, 20, '2025-07-14 22:12:21', '2025-07-14 22:12:21');
INSERT INTO public.listing_amenities VALUES (1100, 108, 21, '2025-07-14 22:12:21', '2025-07-14 22:12:21');
INSERT INTO public.listing_amenities VALUES (1101, 108, 22, '2025-07-14 22:12:21', '2025-07-14 22:12:21');
INSERT INTO public.listing_amenities VALUES (1102, 108, 23, '2025-07-14 22:12:21', '2025-07-14 22:12:21');
INSERT INTO public.listing_amenities VALUES (1103, 108, 24, '2025-07-14 22:12:21', '2025-07-14 22:12:21');
INSERT INTO public.listing_amenities VALUES (1111, 106, 1, '2025-07-14 22:12:48', '2025-07-14 22:12:48');
INSERT INTO public.listing_amenities VALUES (1112, 106, 2, '2025-07-14 22:12:48', '2025-07-14 22:12:48');
INSERT INTO public.listing_amenities VALUES (1113, 106, 3, '2025-07-14 22:12:48', '2025-07-14 22:12:48');
INSERT INTO public.listing_amenities VALUES (1114, 107, 10, '2025-07-17 16:41:23', '2025-07-17 16:41:23');
INSERT INTO public.listing_amenities VALUES (1115, 107, 11, '2025-07-17 16:41:23', '2025-07-17 16:41:23');
INSERT INTO public.listing_amenities VALUES (1116, 107, 12, '2025-07-17 16:41:23', '2025-07-17 16:41:23');
INSERT INTO public.listing_amenities VALUES (1117, 107, 14, '2025-07-17 16:41:23', '2025-07-17 16:41:23');
INSERT INTO public.listing_amenities VALUES (1118, 107, 15, '2025-07-17 16:41:23', '2025-07-17 16:41:23');
INSERT INTO public.listing_amenities VALUES (1119, 107, 16, '2025-07-17 16:41:23', '2025-07-17 16:41:23');
INSERT INTO public.listing_amenities VALUES (1120, 107, 17, '2025-07-17 16:41:23', '2025-07-17 16:41:23');
INSERT INTO public.listing_amenities VALUES (1139, 111, 25, '2025-07-17 17:08:36', '2025-07-17 17:08:36');
INSERT INTO public.listing_amenities VALUES (1140, 111, 26, '2025-07-17 17:08:36', '2025-07-17 17:08:36');
INSERT INTO public.listing_amenities VALUES (1141, 111, 27, '2025-07-17 17:08:36', '2025-07-17 17:08:36');
INSERT INTO public.listing_amenities VALUES (1142, 111, 29, '2025-07-17 17:08:36', '2025-07-17 17:08:36');
INSERT INTO public.listing_amenities VALUES (1143, 111, 30, '2025-07-17 17:08:36', '2025-07-17 17:08:36');
INSERT INTO public.listing_amenities VALUES (1144, 111, 31, '2025-07-17 17:08:36', '2025-07-17 17:08:36');
INSERT INTO public.listing_amenities VALUES (1154, 112, 18, '2025-07-21 23:05:12', '2025-07-21 23:05:12');
INSERT INTO public.listing_amenities VALUES (1155, 112, 32, '2025-07-21 23:05:12', '2025-07-21 23:05:12');
INSERT INTO public.listing_amenities VALUES (1156, 112, 33, '2025-07-21 23:05:12', '2025-07-21 23:05:12');
INSERT INTO public.listing_amenities VALUES (1157, 112, 34, '2025-07-21 23:05:12', '2025-07-21 23:05:12');
INSERT INTO public.listing_amenities VALUES (1158, 112, 35, '2025-07-21 23:05:12', '2025-07-21 23:05:12');
INSERT INTO public.listing_amenities VALUES (1159, 112, 36, '2025-07-21 23:05:12', '2025-07-21 23:05:12');
INSERT INTO public.listing_amenities VALUES (1160, 112, 37, '2025-07-21 23:05:12', '2025-07-21 23:05:12');
INSERT INTO public.listing_amenities VALUES (1161, 112, 38, '2025-07-21 23:05:12', '2025-07-21 23:05:12');
INSERT INTO public.listing_amenities VALUES (1185, 113, 39, '2025-07-21 23:36:57', '2025-07-21 23:36:57');
INSERT INTO public.listing_amenities VALUES (1186, 113, 40, '2025-07-21 23:36:57', '2025-07-21 23:36:57');
INSERT INTO public.listing_amenities VALUES (1187, 113, 41, '2025-07-21 23:36:57', '2025-07-21 23:36:57');
INSERT INTO public.listing_amenities VALUES (1188, 113, 42, '2025-07-21 23:36:57', '2025-07-21 23:36:57');
INSERT INTO public.listing_amenities VALUES (1189, 113, 43, '2025-07-21 23:36:57', '2025-07-21 23:36:57');
INSERT INTO public.listing_amenities VALUES (1190, 113, 44, '2025-07-21 23:36:57', '2025-07-21 23:36:57');
INSERT INTO public.listing_amenities VALUES (1191, 113, 45, '2025-07-21 23:36:57', '2025-07-21 23:36:57');
INSERT INTO public.listing_amenities VALUES (1217, 114, 46, '2025-08-02 00:21:15', '2025-08-02 00:21:15');
INSERT INTO public.listing_amenities VALUES (1218, 114, 47, '2025-08-02 00:21:15', '2025-08-02 00:21:15');
INSERT INTO public.listing_amenities VALUES (1219, 114, 48, '2025-08-02 00:21:15', '2025-08-02 00:21:15');
INSERT INTO public.listing_amenities VALUES (1220, 114, 49, '2025-08-02 00:21:15', '2025-08-02 00:21:15');
INSERT INTO public.listing_amenities VALUES (1221, 114, 50, '2025-08-02 00:21:15', '2025-08-02 00:21:15');
INSERT INTO public.listing_amenities VALUES (1224, 115, 51, '2025-08-02 00:38:27', '2025-08-02 00:38:27');
INSERT INTO public.listing_amenities VALUES (1247, 117, 18, '2025-08-16 17:32:45', '2025-08-16 17:32:45');
INSERT INTO public.listing_amenities VALUES (1248, 117, 59, '2025-08-16 17:32:45', '2025-08-16 17:32:45');
INSERT INTO public.listing_amenities VALUES (1249, 116, 52, '2025-08-16 17:33:57', '2025-08-16 17:33:57');
INSERT INTO public.listing_amenities VALUES (1250, 116, 53, '2025-08-16 17:33:57', '2025-08-16 17:33:57');
INSERT INTO public.listing_amenities VALUES (1251, 116, 54, '2025-08-16 17:33:57', '2025-08-16 17:33:57');
INSERT INTO public.listing_amenities VALUES (1252, 116, 55, '2025-08-16 17:33:57', '2025-08-16 17:33:57');
INSERT INTO public.listing_amenities VALUES (1253, 116, 56, '2025-08-16 17:33:57', '2025-08-16 17:33:57');
INSERT INTO public.listing_amenities VALUES (1254, 116, 57, '2025-08-16 17:33:57', '2025-08-16 17:33:57');
INSERT INTO public.listing_amenities VALUES (1255, 116, 58, '2025-08-16 17:33:57', '2025-08-16 17:33:57');
INSERT INTO public.listing_amenities VALUES (1257, 118, 60, '2025-09-04 18:29:45', '2025-09-04 18:29:45');
INSERT INTO public.listing_amenities VALUES (1264, 119, 61, '2025-09-04 18:48:07', '2025-09-04 18:48:07');
INSERT INTO public.listing_amenities VALUES (1265, 119, 62, '2025-09-04 18:48:07', '2025-09-04 18:48:07');
INSERT INTO public.listing_amenities VALUES (1268, 120, 63, '2025-09-25 20:09:10', '2025-09-25 20:09:10');
INSERT INTO public.listing_amenities VALUES (1273, 121, 64, '2025-10-14 23:20:43', '2025-10-14 23:20:43');
INSERT INTO public.listing_amenities VALUES (1274, 121, 65, '2025-10-14 23:20:43', '2025-10-14 23:20:43');
INSERT INTO public.listing_amenities VALUES (1275, 121, 66, '2025-10-14 23:20:43', '2025-10-14 23:20:43');
INSERT INTO public.listing_amenities VALUES (1293, 122, 67, '2025-11-03 20:39:57', '2025-11-03 20:39:57');
INSERT INTO public.listing_amenities VALUES (1294, 122, 68, '2025-11-03 20:39:57', '2025-11-03 20:39:57');
INSERT INTO public.listing_amenities VALUES (1295, 122, 69, '2025-11-03 20:39:57', '2025-11-03 20:39:57');
INSERT INTO public.listing_amenities VALUES (1296, 122, 70, '2025-11-03 20:39:57', '2025-11-03 20:39:57');
INSERT INTO public.listing_amenities VALUES (1297, 122, 71, '2025-11-03 20:39:57', '2025-11-03 20:39:57');
INSERT INTO public.listing_amenities VALUES (1298, 122, 72, '2025-11-03 20:39:57', '2025-11-03 20:39:57');
INSERT INTO public.listing_amenities VALUES (1299, 122, 73, '2025-11-03 20:39:57', '2025-11-03 20:39:57');
INSERT INTO public.listing_amenities VALUES (1300, 122, 74, '2025-11-03 20:39:57', '2025-11-03 20:39:57');
INSERT INTO public.listing_amenities VALUES (1305, 123, 75, '2025-11-06 22:54:30', '2025-11-06 22:54:30');
INSERT INTO public.listing_amenities VALUES (1306, 123, 76, '2025-11-06 22:54:30', '2025-11-06 22:54:30');
INSERT INTO public.listing_amenities VALUES (1307, 123, 77, '2025-11-06 22:54:30', '2025-11-06 22:54:30');
INSERT INTO public.listing_amenities VALUES (1308, 123, 78, '2025-11-06 22:54:30', '2025-11-06 22:54:30');
INSERT INTO public.listing_amenities VALUES (1311, 124, 79, '2025-11-06 23:05:17', '2025-11-06 23:05:17');
INSERT INTO public.listing_amenities VALUES (1312, 124, 80, '2025-11-06 23:05:17', '2025-11-06 23:05:17');
INSERT INTO public.listing_amenities VALUES (1313, 124, 81, '2025-11-06 23:05:17', '2025-11-06 23:05:17');
INSERT INTO public.listing_amenities VALUES (1314, 124, 82, '2025-11-06 23:05:17', '2025-11-06 23:05:17');
INSERT INTO public.listing_amenities VALUES (1315, 124, 83, '2025-11-06 23:05:17', '2025-11-06 23:05:17');
INSERT INTO public.listing_amenities VALUES (1330, 126, 89, '2025-11-24 17:33:53', '2025-11-24 17:33:53');
INSERT INTO public.listing_amenities VALUES (1331, 126, 90, '2025-11-24 17:33:53', '2025-11-24 17:33:53');
INSERT INTO public.listing_amenities VALUES (1332, 126, 91, '2025-11-24 17:33:53', '2025-11-24 17:33:53');
INSERT INTO public.listing_amenities VALUES (1333, 126, 92, '2025-11-24 17:33:53', '2025-11-24 17:33:53');
INSERT INTO public.listing_amenities VALUES (1334, 126, 93, '2025-11-24 17:33:53', '2025-11-24 17:33:53');
INSERT INTO public.listing_amenities VALUES (1335, 127, 94, '2025-12-10 17:26:39', '2025-12-10 17:26:39');
INSERT INTO public.listing_amenities VALUES (1336, 127, 95, '2025-12-10 17:26:39', '2025-12-10 17:26:39');
INSERT INTO public.listing_amenities VALUES (1337, 127, 96, '2025-12-10 17:26:39', '2025-12-10 17:26:39');
INSERT INTO public.listing_amenities VALUES (1338, 127, 97, '2025-12-10 17:26:39', '2025-12-10 17:26:39');
INSERT INTO public.listing_amenities VALUES (1339, 127, 98, '2025-12-10 17:26:39', '2025-12-10 17:26:39');
INSERT INTO public.listing_amenities VALUES (1341, 127, 100, '2025-12-10 17:26:39', '2025-12-10 17:26:39');
INSERT INTO public.listing_amenities VALUES (1342, 125, 84, '2025-12-15 21:56:11', '2025-12-15 21:56:11');
INSERT INTO public.listing_amenities VALUES (1343, 125, 85, '2025-12-15 21:56:11', '2025-12-15 21:56:11');
INSERT INTO public.listing_amenities VALUES (1344, 125, 86, '2025-12-15 21:56:11', '2025-12-15 21:56:11');
INSERT INTO public.listing_amenities VALUES (1345, 125, 87, '2025-12-15 21:56:11', '2025-12-15 21:56:11');
INSERT INTO public.listing_amenities VALUES (1346, 125, 88, '2025-12-15 21:56:11', '2025-12-15 21:56:11');
INSERT INTO public.listing_amenities VALUES (1347, 127, 99, '2026-01-10 18:13:18', '2026-01-10 18:13:18');


--
-- Data for Name: listing_schedules; Type: TABLE DATA; Schema: public; Owner: -
--

INSERT INTO public.listing_schedules VALUES (527, 106, 'Lunes', '8:00 AM', '6:00 PM', 1, '2025-06-17 22:13:41', '2025-06-17 22:13:41');
INSERT INTO public.listing_schedules VALUES (528, 106, 'Martes', '9:00 AM', '6:00 PM', 1, '2025-06-17 22:14:11', '2025-06-17 22:14:11');
INSERT INTO public.listing_schedules VALUES (529, 113, 'Lunes', '9:00 AM', '6:00 PM', 1, '2025-07-21 23:34:39', '2025-07-21 23:34:39');
INSERT INTO public.listing_schedules VALUES (530, 113, 'Martes', '9:00 AM', '6:00 PM', 1, '2025-07-21 23:35:01', '2025-07-21 23:35:01');
INSERT INTO public.listing_schedules VALUES (531, 113, 'Miercoles', '9:00 AM', '6:00 PM', 1, '2025-07-21 23:35:21', '2025-07-21 23:35:21');
INSERT INTO public.listing_schedules VALUES (532, 113, 'Jueves', '9:00 AM', '6:00 PM', 1, '2025-07-21 23:35:41', '2025-07-21 23:35:41');
INSERT INTO public.listing_schedules VALUES (533, 113, 'Viernes', '9:00 AM', '6:00 PM', 1, '2025-07-21 23:35:54', '2025-07-21 23:35:54');


--
-- Data for Name: listing_social_links; Type: TABLE DATA; Schema: public; Owner: -
--

INSERT INTO public.listing_social_links VALUES (7, 114, 1, 'https://www.facebook.com/e.mecsa', 1, '2026-01-09 17:32:46', NULL);
INSERT INTO public.listing_social_links VALUES (9, 116, 1, 'https://www.facebook.com/profile.php?id=100068214633033', 1, '2026-01-09 17:32:46', NULL);
INSERT INTO public.listing_social_links VALUES (10, 117, 1, 'https://www.facebook.com/share/1B49F18jPh/', 1, '2026-01-09 17:32:46', NULL);
INSERT INTO public.listing_social_links VALUES (11, 118, 1, 'https://www.facebook.com/clipmx/', 1, '2026-01-09 17:32:46', NULL);
INSERT INTO public.listing_social_links VALUES (12, 119, 1, 'https://www.facebook.com/promoecomx/', 1, '2026-01-09 17:32:46', NULL);
INSERT INTO public.listing_social_links VALUES (13, 120, 1, 'https://www.facebook.com/briscouniformes', 1, '2026-01-09 17:32:46', NULL);
INSERT INTO public.listing_social_links VALUES (14, 122, 1, 'https://www.facebook.com/eservicesmexico', 1, '2026-01-09 17:32:46', NULL);
INSERT INTO public.listing_social_links VALUES (37, 114, 4, 'https://www.linkedin.com/company/e-mecsa/', 2, '2026-01-09 17:36:23', NULL);
INSERT INTO public.listing_social_links VALUES (38, 118, 4, 'https://mx.linkedin.com/company/payclip', 2, '2026-01-09 17:36:23', NULL);
INSERT INTO public.listing_social_links VALUES (39, 119, 4, 'https://www.linkedin.com/company/promoecomx/posts/?feedView=all', 2, '2026-01-09 17:36:23', NULL);
INSERT INTO public.listing_social_links VALUES (50, 114, 5, 'https://api.whatsapp.com/send? Phone=+522215863496&text=Hola,%20estoy%20interesado%20en%20tus%20servicios.%20Te%20encontré%20en%20Maosa%20Prime', 3, '2026-01-09 17:37:48', NULL);
INSERT INTO public.listing_social_links VALUES (51, 122, 5, 'https://api.whatsapp.com/send? Phone=526645947582&text=hola,%20estoy%20interesado%20en%20tus%20servicios.%20Te%20encontré%20en%20Maosa%20Prime', 3, '2026-01-09 17:37:48', NULL);
INSERT INTO public.listing_social_links VALUES (55, 114, 3, 'https://x.com/e_mecsa', 4, '2026-01-09 17:40:14', NULL);
INSERT INTO public.listing_social_links VALUES (56, 118, 3, 'https://x.com/clip_mx?lang=en', 4, '2026-01-09 17:40:14', NULL);
INSERT INTO public.listing_social_links VALUES (57, 119, 3, 'https://www.instagram.com/mxpromoeco/', 4, '2026-01-09 17:40:14', NULL);
INSERT INTO public.listing_social_links VALUES (58, 122, 3, 'https://x.com/eservicesmexico', 4, '2026-01-09 17:40:14', NULL);
INSERT INTO public.listing_social_links VALUES (77, 115, 1, 'https://www.facebook.com/MiGasolinera', 0, '2026-03-10 22:03:20', '2026-03-10 22:03:20');
INSERT INTO public.listing_social_links VALUES (78, 115, 2, 'https://www.instagram.com/mi_gasolinera?igsh=Z3dvdjViaTF4NWMy', 0, '2026-03-10 22:03:20', '2026-03-10 22:03:20');
INSERT INTO public.listing_social_links VALUES (79, 115, 6, 'https://www.youtube.com/@migasolineracapacitaciones2369', 0, '2026-03-10 22:03:20', '2026-03-10 22:03:20');
INSERT INTO public.listing_social_links VALUES (80, 123, 1, 'https://www.facebook.com/ComebrixaMex/', 0, '2026-03-10 22:14:14', '2026-03-10 22:14:14');
INSERT INTO public.listing_social_links VALUES (81, 123, 3, 'https://x.com/comebrixamexico', 0, '2026-03-10 22:14:14', '2026-03-10 22:14:14');
INSERT INTO public.listing_social_links VALUES (82, 124, 1, 'https://www.facebook.com/metric.arqvg', 0, '2026-03-10 22:14:38', '2026-03-10 22:14:38');
INSERT INTO public.listing_social_links VALUES (83, 125, 1, 'https://www.facebook.com/kiosko.mx', 0, '2026-03-10 22:15:05', '2026-03-10 22:15:05');
INSERT INTO public.listing_social_links VALUES (84, 126, 1, 'https://www.facebook.com/profile.php?id=100083396376421', 0, '2026-03-10 22:15:26', '2026-03-10 22:15:26');
INSERT INTO public.listing_social_links VALUES (85, 126, 4, 'https://www.linkedin.com/company/gatradis/', 0, '2026-03-10 22:15:26', '2026-03-10 22:15:26');
INSERT INTO public.listing_social_links VALUES (86, 127, 1, 'https://www.facebook.com/BullUpNow', 0, '2026-03-10 22:15:49', '2026-03-10 22:15:49');
INSERT INTO public.listing_social_links VALUES (87, 127, 4, 'https://www.linkedin.com/company/106007204/', 0, '2026-03-10 22:15:49', '2026-03-10 22:15:49');
INSERT INTO public.listing_social_links VALUES (88, 127, 2, 'https://www.instagram.com/_bullup_/', 0, '2026-03-10 22:15:49', '2026-03-10 22:15:49');
INSERT INTO public.listing_social_links VALUES (89, 106, 1, 'https://www.facebook.com/profile.php?id=61559599986809', 0, '2026-03-10 22:16:19', '2026-03-10 22:16:19');
INSERT INTO public.listing_social_links VALUES (90, 106, 4, 'https://www.linkedin.com/company/sustentabilidadempresarial', 0, '2026-03-10 22:16:19', '2026-03-10 22:16:19');
INSERT INTO public.listing_social_links VALUES (91, 107, 1, 'https://www.facebook.com/Impresionysublimadomorelia?locale=es_LA', 0, '2026-03-10 22:16:49', '2026-03-10 22:16:49');
INSERT INTO public.listing_social_links VALUES (92, 107, 5, 'https://api.whatsapp.com/send?phone=+524432615502&text=hola,%20estoy%20interesado%20en%20tus%20servicios.%20Te%20encontré%20en%20Maosa%20Prime', 0, '2026-03-10 22:16:49', '2026-03-10 22:16:49');
INSERT INTO public.listing_social_links VALUES (93, 108, 1, 'https://www.facebook.com/kerno.tek?locale=es_LA', 0, '2026-03-10 22:17:08', '2026-03-10 22:17:08');
INSERT INTO public.listing_social_links VALUES (94, 108, 4, 'https://www.linkedin.com/company/kernotek-tecnolog%C3%ADas-it/', 0, '2026-03-10 22:17:08', '2026-03-10 22:17:08');
INSERT INTO public.listing_social_links VALUES (95, 108, 5, 'https://api.whatsapp.com/send?phone=+5214646541157&text=hola,%20estoy%20interesado%20en%20tus%20servicios.%20Te%20encontré%20en%20Maosa%20Prime', 0, '2026-03-10 22:17:08', '2026-03-10 22:17:08');
INSERT INTO public.listing_social_links VALUES (96, 109, 1, 'https://www.facebook.com/SmartStationmx', 0, '2026-03-10 22:17:29', '2026-03-10 22:17:29');
INSERT INTO public.listing_social_links VALUES (97, 109, 4, 'https://www.linkedin.com/company/smartstationmx', 0, '2026-03-10 22:17:29', '2026-03-10 22:17:29');
INSERT INTO public.listing_social_links VALUES (98, 111, 4, 'https://www.linkedin.com/in/claudia-robles-due%C3%B1as-24501b21a/', 0, '2026-03-10 22:19:30', '2026-03-10 22:19:30');
INSERT INTO public.listing_social_links VALUES (99, 112, 1, 'https://www.facebook.com/NexusFuel/', 0, '2026-03-10 22:20:26', '2026-03-10 22:20:26');
INSERT INTO public.listing_social_links VALUES (100, 112, 4, 'https://www.linkedin.com/showcase/nexus-fuel/', 0, '2026-03-10 22:20:26', '2026-03-10 22:20:26');
INSERT INTO public.listing_social_links VALUES (101, 112, 3, 'https://x.com/nexusfuel_', 0, '2026-03-10 22:20:26', '2026-03-10 22:20:26');
INSERT INTO public.listing_social_links VALUES (102, 113, 1, 'https://www.facebook.com/profile.php?id=61568249171958&rdid=34Z0viMkh5Qv7OM2&share_url=https%3A%2F%2Fwww.facebook.com%2Fshare%2F153UgabPc6%2F#', 0, '2026-03-10 22:20:46', '2026-03-10 22:20:46');
INSERT INTO public.listing_social_links VALUES (103, 113, 5, 'https://api.whatsapp.com/send?phone=+524777009322&text=Hola,%20estoy%20interesado%20en%20tus%20servicios.%20Te%20encontré%20en%20Maosa%20Prime', 0, '2026-03-10 22:20:46', '2026-03-10 22:20:46');


--
-- Data for Name: listings; Type: TABLE DATA; Schema: public; Owner: -
--

INSERT INTO public.listings VALUES (109, 1, 3, 8, '/uploads/media_686c6117d2b22.jpg', '/uploads/media_686c6117d2e99.jpg', 'SMART STATION', 'smart-station', '<p><span style="font-family: verdana, geneva, sans-serif;">EMPRESA MEXICANA DEDICADA A LA ADMINISTRACION DE GASOLINERAS CON UN SOFTWARE DE CONTROL VOLUM&Eacute;TRICO Y ADMINISTRATIVO PARA LLEVAR LA OPERACION, ADMINISTRACION Y CONTABILIDAD DE MANERA EFICIENTE Y CORRECTA PARA EL CUMPLIMIENTO NORMATIVO&nbsp;</span></p>', '7821049443', 'ADMINISTRACION@SMARTSTATION.COM', 'Calle Pinos, Geovillas del Real, 93164 Coatzintla, Veracruz de Ignacio de la Llave', 'https://site.smartstation.mx/', 1, 0, 0, '<iframe src="https://www.google.com/maps/embed?pb=!1m17!1m12!1m3!1d3737.6130811663757!2d-97.44562092475823!3d20.481078981034614!2m3!1f0!2f0!3f0!3m2!1i1024!2i768!4f13.1!3m2!1m1!2zMjDCsDI4JzUxLjkiTiA5N8KwMjYnMzUuMCJX!5e0!3m2!1ses-419!2smx!4v1751933900012!5m2!1ses-419!2smx" width="100%" height="450" style="border:0;" allowfullscreen="" loading="lazy" referrerpolicy="no-referrer-when-downgrade"></iframe>', 'CONTROL VOLUMÉTRICO. SOPORTE TECNICO, CUMPLIMIENTO NORMATIVO', NULL, 1, 1, NULL, '2025-07-08 00:06:47', '2026-03-10 22:17:29');
INSERT INTO public.listings VALUES (121, 1, 5, 7, '/uploads/media_68eed8e78075a.jpeg', '/uploads/media_68eed8e7807b1.png', 'LUKI BARTER', 'luki-barter', '<p><span style="font-family: verdana, geneva, sans-serif;"><strong><span lang="ES-TRAD" style="font-size: 12pt;">EXPERTOS EN EL SECTOR ENERG&Iacute;A EN M&Eacute;XICO</span></strong></span></p>
<p><span style="font-family: verdana, geneva, sans-serif;"><strong><span lang="ES-TRAD" style="font-size: 12pt;">EMPRESA L&Iacute;DER EN SOLUCIONES Y SERVICIOS PROFESIONALES EN EL SECTORrnENERG&Eacute;TICO MEXICANO PARA LOGRAR PERMISOS, ACTUALIZACIONES, MODIFICACIONES, ANTErnCNE, ASEA Y SECRETARIA DE ENERG&Iacute;A.</span></strong></span></p>
<ul>
<li style="font-family: verdana, geneva, sans-serif;"><span lang="ES-TRAD" style="font-size: 12pt; font-family: verdana, geneva, sans-serif;">Hemos logrado la recuperaci&oacute;n de 46 permisos de la Caducidad ante la CNE,rn en un tiempo corto (tres meses en promedio).</span></li>
<li style="font-family: verdana, geneva, sans-serif;"><span style="font-size: 12pt; font-family: verdana, geneva, sans-serif;">Hemos gestionado con &eacute;xito m&aacute;sde900permisosante la CNE.</span></li>
<li style="font-family: verdana, geneva, sans-serif;"><span style="font-size: 12pt; font-family: verdana, geneva, sans-serif;">De Junio 2024 a la fecha, hemos logrado la obtenci&oacute;n de m&aacute;s de 20 permisos dern Comercializaci&oacute;n de Petrol&iacute;feros, es decir, el 95% de los permisos otorgados porrn la CNE en ese periodo.</span></li>
<li style="font-family: verdana, geneva, sans-serif;"><span style="font-size: 12pt; font-family: verdana, geneva, sans-serif;">Nuestro equipo se conforma de exfuncionarios de la CNE, ASEA y secretaria dern Energ&iacute;a, aportando su experiencia en el ramo.</span></li>
<li style="font-family: verdana, geneva, sans-serif;"><span style="font-size: 12pt; font-family: verdana, geneva, sans-serif;">Con los cambios actuales en leyes secundarias en el sector energ&eacute;tico, se harn realizado un an&aacute;lisis minucioso de las afectaciones y oportunidades que tienenrn nuestros clientes, por lo que podemos aportar de manera considerable a lograr susrn metas.</span></li>
</ul>', '5543035371', 'JULIO@LUKIBARTER.COM', 'Londres 61 Piso 14, torre A, Oficina E12, Col Juárez, Alcaldía Cuauhtémoc, 06600 Ciudad de México, CDMX', NULL, 1, 0, 0, '<iframe src="https://www.google.com/maps/embed?pb=!1m18!1m12!1m3!1d3762.6575662410914!2d-99.16339122307231!3d19.42719608185116!2m3!1f0!2f0!3f0!3m2!1i1024!2i768!4f13.1!3m3!1m2!1s0x85d1ff33e9e9aac5%3A0xb9f9b77345981fa!2sLondres%2061-Piso%2014%2C%20torre%20A%2C%20Oficina%20E12%2C%20Ju%C3%A1rez%2C%20Cuauht%C3%A9moc%2C%2006600%20Ciudad%20de%20M%C3%A9xico%2C%20CDMX!5e0!3m2!1ses-419!2smx!4v1760483527710!5m2!1ses-419!2smx" width="100%" height="450" style="border:0;" allowfullscreen="" loading="lazy" referrerpolicy="no-referrer-when-downgrade"></iframe>', 'EMPRESA LÍDER EN SOLUCIONES Y SERVICIOS PROFESIONALES EN EL SECTOR ENERGÉTICO', 'SOMOS LA EMPRESA LÍDER EN SOLUCIONES Y SERVICIOS PROFESIONALES EN EL SECTOR ENERGÉTICO MEXICANO PARA LOGRAR PERMISOS, ACTUALIZACIONES, MODIFICACIONES, ANTE CNE, ASEA Y SECRETARIA DE ENERGÍA.', 1, 1, NULL, '2025-10-14 23:12:39', '2026-03-10 22:06:24');
INSERT INTO public.listings VALUES (107, 1, 2, 6, '/uploads/media_687927b3a9abd.jpg', '/uploads/media_687927b3a9f6a.jpg', 'MG MATERIAL GRAFICO', 'mg-material-grafico', '<p><span style="color: #080809; font-family: verdana, geneva, sans-serif;"><strong>Publicidad Impresa y Articulos promocionales para tu Empresa, Escuela o Eventos sociales, Distribuidores.&nbsp;</strong></span></p>
<p><span style="color: #080809; font-family: verdana, geneva, sans-serif;">Con una amplia experiencia en Dise&ntilde;o y Publicidad podemos hacer que tus clientes te recuerden a trav&eacute;s de un Art&iacute;culo Promocional</span></p>
<ul>
<li style="font-family: verdana, geneva, sans-serif;"><span style="color: #080809; font-family: verdana, geneva, sans-serif;">Invitaciones&nbsp;</span></li>
<li style="font-family: verdana, geneva, sans-serif;"><span style="color: #080809; font-family: verdana, geneva, sans-serif;">Papeler&iacute;a&nbsp;</span></li>
<li style="font-family: verdana, geneva, sans-serif;"><span style="color: #080809; font-family: verdana, geneva, sans-serif;">Recuerdos &uacute;tiles para tus Eventos Sociales o de Negocios</span></li>
<li style="font-family: verdana, geneva, sans-serif;"><span style="color: #080809; font-family: verdana, geneva, sans-serif;">Pulseras de Seguridad para tus Eventos Sociales o de Negocios</span></li>
<li style="font-family: verdana, geneva, sans-serif;"><span style="color: #080809; font-family: verdana, geneva, sans-serif;">Cursos de Serigraf&iacute;a y Capacitaci&oacute;n continua</span></li>
</ul>', '443 317 8559', 'materialgrafico@hotmail.com', '161 Calle Río Yaqui, Morelia, Mexico', 'https://www.instagram.com/material_grafico/?hl=es', 1, 0, 0, '<iframe src="https://www.google.com/maps/embed?pb=!1m18!1m12!1m3!1d3756.4784067419178!2d-101.18643360000002!3d19.6922461!2m3!1f0!2f0!3f0!3m2!1i1024!2i768!4f13.1!3m3!1m2!1s0x842d0ddfbd42f0d7%3A0xb2ed0e2c2bbdf27d!2sMG%20Material%20Gr%C3%A1fico!5e0!3m2!1ses-419!2smx!4v1749142620532!5m2!1ses-419!2smx" width="600" height="450" style="border:0;" allowfullscreen="" loading="lazy" referrerpolicy="no-referrer-when-downgrade"></iframe>', NULL, NULL, 1, 1, NULL, '2025-06-05 22:55:37', '2026-03-10 22:16:49');
INSERT INTO public.listings VALUES (108, 1, 3, 6, '/uploads/media_6841d1e038301.png', '/uploads/media_6841d1e038589.png', 'Kernotek S.A. de C.V.', 'kernotek-sa-de-cv', '<p><span style="color: #080809; font-family: verdana, geneva, sans-serif;">Con nuestra soluci&oacute;n de control volum&eacute;trico desarrollado para gasolineras podr&aacute;s gestionar la operaci&oacute;n comercial y administrativa de tu estaci&oacute;n de servicio desde cualquier dispositivo y lugar. Accede a todos los reportes en tiempo real.</span></p>
<p><span style="font-family: verdana, geneva, sans-serif;"><strong style="color: #222222; font-size: small;">Empresa con m&aacute;s de 20 a&ntilde;os de experiencia en tecnolog&iacute;a e innovaci&oacute;n para el sector de hidrocarburos</strong><span style="color: #222222; font-size: small;">, especializada en soluciones para autoconsumos, estaciones de servicio, distribuidoras y comercializadoras. Ofrece una gama integral de servicios y productos como:</span></span></p>
<ul style="color: #222222; font-family: Arial, Helvetica, sans-serif; font-size: small; margin-top: 0cm;">
<li style="margin-left: 0cm; font-family: verdana, geneva, sans-serif;"><span style="font-family: verdana, geneva, sans-serif;">Control volum&eacute;trico</span></li>
<li style="margin-left: 0cm; font-family: verdana, geneva, sans-serif;"><span style="font-family: verdana, geneva, sans-serif;">Puntos de venta y terminales m&oacute;viles</span></li>
<li style="margin-left: 0cm; font-family: verdana, geneva, sans-serif;"><span style="font-family: verdana, geneva, sans-serif;">Soluciones en la nube y software administrativo</span></li>
<li style="margin-left: 0cm; font-family: verdana, geneva, sans-serif;"><span style="font-family: verdana, geneva, sans-serif;">Equipos de comunicaci&oacute;n y consolas a dispensarios</span></li>
<li style="margin-left: 0cm; font-family: verdana, geneva, sans-serif;"><span style="font-family: verdana, geneva, sans-serif;">Servidores dedicados y seguridad cibern&eacute;tica</span></li>
<li style="margin-left: 0cm; font-family: verdana, geneva, sans-serif;"><span style="font-family: verdana, geneva, sans-serif;">Impresoras, pedestales y antenas Wi-Fi</span></li>
<li style="margin-left: 0cm; font-family: verdana, geneva, sans-serif;"><span style="font-family: verdana, geneva, sans-serif;">Enfocada en mejorar la eficiencia operativa y la seguridad de sus clientes.</span></li>
</ul>', '464 654 1157', 'ventas@kernotek.mx', 'Convenciones Cantabria, Morelia, Mich', 'https://www.kernotek.mx/', 1, 0, 0, NULL, NULL, NULL, 1, 1, NULL, '2025-06-05 23:20:32', '2026-03-10 22:17:08');
INSERT INTO public.listings VALUES (114, 1, 1, 11, '/uploads/media_688d57eec6657.jpg', '/uploads/media_688d57eec689f.jpg', 'E-MECSA', 'e-mecsa', '<p><span id="docs-internal-guid-50a3b7f5-7fff-8d43-aef6-6f1e4d247d44"><span style="font-size: 12pt; font-family: Calibri, sans-serif; background-color: transparent; font-variant-numeric: normal; font-variant-east-asian: normal; font-variant-alternates: normal; font-variant-position: normal; font-variant-emoji: normal; vertical-align: baseline; white-space-collapse: preserve;">Consultoría energética <b>especializada</b> en cumplimiento <b>normativo</b>, <b>regulaciones</b> ambientales, permisos <b>CRE/CNE y ASEA, SASISOPA</b>, <b>análisis de riesgos, impacto ambiental y desarrollo de proyectos sostenibles</b> en el sector hidrocarburos y gas LP. Servicios técnicos, jurídicos y regulatorios para estaciones de servicio, comercializadores e industrias energéticas</span></span></p>', '22-15-86-3496', 'contacto@e-mecsa.com', 'Calle Alejandra NO. 512-S11, Col. Santiago Momoxpan,  San Pedro Cholula, Puebla, C.P. 72760', 'https://www.e-mecsa.com/', 0, 0, 0, '<iframe src="https://www.google.com/maps/embed?pb=!1m18!1m12!1m3!1d3770.772323154791!2d-98.27567983967283!3d19.073745359243357!2m3!1f0!2f0!3f0!3m2!1i1024!2i768!4f13.1!3m3!1m2!1s0x85cfc7cb6b8fd219%3A0x6ab29ec2e1e63f84!2sE-MECSA!5e0!3m2!1ses!2smx!4v1753714877128!5m2!1ses!2smx" width="100%" height="450" style="border:0;" allowfullscreen="" loading="lazy" referrerpolicy="no-referrer-when-downgrade"></iframe>', 'Consultoría energética especializada en cumplimiento normativo', 'Consultoría energética especializada en cumplimiento normativo, regulaciones ambientales, permisos CRE/CNE y ASEA, SASISOPA, análisis de riesgos, impacto ambiental y desarrollo de proyectos sostenibles en el sector hidrocarburos', 1, 1, NULL, '2025-08-02 00:12:30', '2025-08-02 00:21:15');
INSERT INTO public.listings VALUES (115, 1, 5, 12, '/uploads/media_688d5c21c8949.jpg', '/uploads/media_688d5c21c8c04.jpg', 'Mi Gasolinera', 'mi-gasolinera', '<ol>
<li>Capacitaci&oacute;n asesores de servicios</li>
<li>Atenci&oacute;n al cliente&nbsp;</li>
<li>Mejora el servicio</li>
<li>Servicio al cliente</li>
<li>Calidad en el servicio</li>
<li>&Eacute;tica y valores</li>
<li>Motivaci&oacute;n</li>
<li>Actitud y aptitud</li>
<li>C&oacute;mo reaccionar ante accidentes</li>
<li>Trabajo en equipo</li>
<li>Comunicaci&oacute;n</li>
</ol>
<p>&nbsp;</p>
<p>Plataformas adicionales de contacto:&nbsp;</p>
<p>Nuestros testimonios:&nbsp;<a href="https://migasolinera.com.mx/testimonios/" target="_blank" rel="noopener">Testimoniales</a></p>', '777 502 21 44', 'ventas03@migasolinera.com.mx', 'Cuernavaca, Morelos', 'https://migasolinera.com.mx/', 0, 0, 0, NULL, 'Desarrollo Humano para el personal de las estaciones de servicios', 'Talleres, cursos, seminarios en temas referentes a Desarrollo Humanornpara el personal de las estaciones de servicios', 1, 1, NULL, '2025-08-02 00:30:25', '2026-03-10 22:03:20');
INSERT INTO public.listings VALUES (112, 1, 3, 9, '/uploads/media_687ec3f1d78ba.png', '/uploads/media_687ec3f1d7cfc.jpg', 'Nexus Fuel', 'nexus-fuel', '<div><span style="font-family: verdana, geneva, sans-serif;"><span style="font-size: 16px; white-space-collapse: preserve;">Nexus Fuel es un software especializado para el sector gasolinero, dise&ntilde;ado para cubrir toda la cadena de valor: autoconsumo, estaciones de servicio, fletes, distribuidoras y comercializadoras. Contamos con nuestra propia casa de desarrollo, lo que nos permite innovar constantemente y adaptarnos a las necesidades del mercado, especialmente a las del gasolinero mexicano. Todo esto garantizando siempre el cumplimiento regulatorio y ayudando a nuestros clientes a crecer, optimizar y diferenciarse.</span></span></div>
<div><span style="font-family: verdana, geneva, sans-serif;"><span style="font-size: 16px; white-space-collapse: preserve;">&nbsp;</span></span></div>
<div><span style="font-family: verdana, geneva, sans-serif;"><span style="font-size: 16px; white-space-collapse: preserve;">Software especializado en el sector gasolinero, con soluciones para cada etapa de la cadena de suministro, un enfoque innovador y pleno cumplimiento de la normatividad nacional.</span></span></div>', '664 681 3494', 'info@nexusfuel.com', 'Río Suchiate #13, Tijuana, Baja California, 22015', 'https://www.nexusfuel.com/', 0, 0, 0, '<iframe src="https://www.google.com/maps/embed?pb=!1m18!1m12!1m3!1d3364.138883204436!2d-117.02151242387066!3d32.522437473771085!2m3!1f0!2f0!3f0!3m2!1i1024!2i768!4f13.1!3m3!1m2!1s0x80d9390226587bd3%3A0xd2420197bb0c3f5f!2sGXCJ%2BXC%2C%20Tijuana%2C%20Baja%20California!5e0!3m2!1ses-419!2smx!4v1753138358424!5m2!1ses-419!2smx" width="100%" height="450" style="border:0;" allowfullscreen="" loading="lazy" referrerpolicy="no-referrer-when-downgrade"></iframe>', 'Software especializado en sector de combustibles', 'Software especializado en sector de combustibles, control volumétrico, plan de lealtad gasolineras, ERP Contabilidad gasolineras', 1, 1, NULL, '2025-07-21 22:49:21', '2026-03-10 22:20:26');
INSERT INTO public.listings VALUES (113, 1, 3, 10, '/uploads/media_687ec9bf116bb.png', '/uploads/media_687ec9bf11d06.png', 'CABS - Centro de Abastecimiento de Bienes y Servicios', 'cabs-centro-de-abastecimiento-de-bienes-y-servicios', '<p><span style="font-family: verdana, geneva, sans-serif;">Somos un <strong>Centro de Abastecimiento de Bienes y Servicios en el sector gasolinero</strong>. Con sede en Le&oacute;n, Guanajuato y con m&aacute;s de <strong>15 a&ntilde;os de experiencia</strong>. Nuestro equipo de trabajo est&aacute; capacitado para resolver sus dudas, <strong>brindando calidad en nuestro servicio</strong> para el empresario gasolinero y adecu&aacute;ndonos a sus <strong>necesidades</strong>.</span></p>
<p><span style="font-family: verdana, geneva, sans-serif;">Tel&eacute;fono adicional: 477 764 6475</span></p>', '477 764 6816', 'cabsleon100@gmail.com', 'Blvd. Vasco de Quiroga #2728 León 1, C.P. 37179, León Gto.', 'https://www.cabsleon.com/', 0, 0, 0, '<iframe src="https://www.google.com/maps/embed?pb=!1m18!1m12!1m3!1d7442.632331504797!2d-101.65038742421254!3d21.13981248053747!2m3!1f0!2f0!3f0!3m2!1i1024!2i768!4f13.1!3m3!1m2!1s0x842bbeffd6e6e721%3A0x389334e7fcd7d6a5!2zNDlRMitXViwgTGXDs24sIEd1YW5hanVhdG8!5e0!3m2!1ses-419!2smx!4v1753139782198!5m2!1ses-419!2smx" width="100%" height="450" style="border:0;" allowfullscreen="" loading="lazy" referrerpolicy="no-referrer-when-downgrade"></iframe>', NULL, 'Uniformes para gasolineras PEMEX, BP y G500, opciones personalizadas. Botas industriales antiderrapantes 100% piel, resistentes a gasolina y diésel.', 1, 1, NULL, '2025-07-21 23:14:07', '2026-03-10 22:20:46');
INSERT INTO public.listings VALUES (116, 1, 3, 8, '/uploads/media_68a0bb0eab63c.jpg', '/uploads/media_68a0bb0eaba1a.jpg', 'FUELCO DE MEXICO S.A. DE C.V.', 'fuelco-de-mexico-sa-de-cv', '<p>La calibración de tanques de almacenamiento la realizamos por diferentes métodos que tenemos acreditados, entre ellos son:</p><ul><li>Método de mediciones internas (tanques subterráneos)</li><li>Método húmedo (tanques subterráneos y superficiales)</li><li>Método óptico (para tanques verticales)</li><li>Método de mediciones externas (tanques superficiales de pared sencilla)</li></ul><p><br></p><p>La calibración de los instrumentos lo hacemos por el método de lectura directa con instrumentos patrón.</p><p>Integración de valores obtenidos en calibraciones a la consola de medición.</p><p>Pruebas de hermeticidad a tanques de almacenamiento y tuberías.</p><p>Medición de espesores por ultrasonido, para conocer la integridad mecánica de los tanques. Este servicio sirve para el alargamiento de la útil si ya el tanque tiene entre 20 y 30 años, dependerá de la vida útil que les dio el proveedor.</p><p>Limpieza de tanques de almacenamiento, nos introducimos dentro y retiramos los lodos.</p>', '921 196 6543', 'directivoventas@fuelco.com.mx', 'Av. José María, Av Pino Suárez 500, Manuel Avila Camacho, 96420 Coatzacoalcos', 'https://fuelco.com.mx', 0, 0, 0, '<iframe src="https://www.google.com/maps/embed?pb=!1m18!1m12!1m3!1d30331.975056626114!2d-94.47775034754152!3d18.141010554327757!2m3!1f0!2f0!3f0!3m2!1i1024!2i768!4f13.1!3m3!1m2!1s0x85e9825610950001%3A0x704e60a40c8a85f7!2sFUELCO%20DE%20M%C3%89XICO!5e0!3m2!1ses-419!2smx!4v1755365620062!5m2!1ses-419!2smx" width="100%" height="450" style="border:0;" allowfullscreen="" loading="lazy" referrerpolicy="no-referrer-when-downgrade"></iframe>', 'Servicios metrológicos y pruebas no destructivas; ejerciendo siempre con responsabilidad y ética profesional.', 'Servicios metrológicos y pruebas no destructivas; ejerciendo siempre con responsabilidad y ética profesional. Contamos con la tecnología y experiencia para ofrecer servicios y resultados a satisfacción', 1, 1, NULL, '2025-08-16 17:08:30', '2025-08-16 17:33:57');
INSERT INTO public.listings VALUES (117, 1, 3, 6, '/uploads/media_68a0c01aa9d43.jpg', '/uploads/media_68a0c01aaa248.jpg', 'GASLIGHT SYSTEM', 'gaslight-system', '<p><b>Nuestro control volumétrico una herramienta esencial para gestionar y optimizar el flujo, almacenamiento y distribución de hidrocarburos en diferentes eslabones de la cadena de suministro.</b></p><p><b>Estaciones de Servicio (Gasolineras):</b></p><ul><li>Monitoreo de inventarios en tanques subterráneos.</li><li>Detección de pérdidas (evaporación, fugas o robos).</li><li>Conciliación entre recepciones y entregas.</li></ul><p><b>Distribuidoras y Comercializadoras:</b></p><ul><li>Control de entregas y recepciones.</li></ul><p><b>Transporte (Camiones Cisterna):</b></p><ul><li>Validación de recepciones y entregas.</li></ul><p><b>Autoconsumo (Flotas, Industrias, Mineras):</b></p><ul><li>Control de consumo de maquinaria y vehículos propios.</li><li>Prevención de desvíos no autorizados.</li><li>Cumpliendo con el 100% de normativas volumétricas y fiscales.</li></ul>', '4521252899', 'garcia_salvador30@hotmail.com', 'AV CHIAPAS 93 COL RAMON FARIAS EN URUAPAN MICHOACAN', 'https://gaslight-michoacan.com', 0, 0, 0, '<iframe src="https://www.google.com/maps/embed?pb=!1m18!1m12!1m3!1d3762.7306323407224!2d-102.05070622425221!3d19.424041181853557!2m3!1f0!2f0!3f0!3m2!1i1024!2i768!4f13.1!3m3!1m2!1s0x842de24032514abd%3A0xc02de06bd95eecd7!2sC.%20Chiapas%2093%2C%20Ram%C3%B3n%20Farias%2C%2060050%20Uruapan%2C%20Mich.!5e0!3m2!1ses-419!2smx!4v1755365544533!5m2!1ses-419!2smx" width="100%" height="450" style="border:0;" allowfullscreen="" loading="lazy" referrerpolicy="no-referrer-when-downgrade"></iframe>', 'CONTROL VOLUMETRICO, PARA EL SECTOR HIDRO CARBUROS', 'CONTROL VOLUMETRICO, PARA EL SECTOR HIDRO CARBUROS', 1, 1, NULL, '2025-08-16 17:30:02', '2025-08-16 17:32:45');
INSERT INTO public.listings VALUES (118, 1, 6, 7, '/uploads/media_68b9da038bc7d.jpeg', '/uploads/media_68b9da038bcd1.jpeg', 'Payclip S. de R.L. de C.V', 'payclip-s-de-rl-de-cv', '<p>Con Clip, cobrar con tarjeta es simple, seguro y rápido. Elige la terminal ideal para tu negocio y empieza a recibir pagos en minutos. ¡Sin contratos ni complicaciones!</p><p><a href="https://www.clip.mx/?srsltid=AfmBOop4WtV9ARN9cY4c5XdIca0b7DrUI9EpNsHXSot23MjSs4MBoYsO" target="_blank">Enlace | Clip</a><br></p>', '55 6393 2300', 'help@clip.mx', 'AVENIDA INSURGENTES SUR 1457 INT. PISO 23 COL. INSURGENTES MIXCOAC, BENITO JUÁREZ, CIUDAD DE MÉXICO, C.P. 03920', 'https://www.clip.mx/?srsltid=AfmBOop4WtV9ARN9cY4c5XdIca0b7DrUI9EpNsHXSot23MjSs4MBoYsO', 0, 0, 0, NULL, NULL, NULL, 1, 1, NULL, '2025-09-04 18:27:15', '2025-09-04 18:29:45');
INSERT INTO public.listings VALUES (119, 1, 3, 13, '/uploads/media_68b9de258d467.jpg', '/uploads/media_68b9de258d4c8.png', 'PROMOECO', 'promoeco', '<p>Empresa líder en ofrecer servicios integrales para estaciones de servicio, podrá encontrar los mejores accesorios que harán que su estación de servicio funcione a la perfección.</p>', '81 81255800', 'info@promoeco.com.mx', 'Nardo 2232 col. Moderna, N.L', 'https://promoeco.mx/', 1, 0, 0, '<iframe src="https://www.google.com/maps/embed?pb=!1m18!1m12!1m3!1d6010.559760754836!2d-100.2905524!3d25.7010743!2m3!1f0!2f0!3f0!3m2!1i1024!2i768!4f13.1!3m3!1m2!1s0x8662951326edc279%3A0x179983a0ac610b76!2sPromoeco!5e1!3m2!1ses-419!2smx!4v1757011665504!5m2!1ses-419!2smx" width="100%" height="450" style="border:0;" allowfullscreen="" loading="lazy" referrerpolicy="no-referrer-when-downgrade"></iframe>', 'Servicio, insumo, gasolinera, estación, equipamiento, capacitación', 'Servicio, insumo, gasolinera, estación, equipamiento, capacitación', 1, 1, NULL, '2025-09-04 18:44:53', '2025-09-04 18:48:07');
INSERT INTO public.listings VALUES (120, 1, 7, 10, '/uploads/media_68d5a06595170.jpg', '/uploads/media_68d5a065951db.jpg', 'Brisco Uniformes', 'brisco-uniformes', '<p><span style="font-family: "Fira Sans", sans-serif; font-size: 14.4px; background-color: rgb(232, 238, 241);">Somos una empresa con más de 20 años de experiencia en la </span><strong style="box-sizing: inherit; font-family: "Fira Sans", sans-serif; font-size: 14.4px; background-color: rgb(232, 238, 241);">manufactura y comercialización de uniformes industriales y calzado de seguridad</strong><span style="font-family: "Fira Sans", sans-serif; font-size: 14.4px; background-color: rgb(232, 238, 241);">. Contamos con infraestructura moderna y tecnología de punta para el diseño, confección y bordado de nuestros productos.</span></p>', '4621028084', 'ventas@briscoindustrial.com', 'Cebú #2839, Ganadera, CP. 36555. Irapuato, Gto.', 'https://www.uniformesbrisco.com/', 1, 0, 0, '<iframe src="https://www.google.com/maps/embed?pb=!1m14!1m8!1m3!1d6241.571019785806!2d-101.3705149!3d20.6583423!3m2!1i1024!2i768!4f13.1!3m3!1m2!1s0x842c7e2eff4a3f7b%3A0xf21470a32628d307!2sBrisco%20Uniformes%20para%20Gasolineras!5e1!3m2!1ses-419!2smx!4v1758830666018!5m2!1ses-419!2smx" width="100%" height="450" style="border:0;" allowfullscreen="" loading="lazy" referrerpolicy="no-referrer-when-downgrade"></iframe>', 'Empresa con experiencia en la manufactura y comercialización de uniformes industriales y calzado de seguridad', 'Somos una empresa con más de 20 años de experiencia en la manufactura y comercialización de uniformes industriales y calzado de seguridad', 1, 1, NULL, '2025-09-25 20:04:53', '2025-09-25 20:09:10');
INSERT INTO public.listings VALUES (122, 1, 3, 14, '/uploads/media_690910e8899a1.png', '/uploads/media_690910e8899f0.jpg', 'eServices', 'eservices', '<p>En <b>eServices </b>somos una empresa consolidada rnen el sector de hidrocarburos, <b>con más de 25 rnaños de experiencia</b> en gestión regulatoria y rnacompañamiento especializado a rnpermisionarios de petrolíferos en todo México.</p><p>Nuestro objetivo es brindar soporte integral y rncertidumbre jurídica, facilitando el rncumplimiento de obligaciones legales, técnicas rny administrativas ante instancias como <b>ASEA, rnCNE, SENER, PROFECO</b>, entre otras. Diseñamos rnestrategias a la medida que garantizan rnoperaciones seguras, transparentes y dentro del rnmarco normativo vigente.</p>', '+526645947582', 'comercial@eservicesmx.com', 'Calle del Pedregal No. 38, Col. El Pedregal, C.P. 22104, Tijuana, Baja California', 'https://eservicesmx.com/', 1, 0, 0, '<iframe src="https://www.google.com/maps/embed?pb=!1m14!1m8!1m3!1d420.59093184331897!2d-116.9655211!3d32.5067129!3m2!1i1024!2i768!4f13.1!3m3!1m2!1s0x80d939538ea66ffb%3A0xf28010ec34f80d0!2sESERVICES!5e0!3m2!1ses-419!2smx!4v1762202190488!5m2!1ses-419!2smx" width="100%" height="450" style="border:0;" allowfullscreen="" loading="lazy" referrerpolicy="no-referrer-when-downgrade"></iframe>', 'empresa consolidada en el sector de hidrocarburos en  gestión regulatoria y acompañamiento especializado a permisionarios de petrolíferos', 'En eServices somos una empresa consolidada en el sector de hidrocarburos, con más de 25 años de experiencia en gestión regulatoria y acompañamiento especializado a permisionarios de petrolíferos en todo México.', 1, 1, NULL, '2025-11-03 20:30:32', '2025-11-03 20:39:57');
INSERT INTO public.listings VALUES (124, 1, 5, 6, '/uploads/media_690d28c374a7f.png', '/uploads/media_690d28c374ad5.png', 'ARQ. BENHUR VILLAGRAN GARCIA', 'arq-benhur-villagran-garcia', '<p><span style="color: #080809; font-family: verdana, geneva, sans-serif;">DISE&Ntilde;O DE PROYECTOS ARQUITECT&Oacute;NICOS, VENTA DE BIENES RA&Iacute;CES, RENDERIZACION DE PROYECTOS, PLANOS, INTERIORISMO, REMODELACION Y MAS</span></p>', '4432021102', 'ARQ_BVG@YAHOO.COM.MX', 'BENEDICTINOS #129 FRACC EL MONASTERIO CP 58090 MORELIA', NULL, 1, 0, 0, '<iframe src="https://www.google.com/maps/embed?pb=!1m18!1m12!1m3!1d50231.981457688606!2d-101.21098092941826!3d19.727002273414595!2m3!1f0!2f0!3f0!3m2!1i1024!2i768!4f13.1!3m3!1m2!1s0x842d0e70458f7e77%3A0x71b5c6c09438746b!2sAv%20Francisco%20I.%20Madero%20Pte%2C%20Centro%20hist%C3%B3rico%20de%20Morelia%2C%2058000%20Morelia%2C%20Mich.!5e1!3m2!1ses-419!2smx!4v1762470063732!5m2!1ses-419!2smx" width="100%" height="450" style="border:0;" allowfullscreen="" loading="lazy" referrerpolicy="no-referrer-when-downgrade"></iframe>', 'DISEÑO DE PROYECTOS ARQUITECTÓNICOS, VENTA DE BIENES RAÍCES', 'DISEÑO DE PROYECTOS ARQUITECTÓNICOS, VENTA DE BIENES RAÍCES, RENDERIZACION DE PROYECTOS, PLANOS, INTERIORISMO, REMODELACION', 1, 1, NULL, '2025-11-06 23:01:23', '2026-03-10 22:14:38');
INSERT INTO public.listings VALUES (126, 1, 5, 6, '/uploads/media_6924967e3b492.jpeg', '/uploads/media_6924967e3b50a.jpeg', 'GATRADIS CORPORATION', 'gatradis-corporation', '<p><span style="font-family: verdana, geneva, sans-serif;"><strong>GATRADIS </strong>es una empresa mexicana con m&aacute;s de 10 a&ntilde;os de experiencia en la rnindustria energ&eacute;tica, especializada en ofrecer soluciones integrales para el rnalmacenamiento, transporte y medici&oacute;n de hidrocarburos. Con un laboratorio de rncalibraci&oacute;n acreditado y una flota de transporte propia, brindan servicios de alta rningenier&iacute;a, inspecci&oacute;n, construcci&oacute;n y mantenimiento para terminales de rncombustible, tanques, skids, as&iacute; como estaciones de servicio y de autoconsumo</span></p>', '4461333115', 'comercial@gatradis.com', 'URUGUAY 194, LAS AMERICAS 58270, MORELIA, MICHOACAN 3', 'https://gatradis.com', 0, 0, 0, NULL, 'Empresa mexicana líder en ingeniería energética, transporte de combustible, calibración de tanques y diseño de terminales de hidrocarburos.', 'GATRADIS ofrece servicios de alta precisión en medición volumétrica, inspección, construcción de tanques y skids, así como mantenimiento y transporte seguro de combustibles en toda la República Mexicana.', 1, 1, NULL, '2025-11-24 17:31:42', '2026-03-10 22:15:26');
INSERT INTO public.listings VALUES (123, 1, 7, 8, '/uploads/media_690d2673a8b9f.jpeg', '/uploads/media_690d2673a8c08.png', 'COMEBRIXA CAROLINA BRITO', 'comebrixa-carolina-brito', '<p><span style="font-family: verdana, geneva, sans-serif;"><span style="font-size: 12.0pt;">Empresa dedicada a la comercializaci&oacute;n dernproductos y servicios para el Sector Gasolinero, iluminaci&oacute;n Led y Microled,rninstalaci&oacute;n de luminarias, instalaci&oacute;n el&eacute;ctrica, Estudios lum&iacute;nicos, etc.</span></span></p>', '2281794243', 'comebrixa@yahoo.com', 'Enrique C Rébsamen #2, Zona Centro, Mártires de Chicago, 91094 Xalapa-Enríquez', 'http://www.comebrixa.com/', 1, 0, 0, '<iframe src="https://www.google.com/maps/embed?pb=!1m18!1m12!1m3!1d3760.440629949782!2d-96.9191374230709!3d19.52268748177601!2m3!1f0!2f0!3f0!3m2!1i1024!2i768!4f13.1!3m3!1m2!1s0x85db321ca1f225d9%3A0xb706e9efe195a786!2sG3FM%2B39%2C%20Xalapa-Enr%C3%ADquez%2C%20Veracruz!5e0!3m2!1ses-419!2smx!4v1762469635878!5m2!1ses-419!2smx" width="100%" height="450" style="border:0;" allowfullscreen="" loading="lazy" referrerpolicy="no-referrer-when-downgrade"></iframe>', 'PROVEEDOR DE TODO TIPO DE LUMINARIAS PARA LA INDUSTRIA GASOLINERA', 'PROVEEDOR DE TODO TIPO DE LUMINARIAS PARA LA INDUSTRIA GASOLINERA', 1, 1, NULL, '2025-11-06 22:51:31', '2026-03-10 22:14:14');
INSERT INTO public.listings VALUES (125, 1, 5, 15, '/uploads/media_69248ee63499e.png', '/uploads/media_69248ee634aba.png', 'KIOSKO®', 'kiosko', '<p><span style="text-indent: -24px; font-family: verdana, geneva, sans-serif;">Somos una cadena de tiendas de formato peque&ntilde;o 100% mexicana, con m&aacute;s de 22 a&ntilde;os de experiencia y m&aacute;s de 890 establecimientos ubicados a lo largo del pac&iacute;fico de M&eacute;xico. </span></p>
<p><span style="text-indent: -24px; font-family: verdana, geneva, sans-serif;">A&ntilde;o con a&ntilde;o nos hemos convertido en parte del estilo de vida de muchas personas, ya que en KIOSKO celebramos las tradiciones de los barrios mexicanos y la alegr&iacute;a de su gente, brindando la mejor y m&aacute;s cercana experiencia de compra a todos nuestros clientes.</span></p>', '312 313 4400', 'jsalas@gocsa.com.mx', 'Av. Tecomán Sur No. 99-F, Col. El Moralete, CP 28010, Colima, Colima, México. (Oficinas corporativas)', 'https://mikiosko.mx/', 0, 0, 0, '<iframe src="https://www.google.com/maps/embed?pb=!1m14!1m8!1m3!1d25193.435750402474!2d-103.7198723!3d19.2282504!3m2!1i1024!2i768!4f13.1!3m3!1m2!1s0x8425500c272e419f%3A0xb0243555280fea9a!2sAv%20Tecom%C3%A1n%2099-f%2C%20Infraestructura%20Urbana%2C%2028060%20Colima%2C%20Col.!5e1!3m2!1ses-419!2smx!4v1764003639871!5m2!1ses-419!2smx" width="100%" height="450" style="border:0;" allowfullscreen="" loading="lazy" referrerpolicy="no-referrer-when-downgrade"></iframe>', 'Tienda de conveniencia, KIOSKO, México, abarrotes, snacks, bebidas, Jalisco, Colima, Nayarit, Sinaloa, pago de servicios, experiencia', 'Tienda de conveniencia, KIOSKO, México, abarrotes, snacks, bebidas, Jalisco, Colima, Nayarit, Sinaloa, pago de servicios, experiencia', 0, 1, NULL, '2025-11-24 16:59:18', '2026-03-10 22:15:05');
INSERT INTO public.listings VALUES (127, 1, 8, 6, '/uploads/media_6939acd027e1c.jpeg', '/uploads/media_6939acd027e7d.jpeg', 'Bull Up', 'bull-up', '<p><span style="font-size: 12pt; font-family: verdana, geneva, sans-serif;">En Bull Up entendemos profundamente el entorno industrial y corporativo.&nbsp;</span></p>
<p><span style="font-size: 12pt; font-family: verdana, geneva, sans-serif;">Contamos con experiencia en normativas, preparaci&oacute;n para auditor&iacute;as y medici&oacute;n de datos clave que permiten a las empresas optimizar sus procesos, mejorar su trazabilidad y adoptar herramientas digitales que impulsan su productividad.&nbsp; </span></p>
<p><span style="font-size: 12pt; font-family: verdana, geneva, sans-serif;">Nuestro enfoque combina&nbsp;<strong>estrategia, dise&ntilde;o, comunicaci&oacute;n y sistemas</strong>&nbsp;para ofrecer soluciones integrales que realmente transforman.</span></p>', '+524431179599', 'hola@bullup.com.mx', 'Morelia, Mich', 'https://www.bullup.com.mx/', 0, 1, 0, NULL, 'Marketing, Web, Diseño, publicidad, redes sociales, comunicación, branding.', 'Marketing, Web, Diseño, publicidad, redes sociales, comunicación, branding.', 1, 1, NULL, '2025-12-10 17:24:32', '2026-03-10 22:15:49');
INSERT INTO public.listings VALUES (106, 1, 1, 7, '/uploads/media_683c9ea3f3515.png', '/uploads/media_683c9ea402537.png', 'SUSTENTABILIDAD EMPRESARIAL Y VALOR AGREGADO, S.C', 'sustentabilidad-empresarial-y-valor-agregado-sc', '<p><span style="color: #000000; font-family: verdana, geneva, sans-serif;">Somos una empresa de<strong> consultor&iacute;a estrat&eacute;gica</strong>, con m&aacute;s de 10 a&ntilde;os de presencia en <strong>M&eacute;xico</strong> y <strong>Latinoam&eacute;rica</strong>, favoreciendo el desarrollo de empresas m&aacute;s sustentables. Dise&ntilde;amos, desarrollamos e implementamos servicios y soluciones para un crecimiento econ&oacute;mico m&aacute;s sustentable y una adecuada <strong>administraci&oacute;n de los riesgos</strong>. </span></p>
<p><span style="color: #000000; font-family: verdana, geneva, sans-serif;">Quienes laboramos en <strong>Sustentabilidad Empresaria</strong>l somos expertos en distintas &aacute;reas empresariales. Contamos con las competencias necesarias para detonar: <strong>valor econ&oacute;mico, ambiental y social, considerando las necesidades actuales, futuras, as&iacute; como el contexto interno y externo.</strong></span></p>', '5579179840', 'contacto@sustentabilidad.com.mx', 'Avenida Lago Alberto 375, CDMX, CDMX 11520, MX', 'https://sustentabilidad.com.mx/', 1, 1, 1, '<iframe src="https://www.google.com/maps/embed?pb=!1m18!1m12!1m3!1d3762.3466699055625!2d-99.19246132515643!3d19.440614681840465!2m3!1f0!2f0!3f0!3m2!1i1024!2i768!4f13.1!3m3!1m2!1s0x85d1f8a8209c1ac9%3A0x3580c90d80f9e13b!2sLago%20Alberto%20375%2C%20Granada%2C%20Miguel%20Hidalgo%2C%2011320%20Ciudad%20de%20M%C3%A9xico%2C%20CDMX!5e0!3m2!1ses-419!2smx!4v1748712544311!5m2!1ses-419!2smx" width="100%" height="450" style="border:0;" allowfullscreen="" loading="lazy" referrerpolicy="no-referrer-when-downgrade"></iframe>', NULL, NULL, 1, 1, NULL, '2025-06-01 18:40:36', '2026-03-10 22:16:19');
INSERT INTO public.listings VALUES (111, 1, 3, 6, '/uploads/media_68792a877ea0e.png', '/uploads/media_68792a877ec50.jpg', 'CADISA - Controles Administrativos Integrales SA de CV', 'cadisa-controles-administrativos-integrales-sa-de-cv', '<div>
<div><span style="font-family: verdana, geneva, sans-serif;">Nos ubicamos en 19 estados de la Rep&uacute;blica Mexicana, actualmente, nuestro&nbsp; sistema tiene presencia en los estados de Baja California Norte, Baja California Sur,&nbsp; Sonora, Sinaloa, Chihuahua, Coahuila, Quer&eacute;taro, Puebla, Nuevo Le&oacute;n, Jalisco,Nayarit, Hidalgo, Colima, Ciudad de M&eacute;xico, Estado de M&eacute;xico, Tamaulipas,&nbsp; Aguascalientes, Morelos y Guerrero.&nbsp;</span></div>
<div>&nbsp;</div>
<div><span style="font-family: verdana, geneva, sans-serif;">Nuestro Sistema de Control Volum&eacute;trico &ldquo;CV RADEC&rdquo; contempla a todos los&nbsp; involucrados en la cadena de hidrocarburos, sin embargo, se personaliza seg&uacute;n la&nbsp; operaci&oacute;n de cada permisionario.&nbsp;</span></div>
<div><span style="font-family: verdana, geneva, sans-serif;">&ldquo;CV RADEC&rdquo; es un sistema de control volum&eacute;trico eficaz y eficiente, con las&nbsp; mejores opciones de cumplimiento para:</span></div>
</div>
<div>
<ul>
<li style="font-family: verdana, geneva, sans-serif;"><span style="font-family: verdana, geneva, sans-serif;">Transporte de combustible (contemplando carta porte y medidores&nbsp; din&aacute;micos).&nbsp;</span></li>
<li style="font-family: verdana, geneva, sans-serif;"><span style="font-family: verdana, geneva, sans-serif;">Autoconsumos, minas y consumidores obligados.&nbsp;</span></li>
<li style="font-family: verdana, geneva, sans-serif;"><span style="font-family: verdana, geneva, sans-serif;">Distribuidoras de combustible.&nbsp;</span></li>
<li style="font-family: verdana, geneva, sans-serif;"><span style="font-family: verdana, geneva, sans-serif;">Comercializadoras de combustible.&nbsp;</span></li>
<li style="font-family: verdana, geneva, sans-serif;"><span style="font-family: verdana, geneva, sans-serif;">Estaciones de servicio con control de flotillas, terminales punto de venta y&nbsp; la opci&oacute;n de enlazar todas sus estaciones.&nbsp;</span></li>
<li style="font-family: verdana, geneva, sans-serif;"><span style="font-family: verdana, geneva, sans-serif;">Terminales de abastecimiento</span></li>
</ul>
</div>', '6622155817', 'claudia.robles@cadisaenlinea.com.mx', 'Colonia Modelo, calle retorno 105, #18, C.P. 83190', 'https://www.cadisaenlinea.com.mx/cadisaenlinea/', 1, 1, 1, '<iframe src="https://www.google.com/maps/embed?pb=!1m17!1m12!1m3!1d15020.317803130298!2d-101.19571785!3d19.751778749999996!2m3!1f0!2f0!3f0!3m2!1i1024!2i768!4f13.1!3m2!1m1!2s!5e0!3m2!1ses-419!2smx!4v1752771320100!5m2!1ses-419!2smx" width="100%" height="450" style="border:0;" allowfullscreen="" loading="lazy" referrerpolicy="no-referrer-when-downgrade"></iframe>', 'Controles Administrativos Integrales', 'Soluciones tecnológicas para el sector hidrocarburos. Control volumétrico,  facturación, terminales punto de venta, anexo 30, flotillas y más. Presencia en 19 estados de México.', 1, 1, NULL, '2025-07-17 16:53:27', '2026-03-10 22:19:30');


--
-- Data for Name: locations; Type: TABLE DATA; Schema: public; Owner: -
--

INSERT INTO public.locations VALUES (6, 'Michoacán', 'michoacan', true, true, '2023-11-22 10:47:56', '2025-08-16 17:26:00');
INSERT INTO public.locations VALUES (7, 'México', 'mexico', true, true, '2025-06-05 09:20:24', '2025-06-05 09:20:24');
INSERT INTO public.locations VALUES (8, 'Veracruz', 'veracruz', true, true, '2025-07-07 23:44:11', '2025-07-07 23:44:11');
INSERT INTO public.locations VALUES (9, 'Tijuana', 'tijuana', true, true, '2025-07-21 22:42:57', '2025-07-21 22:42:57');
INSERT INTO public.locations VALUES (10, 'Guanajuato', 'guanajuato', true, true, '2025-07-21 23:08:42', '2025-07-21 23:08:42');
INSERT INTO public.locations VALUES (11, 'Puebla', 'puebla', true, true, '2025-08-01 23:52:12', '2025-08-01 23:52:12');
INSERT INTO public.locations VALUES (12, 'Morelos', 'morelos', true, true, '2025-08-02 00:24:44', '2025-08-02 00:24:44');
INSERT INTO public.locations VALUES (13, 'Nuevo León', 'nuevo-leon', true, true, '2025-09-04 18:39:04', '2025-09-04 18:39:04');
INSERT INTO public.locations VALUES (14, 'Baja California', 'baja-california', true, true, '2025-11-03 17:07:15', '2025-11-03 17:07:15');
INSERT INTO public.locations VALUES (15, 'Colima', 'colima', true, true, '2025-11-24 16:36:39', '2025-11-24 16:36:39');


--
-- Data for Name: migrations; Type: TABLE DATA; Schema: public; Owner: -
--

INSERT INTO public.migrations VALUES (1, '2026_01_14_000002_create_user_branches_table', 1);
INSERT INTO public.migrations VALUES (2, '2026_01_14_000003_add_user_branch_id_to_user_price_lists_table', 2);


--
-- Data for Name: model_has_permissions; Type: TABLE DATA; Schema: public; Owner: -
--

INSERT INTO public.model_has_permissions VALUES (3, 'App\Models\User', 1);
INSERT INTO public.model_has_permissions VALUES (4, 'App\Models\User', 1);
INSERT INTO public.model_has_permissions VALUES (5, 'App\Models\User', 1);
INSERT INTO public.model_has_permissions VALUES (6, 'App\Models\User', 1);
INSERT INTO public.model_has_permissions VALUES (7, 'App\Models\User', 1);
INSERT INTO public.model_has_permissions VALUES (8, 'App\Models\User', 1);
INSERT INTO public.model_has_permissions VALUES (9, 'App\Models\User', 1);
INSERT INTO public.model_has_permissions VALUES (10, 'App\Models\User', 1);
INSERT INTO public.model_has_permissions VALUES (11, 'App\Models\User', 1);
INSERT INTO public.model_has_permissions VALUES (12, 'App\Models\User', 1);
INSERT INTO public.model_has_permissions VALUES (13, 'App\Models\User', 1);
INSERT INTO public.model_has_permissions VALUES (14, 'App\Models\User', 1);
INSERT INTO public.model_has_permissions VALUES (15, 'App\Models\User', 1);
INSERT INTO public.model_has_permissions VALUES (16, 'App\Models\User', 1);
INSERT INTO public.model_has_permissions VALUES (17, 'App\Models\User', 1);
INSERT INTO public.model_has_permissions VALUES (18, 'App\Models\User', 1);
INSERT INTO public.model_has_permissions VALUES (19, 'App\Models\User', 1);
INSERT INTO public.model_has_permissions VALUES (20, 'App\Models\User', 1);
INSERT INTO public.model_has_permissions VALUES (21, 'App\Models\User', 1);
INSERT INTO public.model_has_permissions VALUES (22, 'App\Models\User', 1);
INSERT INTO public.model_has_permissions VALUES (23, 'App\Models\User', 1);
INSERT INTO public.model_has_permissions VALUES (24, 'App\Models\User', 1);
INSERT INTO public.model_has_permissions VALUES (25, 'App\Models\User', 1);
INSERT INTO public.model_has_permissions VALUES (26, 'App\Models\User', 1);
INSERT INTO public.model_has_permissions VALUES (27, 'App\Models\User', 1);
INSERT INTO public.model_has_permissions VALUES (28, 'App\Models\User', 1);
INSERT INTO public.model_has_permissions VALUES (29, 'App\Models\User', 1);
INSERT INTO public.model_has_permissions VALUES (30, 'App\Models\User', 1);
INSERT INTO public.model_has_permissions VALUES (31, 'App\Models\User', 1);
INSERT INTO public.model_has_permissions VALUES (32, 'App\Models\User', 1);


--
-- Data for Name: model_has_roles; Type: TABLE DATA; Schema: public; Owner: -
--

INSERT INTO public.model_has_roles VALUES (3, 'App\Models\User', 6051);
INSERT INTO public.model_has_roles VALUES (2, 'App\Models\User', 1);
INSERT INTO public.model_has_roles VALUES (3, 'App\Models\User', 6052);
INSERT INTO public.model_has_roles VALUES (3, 'App\Models\User', 6055);
INSERT INTO public.model_has_roles VALUES (3, 'App\Models\User', 5679);
INSERT INTO public.model_has_roles VALUES (3, 'App\Models\User', 5680);
INSERT INTO public.model_has_roles VALUES (3, 'App\Models\User', 5681);
INSERT INTO public.model_has_roles VALUES (3, 'App\Models\User', 5682);
INSERT INTO public.model_has_roles VALUES (3, 'App\Models\User', 5683);
INSERT INTO public.model_has_roles VALUES (3, 'App\Models\User', 5684);
INSERT INTO public.model_has_roles VALUES (3, 'App\Models\User', 5685);
INSERT INTO public.model_has_roles VALUES (3, 'App\Models\User', 5686);
INSERT INTO public.model_has_roles VALUES (3, 'App\Models\User', 5687);
INSERT INTO public.model_has_roles VALUES (3, 'App\Models\User', 5688);
INSERT INTO public.model_has_roles VALUES (3, 'App\Models\User', 5689);
INSERT INTO public.model_has_roles VALUES (3, 'App\Models\User', 5690);
INSERT INTO public.model_has_roles VALUES (3, 'App\Models\User', 5691);
INSERT INTO public.model_has_roles VALUES (3, 'App\Models\User', 5692);
INSERT INTO public.model_has_roles VALUES (3, 'App\Models\User', 5693);
INSERT INTO public.model_has_roles VALUES (3, 'App\Models\User', 5694);
INSERT INTO public.model_has_roles VALUES (3, 'App\Models\User', 5695);
INSERT INTO public.model_has_roles VALUES (3, 'App\Models\User', 5696);
INSERT INTO public.model_has_roles VALUES (3, 'App\Models\User', 5697);
INSERT INTO public.model_has_roles VALUES (3, 'App\Models\User', 5698);
INSERT INTO public.model_has_roles VALUES (3, 'App\Models\User', 5699);
INSERT INTO public.model_has_roles VALUES (3, 'App\Models\User', 5700);
INSERT INTO public.model_has_roles VALUES (3, 'App\Models\User', 5701);
INSERT INTO public.model_has_roles VALUES (3, 'App\Models\User', 5702);
INSERT INTO public.model_has_roles VALUES (3, 'App\Models\User', 5703);
INSERT INTO public.model_has_roles VALUES (3, 'App\Models\User', 5704);
INSERT INTO public.model_has_roles VALUES (3, 'App\Models\User', 5705);
INSERT INTO public.model_has_roles VALUES (3, 'App\Models\User', 5706);
INSERT INTO public.model_has_roles VALUES (3, 'App\Models\User', 5707);
INSERT INTO public.model_has_roles VALUES (3, 'App\Models\User', 5708);
INSERT INTO public.model_has_roles VALUES (3, 'App\Models\User', 5709);
INSERT INTO public.model_has_roles VALUES (3, 'App\Models\User', 5710);
INSERT INTO public.model_has_roles VALUES (3, 'App\Models\User', 5711);
INSERT INTO public.model_has_roles VALUES (3, 'App\Models\User', 5712);
INSERT INTO public.model_has_roles VALUES (3, 'App\Models\User', 5713);
INSERT INTO public.model_has_roles VALUES (3, 'App\Models\User', 5714);
INSERT INTO public.model_has_roles VALUES (3, 'App\Models\User', 5715);
INSERT INTO public.model_has_roles VALUES (3, 'App\Models\User', 5716);
INSERT INTO public.model_has_roles VALUES (3, 'App\Models\User', 5717);
INSERT INTO public.model_has_roles VALUES (3, 'App\Models\User', 5718);
INSERT INTO public.model_has_roles VALUES (3, 'App\Models\User', 5719);
INSERT INTO public.model_has_roles VALUES (3, 'App\Models\User', 5720);
INSERT INTO public.model_has_roles VALUES (3, 'App\Models\User', 5721);
INSERT INTO public.model_has_roles VALUES (3, 'App\Models\User', 5722);
INSERT INTO public.model_has_roles VALUES (3, 'App\Models\User', 5723);
INSERT INTO public.model_has_roles VALUES (3, 'App\Models\User', 5724);
INSERT INTO public.model_has_roles VALUES (3, 'App\Models\User', 5725);
INSERT INTO public.model_has_roles VALUES (3, 'App\Models\User', 5726);
INSERT INTO public.model_has_roles VALUES (3, 'App\Models\User', 5727);
INSERT INTO public.model_has_roles VALUES (3, 'App\Models\User', 5728);
INSERT INTO public.model_has_roles VALUES (3, 'App\Models\User', 5729);
INSERT INTO public.model_has_roles VALUES (3, 'App\Models\User', 5730);
INSERT INTO public.model_has_roles VALUES (3, 'App\Models\User', 5731);
INSERT INTO public.model_has_roles VALUES (3, 'App\Models\User', 5732);
INSERT INTO public.model_has_roles VALUES (3, 'App\Models\User', 5733);
INSERT INTO public.model_has_roles VALUES (3, 'App\Models\User', 5734);
INSERT INTO public.model_has_roles VALUES (3, 'App\Models\User', 5735);
INSERT INTO public.model_has_roles VALUES (3, 'App\Models\User', 5736);
INSERT INTO public.model_has_roles VALUES (3, 'App\Models\User', 5737);
INSERT INTO public.model_has_roles VALUES (3, 'App\Models\User', 5738);
INSERT INTO public.model_has_roles VALUES (3, 'App\Models\User', 5739);
INSERT INTO public.model_has_roles VALUES (3, 'App\Models\User', 5740);
INSERT INTO public.model_has_roles VALUES (3, 'App\Models\User', 5741);
INSERT INTO public.model_has_roles VALUES (3, 'App\Models\User', 5742);
INSERT INTO public.model_has_roles VALUES (3, 'App\Models\User', 5743);
INSERT INTO public.model_has_roles VALUES (3, 'App\Models\User', 5744);
INSERT INTO public.model_has_roles VALUES (3, 'App\Models\User', 5745);
INSERT INTO public.model_has_roles VALUES (3, 'App\Models\User', 5746);
INSERT INTO public.model_has_roles VALUES (3, 'App\Models\User', 5747);
INSERT INTO public.model_has_roles VALUES (3, 'App\Models\User', 5748);
INSERT INTO public.model_has_roles VALUES (3, 'App\Models\User', 5749);
INSERT INTO public.model_has_roles VALUES (3, 'App\Models\User', 5750);
INSERT INTO public.model_has_roles VALUES (3, 'App\Models\User', 5751);
INSERT INTO public.model_has_roles VALUES (3, 'App\Models\User', 5752);
INSERT INTO public.model_has_roles VALUES (3, 'App\Models\User', 5753);
INSERT INTO public.model_has_roles VALUES (3, 'App\Models\User', 5754);
INSERT INTO public.model_has_roles VALUES (3, 'App\Models\User', 5755);
INSERT INTO public.model_has_roles VALUES (3, 'App\Models\User', 5756);
INSERT INTO public.model_has_roles VALUES (3, 'App\Models\User', 5757);
INSERT INTO public.model_has_roles VALUES (3, 'App\Models\User', 5758);
INSERT INTO public.model_has_roles VALUES (3, 'App\Models\User', 5759);
INSERT INTO public.model_has_roles VALUES (3, 'App\Models\User', 5760);
INSERT INTO public.model_has_roles VALUES (3, 'App\Models\User', 5761);
INSERT INTO public.model_has_roles VALUES (3, 'App\Models\User', 5762);
INSERT INTO public.model_has_roles VALUES (3, 'App\Models\User', 5763);
INSERT INTO public.model_has_roles VALUES (3, 'App\Models\User', 5764);
INSERT INTO public.model_has_roles VALUES (3, 'App\Models\User', 5765);
INSERT INTO public.model_has_roles VALUES (3, 'App\Models\User', 5766);
INSERT INTO public.model_has_roles VALUES (3, 'App\Models\User', 5767);
INSERT INTO public.model_has_roles VALUES (3, 'App\Models\User', 5768);
INSERT INTO public.model_has_roles VALUES (3, 'App\Models\User', 5769);
INSERT INTO public.model_has_roles VALUES (3, 'App\Models\User', 5770);
INSERT INTO public.model_has_roles VALUES (3, 'App\Models\User', 5771);
INSERT INTO public.model_has_roles VALUES (3, 'App\Models\User', 5772);
INSERT INTO public.model_has_roles VALUES (3, 'App\Models\User', 5773);
INSERT INTO public.model_has_roles VALUES (3, 'App\Models\User', 5774);
INSERT INTO public.model_has_roles VALUES (3, 'App\Models\User', 5775);
INSERT INTO public.model_has_roles VALUES (3, 'App\Models\User', 5776);
INSERT INTO public.model_has_roles VALUES (3, 'App\Models\User', 5777);
INSERT INTO public.model_has_roles VALUES (3, 'App\Models\User', 5778);
INSERT INTO public.model_has_roles VALUES (3, 'App\Models\User', 5779);
INSERT INTO public.model_has_roles VALUES (3, 'App\Models\User', 5780);
INSERT INTO public.model_has_roles VALUES (3, 'App\Models\User', 5781);
INSERT INTO public.model_has_roles VALUES (3, 'App\Models\User', 5782);
INSERT INTO public.model_has_roles VALUES (3, 'App\Models\User', 5783);
INSERT INTO public.model_has_roles VALUES (3, 'App\Models\User', 5784);
INSERT INTO public.model_has_roles VALUES (3, 'App\Models\User', 5785);
INSERT INTO public.model_has_roles VALUES (3, 'App\Models\User', 5786);
INSERT INTO public.model_has_roles VALUES (3, 'App\Models\User', 5787);
INSERT INTO public.model_has_roles VALUES (3, 'App\Models\User', 5788);
INSERT INTO public.model_has_roles VALUES (3, 'App\Models\User', 5789);
INSERT INTO public.model_has_roles VALUES (3, 'App\Models\User', 5790);
INSERT INTO public.model_has_roles VALUES (3, 'App\Models\User', 5791);
INSERT INTO public.model_has_roles VALUES (3, 'App\Models\User', 5792);
INSERT INTO public.model_has_roles VALUES (3, 'App\Models\User', 5793);
INSERT INTO public.model_has_roles VALUES (3, 'App\Models\User', 5794);
INSERT INTO public.model_has_roles VALUES (3, 'App\Models\User', 5795);
INSERT INTO public.model_has_roles VALUES (3, 'App\Models\User', 5796);
INSERT INTO public.model_has_roles VALUES (3, 'App\Models\User', 5797);
INSERT INTO public.model_has_roles VALUES (3, 'App\Models\User', 5798);
INSERT INTO public.model_has_roles VALUES (3, 'App\Models\User', 5799);
INSERT INTO public.model_has_roles VALUES (3, 'App\Models\User', 5800);
INSERT INTO public.model_has_roles VALUES (3, 'App\Models\User', 5801);
INSERT INTO public.model_has_roles VALUES (3, 'App\Models\User', 5802);
INSERT INTO public.model_has_roles VALUES (3, 'App\Models\User', 5803);
INSERT INTO public.model_has_roles VALUES (3, 'App\Models\User', 5804);
INSERT INTO public.model_has_roles VALUES (3, 'App\Models\User', 5805);
INSERT INTO public.model_has_roles VALUES (3, 'App\Models\User', 5806);
INSERT INTO public.model_has_roles VALUES (3, 'App\Models\User', 5807);
INSERT INTO public.model_has_roles VALUES (3, 'App\Models\User', 5808);
INSERT INTO public.model_has_roles VALUES (3, 'App\Models\User', 5809);
INSERT INTO public.model_has_roles VALUES (3, 'App\Models\User', 5810);
INSERT INTO public.model_has_roles VALUES (3, 'App\Models\User', 5811);
INSERT INTO public.model_has_roles VALUES (3, 'App\Models\User', 5812);
INSERT INTO public.model_has_roles VALUES (3, 'App\Models\User', 5813);
INSERT INTO public.model_has_roles VALUES (3, 'App\Models\User', 5814);
INSERT INTO public.model_has_roles VALUES (3, 'App\Models\User', 5815);
INSERT INTO public.model_has_roles VALUES (3, 'App\Models\User', 5816);
INSERT INTO public.model_has_roles VALUES (3, 'App\Models\User', 5817);
INSERT INTO public.model_has_roles VALUES (3, 'App\Models\User', 5818);
INSERT INTO public.model_has_roles VALUES (3, 'App\Models\User', 5819);
INSERT INTO public.model_has_roles VALUES (3, 'App\Models\User', 5820);
INSERT INTO public.model_has_roles VALUES (3, 'App\Models\User', 5821);
INSERT INTO public.model_has_roles VALUES (3, 'App\Models\User', 5822);
INSERT INTO public.model_has_roles VALUES (3, 'App\Models\User', 5823);
INSERT INTO public.model_has_roles VALUES (3, 'App\Models\User', 5824);
INSERT INTO public.model_has_roles VALUES (3, 'App\Models\User', 5825);
INSERT INTO public.model_has_roles VALUES (3, 'App\Models\User', 5826);
INSERT INTO public.model_has_roles VALUES (3, 'App\Models\User', 5827);
INSERT INTO public.model_has_roles VALUES (3, 'App\Models\User', 5828);
INSERT INTO public.model_has_roles VALUES (3, 'App\Models\User', 5829);
INSERT INTO public.model_has_roles VALUES (3, 'App\Models\User', 5830);
INSERT INTO public.model_has_roles VALUES (3, 'App\Models\User', 5831);
INSERT INTO public.model_has_roles VALUES (3, 'App\Models\User', 5832);
INSERT INTO public.model_has_roles VALUES (3, 'App\Models\User', 5833);
INSERT INTO public.model_has_roles VALUES (3, 'App\Models\User', 5834);
INSERT INTO public.model_has_roles VALUES (3, 'App\Models\User', 5835);
INSERT INTO public.model_has_roles VALUES (3, 'App\Models\User', 5836);
INSERT INTO public.model_has_roles VALUES (3, 'App\Models\User', 5837);
INSERT INTO public.model_has_roles VALUES (3, 'App\Models\User', 5838);
INSERT INTO public.model_has_roles VALUES (3, 'App\Models\User', 5839);
INSERT INTO public.model_has_roles VALUES (3, 'App\Models\User', 5840);
INSERT INTO public.model_has_roles VALUES (3, 'App\Models\User', 5841);
INSERT INTO public.model_has_roles VALUES (3, 'App\Models\User', 5842);
INSERT INTO public.model_has_roles VALUES (3, 'App\Models\User', 5843);
INSERT INTO public.model_has_roles VALUES (3, 'App\Models\User', 5844);
INSERT INTO public.model_has_roles VALUES (3, 'App\Models\User', 5845);
INSERT INTO public.model_has_roles VALUES (3, 'App\Models\User', 5846);
INSERT INTO public.model_has_roles VALUES (3, 'App\Models\User', 5847);
INSERT INTO public.model_has_roles VALUES (3, 'App\Models\User', 5848);
INSERT INTO public.model_has_roles VALUES (3, 'App\Models\User', 5849);
INSERT INTO public.model_has_roles VALUES (3, 'App\Models\User', 5850);
INSERT INTO public.model_has_roles VALUES (3, 'App\Models\User', 5851);
INSERT INTO public.model_has_roles VALUES (3, 'App\Models\User', 5852);
INSERT INTO public.model_has_roles VALUES (3, 'App\Models\User', 5853);
INSERT INTO public.model_has_roles VALUES (3, 'App\Models\User', 5854);
INSERT INTO public.model_has_roles VALUES (3, 'App\Models\User', 5855);
INSERT INTO public.model_has_roles VALUES (3, 'App\Models\User', 5856);
INSERT INTO public.model_has_roles VALUES (3, 'App\Models\User', 5857);
INSERT INTO public.model_has_roles VALUES (3, 'App\Models\User', 5858);
INSERT INTO public.model_has_roles VALUES (3, 'App\Models\User', 5859);
INSERT INTO public.model_has_roles VALUES (3, 'App\Models\User', 5860);
INSERT INTO public.model_has_roles VALUES (3, 'App\Models\User', 5861);
INSERT INTO public.model_has_roles VALUES (3, 'App\Models\User', 5862);
INSERT INTO public.model_has_roles VALUES (3, 'App\Models\User', 5863);
INSERT INTO public.model_has_roles VALUES (3, 'App\Models\User', 5864);
INSERT INTO public.model_has_roles VALUES (3, 'App\Models\User', 5865);
INSERT INTO public.model_has_roles VALUES (3, 'App\Models\User', 5866);
INSERT INTO public.model_has_roles VALUES (3, 'App\Models\User', 5867);
INSERT INTO public.model_has_roles VALUES (3, 'App\Models\User', 5868);
INSERT INTO public.model_has_roles VALUES (3, 'App\Models\User', 5869);
INSERT INTO public.model_has_roles VALUES (3, 'App\Models\User', 5870);
INSERT INTO public.model_has_roles VALUES (3, 'App\Models\User', 5871);
INSERT INTO public.model_has_roles VALUES (3, 'App\Models\User', 5872);
INSERT INTO public.model_has_roles VALUES (3, 'App\Models\User', 5873);
INSERT INTO public.model_has_roles VALUES (3, 'App\Models\User', 5874);
INSERT INTO public.model_has_roles VALUES (3, 'App\Models\User', 5875);
INSERT INTO public.model_has_roles VALUES (3, 'App\Models\User', 5876);
INSERT INTO public.model_has_roles VALUES (3, 'App\Models\User', 5877);
INSERT INTO public.model_has_roles VALUES (3, 'App\Models\User', 5878);
INSERT INTO public.model_has_roles VALUES (3, 'App\Models\User', 5879);
INSERT INTO public.model_has_roles VALUES (3, 'App\Models\User', 5880);
INSERT INTO public.model_has_roles VALUES (3, 'App\Models\User', 5881);
INSERT INTO public.model_has_roles VALUES (3, 'App\Models\User', 5882);
INSERT INTO public.model_has_roles VALUES (3, 'App\Models\User', 5883);
INSERT INTO public.model_has_roles VALUES (3, 'App\Models\User', 5884);
INSERT INTO public.model_has_roles VALUES (3, 'App\Models\User', 5885);
INSERT INTO public.model_has_roles VALUES (3, 'App\Models\User', 5886);
INSERT INTO public.model_has_roles VALUES (3, 'App\Models\User', 5887);
INSERT INTO public.model_has_roles VALUES (3, 'App\Models\User', 5888);
INSERT INTO public.model_has_roles VALUES (3, 'App\Models\User', 5889);
INSERT INTO public.model_has_roles VALUES (3, 'App\Models\User', 5890);
INSERT INTO public.model_has_roles VALUES (3, 'App\Models\User', 5891);
INSERT INTO public.model_has_roles VALUES (3, 'App\Models\User', 5892);
INSERT INTO public.model_has_roles VALUES (3, 'App\Models\User', 5893);
INSERT INTO public.model_has_roles VALUES (3, 'App\Models\User', 5894);
INSERT INTO public.model_has_roles VALUES (3, 'App\Models\User', 5895);
INSERT INTO public.model_has_roles VALUES (3, 'App\Models\User', 5896);
INSERT INTO public.model_has_roles VALUES (3, 'App\Models\User', 5897);
INSERT INTO public.model_has_roles VALUES (3, 'App\Models\User', 5898);
INSERT INTO public.model_has_roles VALUES (3, 'App\Models\User', 5899);
INSERT INTO public.model_has_roles VALUES (3, 'App\Models\User', 5900);
INSERT INTO public.model_has_roles VALUES (3, 'App\Models\User', 5901);
INSERT INTO public.model_has_roles VALUES (3, 'App\Models\User', 5902);
INSERT INTO public.model_has_roles VALUES (3, 'App\Models\User', 5903);
INSERT INTO public.model_has_roles VALUES (3, 'App\Models\User', 5904);
INSERT INTO public.model_has_roles VALUES (3, 'App\Models\User', 5905);
INSERT INTO public.model_has_roles VALUES (3, 'App\Models\User', 5906);
INSERT INTO public.model_has_roles VALUES (3, 'App\Models\User', 5907);
INSERT INTO public.model_has_roles VALUES (3, 'App\Models\User', 5908);
INSERT INTO public.model_has_roles VALUES (3, 'App\Models\User', 5909);
INSERT INTO public.model_has_roles VALUES (3, 'App\Models\User', 5910);
INSERT INTO public.model_has_roles VALUES (3, 'App\Models\User', 5911);
INSERT INTO public.model_has_roles VALUES (3, 'App\Models\User', 5912);
INSERT INTO public.model_has_roles VALUES (3, 'App\Models\User', 5913);
INSERT INTO public.model_has_roles VALUES (3, 'App\Models\User', 5914);
INSERT INTO public.model_has_roles VALUES (3, 'App\Models\User', 5915);
INSERT INTO public.model_has_roles VALUES (3, 'App\Models\User', 5916);
INSERT INTO public.model_has_roles VALUES (3, 'App\Models\User', 5917);
INSERT INTO public.model_has_roles VALUES (3, 'App\Models\User', 5918);
INSERT INTO public.model_has_roles VALUES (3, 'App\Models\User', 5919);
INSERT INTO public.model_has_roles VALUES (3, 'App\Models\User', 5920);
INSERT INTO public.model_has_roles VALUES (3, 'App\Models\User', 5921);
INSERT INTO public.model_has_roles VALUES (3, 'App\Models\User', 5922);
INSERT INTO public.model_has_roles VALUES (3, 'App\Models\User', 5923);
INSERT INTO public.model_has_roles VALUES (3, 'App\Models\User', 5924);
INSERT INTO public.model_has_roles VALUES (3, 'App\Models\User', 5925);
INSERT INTO public.model_has_roles VALUES (3, 'App\Models\User', 5926);
INSERT INTO public.model_has_roles VALUES (3, 'App\Models\User', 5927);
INSERT INTO public.model_has_roles VALUES (3, 'App\Models\User', 5928);
INSERT INTO public.model_has_roles VALUES (3, 'App\Models\User', 5929);
INSERT INTO public.model_has_roles VALUES (3, 'App\Models\User', 5930);
INSERT INTO public.model_has_roles VALUES (3, 'App\Models\User', 5931);
INSERT INTO public.model_has_roles VALUES (3, 'App\Models\User', 5932);
INSERT INTO public.model_has_roles VALUES (3, 'App\Models\User', 5933);
INSERT INTO public.model_has_roles VALUES (3, 'App\Models\User', 5934);
INSERT INTO public.model_has_roles VALUES (3, 'App\Models\User', 5935);
INSERT INTO public.model_has_roles VALUES (3, 'App\Models\User', 5936);
INSERT INTO public.model_has_roles VALUES (3, 'App\Models\User', 5937);
INSERT INTO public.model_has_roles VALUES (3, 'App\Models\User', 5938);
INSERT INTO public.model_has_roles VALUES (3, 'App\Models\User', 5939);
INSERT INTO public.model_has_roles VALUES (3, 'App\Models\User', 5940);
INSERT INTO public.model_has_roles VALUES (3, 'App\Models\User', 5941);
INSERT INTO public.model_has_roles VALUES (3, 'App\Models\User', 5942);
INSERT INTO public.model_has_roles VALUES (3, 'App\Models\User', 5943);
INSERT INTO public.model_has_roles VALUES (3, 'App\Models\User', 5944);
INSERT INTO public.model_has_roles VALUES (3, 'App\Models\User', 5945);
INSERT INTO public.model_has_roles VALUES (3, 'App\Models\User', 5946);
INSERT INTO public.model_has_roles VALUES (3, 'App\Models\User', 5947);
INSERT INTO public.model_has_roles VALUES (3, 'App\Models\User', 5948);
INSERT INTO public.model_has_roles VALUES (3, 'App\Models\User', 5949);
INSERT INTO public.model_has_roles VALUES (3, 'App\Models\User', 5950);
INSERT INTO public.model_has_roles VALUES (3, 'App\Models\User', 5951);
INSERT INTO public.model_has_roles VALUES (3, 'App\Models\User', 5952);
INSERT INTO public.model_has_roles VALUES (3, 'App\Models\User', 5953);
INSERT INTO public.model_has_roles VALUES (3, 'App\Models\User', 5954);
INSERT INTO public.model_has_roles VALUES (3, 'App\Models\User', 5955);
INSERT INTO public.model_has_roles VALUES (3, 'App\Models\User', 5956);
INSERT INTO public.model_has_roles VALUES (3, 'App\Models\User', 5957);
INSERT INTO public.model_has_roles VALUES (3, 'App\Models\User', 5958);
INSERT INTO public.model_has_roles VALUES (3, 'App\Models\User', 5959);
INSERT INTO public.model_has_roles VALUES (3, 'App\Models\User', 5960);
INSERT INTO public.model_has_roles VALUES (3, 'App\Models\User', 5961);
INSERT INTO public.model_has_roles VALUES (3, 'App\Models\User', 5962);
INSERT INTO public.model_has_roles VALUES (3, 'App\Models\User', 5963);
INSERT INTO public.model_has_roles VALUES (3, 'App\Models\User', 5964);
INSERT INTO public.model_has_roles VALUES (3, 'App\Models\User', 5965);
INSERT INTO public.model_has_roles VALUES (3, 'App\Models\User', 5966);
INSERT INTO public.model_has_roles VALUES (3, 'App\Models\User', 5967);
INSERT INTO public.model_has_roles VALUES (3, 'App\Models\User', 5968);
INSERT INTO public.model_has_roles VALUES (3, 'App\Models\User', 5969);
INSERT INTO public.model_has_roles VALUES (3, 'App\Models\User', 5970);
INSERT INTO public.model_has_roles VALUES (3, 'App\Models\User', 5971);
INSERT INTO public.model_has_roles VALUES (3, 'App\Models\User', 5972);
INSERT INTO public.model_has_roles VALUES (3, 'App\Models\User', 5973);
INSERT INTO public.model_has_roles VALUES (3, 'App\Models\User', 5974);
INSERT INTO public.model_has_roles VALUES (3, 'App\Models\User', 5975);
INSERT INTO public.model_has_roles VALUES (3, 'App\Models\User', 5976);
INSERT INTO public.model_has_roles VALUES (3, 'App\Models\User', 5977);
INSERT INTO public.model_has_roles VALUES (3, 'App\Models\User', 5978);
INSERT INTO public.model_has_roles VALUES (3, 'App\Models\User', 5979);
INSERT INTO public.model_has_roles VALUES (3, 'App\Models\User', 5980);
INSERT INTO public.model_has_roles VALUES (3, 'App\Models\User', 5981);
INSERT INTO public.model_has_roles VALUES (3, 'App\Models\User', 5982);
INSERT INTO public.model_has_roles VALUES (3, 'App\Models\User', 5983);
INSERT INTO public.model_has_roles VALUES (3, 'App\Models\User', 5984);
INSERT INTO public.model_has_roles VALUES (3, 'App\Models\User', 5985);
INSERT INTO public.model_has_roles VALUES (3, 'App\Models\User', 5986);
INSERT INTO public.model_has_roles VALUES (3, 'App\Models\User', 5987);
INSERT INTO public.model_has_roles VALUES (3, 'App\Models\User', 5988);
INSERT INTO public.model_has_roles VALUES (3, 'App\Models\User', 5989);
INSERT INTO public.model_has_roles VALUES (3, 'App\Models\User', 5990);
INSERT INTO public.model_has_roles VALUES (3, 'App\Models\User', 5991);
INSERT INTO public.model_has_roles VALUES (3, 'App\Models\User', 5992);
INSERT INTO public.model_has_roles VALUES (3, 'App\Models\User', 5993);
INSERT INTO public.model_has_roles VALUES (3, 'App\Models\User', 5994);
INSERT INTO public.model_has_roles VALUES (3, 'App\Models\User', 5995);
INSERT INTO public.model_has_roles VALUES (3, 'App\Models\User', 5996);
INSERT INTO public.model_has_roles VALUES (3, 'App\Models\User', 5997);
INSERT INTO public.model_has_roles VALUES (3, 'App\Models\User', 5998);
INSERT INTO public.model_has_roles VALUES (3, 'App\Models\User', 5999);
INSERT INTO public.model_has_roles VALUES (3, 'App\Models\User', 6000);
INSERT INTO public.model_has_roles VALUES (3, 'App\Models\User', 6001);
INSERT INTO public.model_has_roles VALUES (3, 'App\Models\User', 6002);
INSERT INTO public.model_has_roles VALUES (3, 'App\Models\User', 6003);
INSERT INTO public.model_has_roles VALUES (3, 'App\Models\User', 6004);
INSERT INTO public.model_has_roles VALUES (3, 'App\Models\User', 6005);
INSERT INTO public.model_has_roles VALUES (3, 'App\Models\User', 6006);
INSERT INTO public.model_has_roles VALUES (3, 'App\Models\User', 6007);
INSERT INTO public.model_has_roles VALUES (3, 'App\Models\User', 6008);
INSERT INTO public.model_has_roles VALUES (3, 'App\Models\User', 6009);
INSERT INTO public.model_has_roles VALUES (3, 'App\Models\User', 6010);
INSERT INTO public.model_has_roles VALUES (3, 'App\Models\User', 6011);
INSERT INTO public.model_has_roles VALUES (3, 'App\Models\User', 6012);
INSERT INTO public.model_has_roles VALUES (3, 'App\Models\User', 6013);
INSERT INTO public.model_has_roles VALUES (3, 'App\Models\User', 6014);
INSERT INTO public.model_has_roles VALUES (3, 'App\Models\User', 6015);
INSERT INTO public.model_has_roles VALUES (3, 'App\Models\User', 6016);
INSERT INTO public.model_has_roles VALUES (3, 'App\Models\User', 6017);
INSERT INTO public.model_has_roles VALUES (3, 'App\Models\User', 6018);
INSERT INTO public.model_has_roles VALUES (3, 'App\Models\User', 6019);
INSERT INTO public.model_has_roles VALUES (3, 'App\Models\User', 6020);
INSERT INTO public.model_has_roles VALUES (3, 'App\Models\User', 6021);
INSERT INTO public.model_has_roles VALUES (3, 'App\Models\User', 6022);
INSERT INTO public.model_has_roles VALUES (3, 'App\Models\User', 6023);
INSERT INTO public.model_has_roles VALUES (3, 'App\Models\User', 6024);
INSERT INTO public.model_has_roles VALUES (3, 'App\Models\User', 6025);
INSERT INTO public.model_has_roles VALUES (3, 'App\Models\User', 6026);
INSERT INTO public.model_has_roles VALUES (3, 'App\Models\User', 6027);
INSERT INTO public.model_has_roles VALUES (3, 'App\Models\User', 6028);
INSERT INTO public.model_has_roles VALUES (3, 'App\Models\User', 6029);
INSERT INTO public.model_has_roles VALUES (3, 'App\Models\User', 6030);
INSERT INTO public.model_has_roles VALUES (3, 'App\Models\User', 6031);
INSERT INTO public.model_has_roles VALUES (3, 'App\Models\User', 6032);
INSERT INTO public.model_has_roles VALUES (3, 'App\Models\User', 6033);
INSERT INTO public.model_has_roles VALUES (3, 'App\Models\User', 6034);
INSERT INTO public.model_has_roles VALUES (3, 'App\Models\User', 6035);
INSERT INTO public.model_has_roles VALUES (3, 'App\Models\User', 6036);
INSERT INTO public.model_has_roles VALUES (3, 'App\Models\User', 6037);
INSERT INTO public.model_has_roles VALUES (3, 'App\Models\User', 6038);
INSERT INTO public.model_has_roles VALUES (3, 'App\Models\User', 6039);
INSERT INTO public.model_has_roles VALUES (3, 'App\Models\User', 6040);
INSERT INTO public.model_has_roles VALUES (3, 'App\Models\User', 6041);
INSERT INTO public.model_has_roles VALUES (3, 'App\Models\User', 6042);
INSERT INTO public.model_has_roles VALUES (3, 'App\Models\User', 6043);
INSERT INTO public.model_has_roles VALUES (3, 'App\Models\User', 6044);
INSERT INTO public.model_has_roles VALUES (3, 'App\Models\User', 6045);
INSERT INTO public.model_has_roles VALUES (3, 'App\Models\User', 6047);
INSERT INTO public.model_has_roles VALUES (3, 'App\Models\User', 6048);
INSERT INTO public.model_has_roles VALUES (3, 'App\Models\User', 6049);
INSERT INTO public.model_has_roles VALUES (3, 'App\Models\User', 6050);
INSERT INTO public.model_has_roles VALUES (3, 'App\Models\User', 6053);
INSERT INTO public.model_has_roles VALUES (3, 'App\Models\User', 6054);
INSERT INTO public.model_has_roles VALUES (3, 'App\Models\User', 6056);
INSERT INTO public.model_has_roles VALUES (3, 'App\Models\User', 6057);
INSERT INTO public.model_has_roles VALUES (3, 'App\Models\User', 6058);
INSERT INTO public.model_has_roles VALUES (3, 'App\Models\User', 6059);
INSERT INTO public.model_has_roles VALUES (3, 'App\Models\User', 6060);
INSERT INTO public.model_has_roles VALUES (3, 'App\Models\User', 6061);
INSERT INTO public.model_has_roles VALUES (3, 'App\Models\User', 6062);
INSERT INTO public.model_has_roles VALUES (3, 'App\Models\User', 6063);
INSERT INTO public.model_has_roles VALUES (3, 'App\Models\User', 6046);


--
-- Data for Name: our_features; Type: TABLE DATA; Schema: public; Owner: -
--

INSERT INTO public.our_features VALUES (1, 'fas fa-list', 'Elige una categoría', 'Proin dapibus nisl ornare diam varius mpus. Aenean a quam luctus, finibus tellus ut, convallis eros.', 1, '2023-11-22 10:31:35', '2025-04-21 14:56:47');
INSERT INTO public.our_features VALUES (2, 'fas fa-location-arrow', 'Localizar', 'Proin dapibus nisl ornare diam varius mpus. Aenean a quam luctus, finibus tellus ut, convallis eros.', 1, '2023-11-22 10:32:07', '2025-04-21 14:57:20');
INSERT INTO public.our_features VALUES (3, 'fas fa-user', 'Contactar a un proveedor', 'Proin dapibus nisl ornare diam varius mpus. Aenean a quam luctus, finibus tellus ut, convallis eros.', 1, '2023-11-22 10:33:36', '2025-04-21 14:58:10');


--
-- Data for Name: page_visits; Type: TABLE DATA; Schema: public; Owner: -
--

INSERT INTO public.page_visits VALUES (1, 1, 1, 'http://localhost:8080/user/dashboard', 'user.dashboard', NULL, 'http://localhost:8080/', NULL, '172.19.0.1', '2026-01-07 00:27:04', NULL, '2026-01-07 00:27:04', '2026-01-07 00:27:04');
INSERT INTO public.page_visits VALUES (128, 1, 1, 'http://localhost:8080/about-us', 'about.index', NULL, 'http://localhost:8080/', -594.159124, '192.168.65.1', '2026-03-09 21:56:12', '2026-03-09 22:06:06', '2026-03-09 21:56:12', '2026-03-09 22:06:06');
INSERT INTO public.page_visits VALUES (129, 1, 1, 'http://localhost:8080/suppliers', 'listings', NULL, 'http://localhost:8080/about-us', NULL, '192.168.65.1', '2026-03-09 22:06:06', NULL, '2026-03-09 22:06:06', '2026-03-09 22:06:06');
INSERT INTO public.page_visits VALUES (130, 1, 1, 'http://localhost:8080/suppliers', 'listings', NULL, 'http://localhost:8080/about-us', -8.193399, '192.168.65.1', '2026-03-09 22:08:15', '2026-03-09 22:08:23', '2026-03-09 22:08:15', '2026-03-09 22:08:23');
INSERT INTO public.page_visits VALUES (131, 1, 1, 'http://localhost:8080/suppliers/sustentabilidad-empresarial-y-valor-agregado-sc', 'listing.show', NULL, 'http://localhost:8080/suppliers', -9.056513, '192.168.65.1', '2026-03-09 22:08:23', '2026-03-09 22:08:32', '2026-03-09 22:08:23', '2026-03-09 22:08:32');
INSERT INTO public.page_visits VALUES (132, 1, 1, 'http://localhost:8080/privacy-policy', 'privacy-policy.index', NULL, 'http://localhost:8080/suppliers/sustentabilidad-empresarial-y-valor-agregado-sc', -84.505209, '192.168.65.1', '2026-03-09 22:08:32', '2026-03-09 22:09:56', '2026-03-09 22:08:32', '2026-03-09 22:09:56');
INSERT INTO public.page_visits VALUES (133, 1, 1, 'http://localhost:8080/privacy-policy', 'privacy-policy.index', NULL, 'http://localhost:8080/suppliers/sustentabilidad-empresarial-y-valor-agregado-sc', -45.122703, '192.168.65.1', '2026-03-09 22:09:56', '2026-03-09 22:10:41', '2026-03-09 22:09:56', '2026-03-09 22:10:41');
INSERT INTO public.page_visits VALUES (134, 1, 1, 'http://localhost:8080/privacy-policy', 'privacy-policy.index', NULL, 'http://localhost:8080/suppliers/sustentabilidad-empresarial-y-valor-agregado-sc', -7.956319, '192.168.65.1', '2026-03-09 22:10:41', '2026-03-09 22:10:48', '2026-03-09 22:10:41', '2026-03-09 22:10:48');
INSERT INTO public.page_visits VALUES (135, 1, 1, 'http://localhost:8080/terms-and-condition', 'terms-and-condition.index', NULL, 'http://localhost:8080/privacy-policy', -93.485999, '192.168.65.1', '2026-03-09 22:10:48', '2026-03-09 22:12:21', '2026-03-09 22:10:48', '2026-03-09 22:12:21');
INSERT INTO public.page_visits VALUES (136, 1, 1, 'http://localhost:8080/terms-and-condition', 'terms-and-condition.index', NULL, 'http://localhost:8080/privacy-policy', -8.912850, '192.168.65.1', '2026-03-09 22:12:21', '2026-03-09 22:12:29', '2026-03-09 22:12:21', '2026-03-09 22:12:29');
INSERT INTO public.page_visits VALUES (137, 1, 1, 'http://localhost:8080/contact', 'contact.index', NULL, 'http://localhost:8080/terms-and-condition', -16.441752, '192.168.65.1', '2026-03-09 22:12:29', '2026-03-09 22:12:45', '2026-03-09 22:12:29', '2026-03-09 22:12:45');
INSERT INTO public.page_visits VALUES (138, 1, 1, 'http://localhost:8080/about-us', 'about.index', NULL, 'http://localhost:8080/', -14.030609, '192.168.65.1', '2026-03-09 22:12:45', '2026-03-09 22:12:59', '2026-03-09 22:12:45', '2026-03-09 22:12:59');
INSERT INTO public.page_visits VALUES (139, 1, 1, 'http://localhost:8080/suppliers', 'listings', NULL, 'http://localhost:8080/about-us', -3.464150, '192.168.65.1', '2026-03-09 22:12:59', '2026-03-09 22:13:02', '2026-03-09 22:12:59', '2026-03-09 22:13:02');
INSERT INTO public.page_visits VALUES (140, 1, 1, 'http://localhost:8080/about-us', 'about.index', NULL, 'http://localhost:8080/suppliers', -9.420918, '192.168.65.1', '2026-03-09 22:13:02', '2026-03-09 22:13:11', '2026-03-09 22:13:02', '2026-03-09 22:13:11');
INSERT INTO public.page_visits VALUES (141, 1, 1, 'http://localhost:8080/user/dashboard', 'user.dashboard', NULL, 'http://localhost:8080/', -131.917301, '192.168.65.1', '2026-03-09 22:13:11', '2026-03-09 22:15:22', '2026-03-09 22:13:11', '2026-03-09 22:15:22');
INSERT INTO public.page_visits VALUES (142, 1, 1, 'http://localhost:8080/user/profile', 'user.profile.index', NULL, 'http://localhost:8080/user/dashboard', NULL, '192.168.65.1', '2026-03-09 22:15:22', NULL, '2026-03-09 22:15:22', '2026-03-09 22:15:22');
INSERT INTO public.page_visits VALUES (143, 1, 2, 'http://localhost:8080/user/dashboard', 'user.dashboard', NULL, 'http://localhost:8080/admin/role-user/6052/edit', -16.221044, '192.168.65.1', '2026-03-10 19:08:11', '2026-03-10 19:08:27', '2026-03-10 19:08:11', '2026-03-10 19:08:27');
INSERT INTO public.page_visits VALUES (144, 1, 2, 'http://localhost:8080/user/dashboard', 'user.dashboard', NULL, 'http://localhost:8080/user/dashboard', -2.709410, '192.168.65.1', '2026-03-10 19:08:27', '2026-03-10 19:08:29', '2026-03-10 19:08:27', '2026-03-10 19:08:29');
INSERT INTO public.page_visits VALUES (145, 1, 2, 'http://localhost:8080/user/dashboard', 'user.dashboard', NULL, 'http://localhost:8080/user/dashboard', -69.335619, '192.168.65.1', '2026-03-10 19:08:29', '2026-03-10 19:09:38', '2026-03-10 19:08:29', '2026-03-10 19:09:38');
INSERT INTO public.page_visits VALUES (146, 1, 2, 'http://localhost:8080/user/dashboard', 'user.dashboard', NULL, 'http://localhost:8080/user/dashboard', -493.097844, '192.168.65.1', '2026-03-10 19:09:38', '2026-03-10 19:17:51', '2026-03-10 19:09:38', '2026-03-10 19:17:51');
INSERT INTO public.page_visits VALUES (147, 1, 2, 'http://localhost:8080/user/dashboard', 'user.dashboard', NULL, 'http://localhost:8080/user/dashboard', -2.640526, '192.168.65.1', '2026-03-10 19:17:51', '2026-03-10 19:17:53', '2026-03-10 19:17:51', '2026-03-10 19:17:53');
INSERT INTO public.page_visits VALUES (148, 1, 2, 'http://localhost:8080/user/profile', 'user.profile.index', NULL, 'http://localhost:8080/user/dashboard', -3.368546, '192.168.65.1', '2026-03-10 19:17:53', '2026-03-10 19:17:56', '2026-03-10 19:17:53', '2026-03-10 19:17:56');
INSERT INTO public.page_visits VALUES (149, 1, 2, 'http://localhost:8080/suppliers', 'listings', NULL, 'http://localhost:8080/user/profile', -6.021366, '192.168.65.1', '2026-03-10 19:17:56', '2026-03-10 19:18:02', '2026-03-10 19:17:56', '2026-03-10 19:18:02');
INSERT INTO public.page_visits VALUES (150, 1, 2, 'http://localhost:8080/user/dashboard', 'user.dashboard', NULL, 'http://localhost:8080/suppliers', NULL, '192.168.65.1', '2026-03-10 19:18:02', NULL, '2026-03-10 19:18:02', '2026-03-10 19:18:02');
INSERT INTO public.page_visits VALUES (151, 1, 3, 'http://localhost:8080/user/dashboard', 'user.dashboard', NULL, 'http://localhost:8080/admin/login', -2.220797, '192.168.65.1', '2026-03-10 19:26:52', '2026-03-10 19:26:54', '2026-03-10 19:26:52', '2026-03-10 19:26:54');
INSERT INTO public.page_visits VALUES (152, 1, 3, 'http://localhost:8080/user/dashboard', 'user.dashboard', NULL, 'http://localhost:8080/user/dashboard', -1.876094, '192.168.65.1', '2026-03-10 19:26:54', '2026-03-10 19:26:55', '2026-03-10 19:26:54', '2026-03-10 19:26:55');
INSERT INTO public.page_visits VALUES (153, 1, 3, 'http://localhost:8080/user/dashboard', 'user.dashboard', NULL, 'http://localhost:8080/user/dashboard', -172.934490, '192.168.65.1', '2026-03-10 19:26:55', '2026-03-10 19:29:47', '2026-03-10 19:26:55', '2026-03-10 19:29:47');
INSERT INTO public.page_visits VALUES (154, 1, 3, 'http://localhost:8080/user/dashboard', 'user.dashboard', NULL, 'http://localhost:8080/user/dashboard', NULL, '192.168.65.1', '2026-03-10 19:29:47', NULL, '2026-03-10 19:29:47', '2026-03-10 19:29:47');
INSERT INTO public.page_visits VALUES (155, 1, 3, 'http://localhost:8080/user/dashboard', 'user.dashboard', NULL, 'http://localhost:8080/user/dashboard', NULL, '192.168.65.1', '2026-03-10 19:41:01', NULL, '2026-03-10 19:41:01', '2026-03-10 19:41:01');
INSERT INTO public.page_visits VALUES (156, 1, 3, 'http://localhost:8080/user/dashboard', 'user.dashboard', NULL, 'http://localhost:8080/user/dashboard', NULL, '192.168.65.1', '2026-03-10 19:41:31', NULL, '2026-03-10 19:41:31', '2026-03-10 19:41:31');
INSERT INTO public.page_visits VALUES (157, 1, 3, 'http://localhost:8080/user/dashboard', 'user.dashboard', NULL, 'http://localhost:8080/user/dashboard', NULL, '192.168.65.1', '2026-03-10 19:41:32', NULL, '2026-03-10 19:41:32', '2026-03-10 19:41:32');
INSERT INTO public.page_visits VALUES (158, 1, 3, 'http://localhost:8080/user/dashboard', 'user.dashboard', NULL, 'http://localhost:8080/user/dashboard', NULL, '192.168.65.1', '2026-03-10 19:41:44', NULL, '2026-03-10 19:41:44', '2026-03-10 19:41:44');
INSERT INTO public.page_visits VALUES (159, 1, 4, 'http://localhost:8080/about-us', 'about.index', NULL, 'http://localhost:8080/', -6.969215, '192.168.65.1', '2026-03-10 22:24:18', '2026-03-10 22:24:24', '2026-03-10 22:24:18', '2026-03-10 22:24:24');
INSERT INTO public.page_visits VALUES (160, 1, 4, 'http://localhost:8080/suppliers', 'listings', NULL, 'http://localhost:8080/about-us', -3.946755, '192.168.65.1', '2026-03-10 22:24:24', '2026-03-10 22:24:27', '2026-03-10 22:24:24', '2026-03-10 22:24:27');
INSERT INTO public.page_visits VALUES (161, 1, 4, 'http://localhost:8080/suppliers/sustentabilidad-empresarial-y-valor-agregado-sc', 'listing.show', NULL, 'http://localhost:8080/suppliers', -47.004547, '192.168.65.1', '2026-03-10 22:24:27', '2026-03-10 22:25:14', '2026-03-10 22:24:27', '2026-03-10 22:25:14');
INSERT INTO public.page_visits VALUES (162, 1, 4, 'http://localhost:8080/suppliers/e-mecsa', 'listing.show', NULL, 'http://localhost:8080/suppliers/sustentabilidad-empresarial-y-valor-agregado-sc', -8.131767, '192.168.65.1', '2026-03-10 22:25:14', '2026-03-10 22:25:22', '2026-03-10 22:25:14', '2026-03-10 22:25:22');
INSERT INTO public.page_visits VALUES (163, 1, 4, 'http://localhost:8080/about-us', 'about.index', NULL, 'http://localhost:8080/suppliers/e-mecsa', -2.505391, '192.168.65.1', '2026-03-10 22:25:22', '2026-03-10 22:25:24', '2026-03-10 22:25:22', '2026-03-10 22:25:24');
INSERT INTO public.page_visits VALUES (164, 1, 4, 'http://localhost:8080/privacy-policy', 'privacy-policy.index', NULL, 'http://localhost:8080/about-us', -71.576145, '192.168.65.1', '2026-03-10 22:25:24', '2026-03-10 22:26:35', '2026-03-10 22:25:24', '2026-03-10 22:26:35');
INSERT INTO public.page_visits VALUES (165, 1, 4, 'http://localhost:8080/privacy-policy', 'privacy-policy.index', NULL, 'http://localhost:8080/about-us', -48.992832, '192.168.65.1', '2026-03-10 22:26:35', '2026-03-10 22:27:23', '2026-03-10 22:26:35', '2026-03-10 22:27:23');
INSERT INTO public.page_visits VALUES (166, 1, 4, 'http://localhost:8080/privacy-policy', 'privacy-policy.index', NULL, 'http://localhost:8080/about-us', -20.672965, '192.168.65.1', '2026-03-10 22:27:23', '2026-03-10 22:27:43', '2026-03-10 22:27:23', '2026-03-10 22:27:43');
INSERT INTO public.page_visits VALUES (167, 1, 4, 'http://localhost:8080/privacy-policy', 'privacy-policy.index', NULL, 'http://localhost:8080/about-us', -5.004018, '192.168.65.1', '2026-03-10 22:27:43', '2026-03-10 22:27:48', '2026-03-10 22:27:43', '2026-03-10 22:27:48');
INSERT INTO public.page_visits VALUES (168, 1, 4, 'http://localhost:8080/terms-and-condition', 'terms-and-condition.index', NULL, 'http://localhost:8080/privacy-policy', -40.134886, '192.168.65.1', '2026-03-10 22:27:48', '2026-03-10 22:28:28', '2026-03-10 22:27:48', '2026-03-10 22:28:28');
INSERT INTO public.page_visits VALUES (169, 1, 4, 'http://localhost:8080/terms-and-condition', 'terms-and-condition.index', NULL, 'http://localhost:8080/privacy-policy', -24.838893, '192.168.65.1', '2026-03-10 22:28:28', '2026-03-10 22:28:52', '2026-03-10 22:28:28', '2026-03-10 22:28:52');
INSERT INTO public.page_visits VALUES (170, 1, 4, 'http://localhost:8080/contact', 'contact.index', NULL, 'http://localhost:8080/terms-and-condition', -12.025140, '192.168.65.1', '2026-03-10 22:28:52', '2026-03-10 22:29:04', '2026-03-10 22:28:52', '2026-03-10 22:29:04');
INSERT INTO public.page_visits VALUES (171, 1, 4, 'http://localhost:8080/user/dashboard', 'user.dashboard', NULL, 'http://localhost:8080/contact', NULL, '192.168.65.1', '2026-03-10 22:29:04', NULL, '2026-03-10 22:29:04', '2026-03-10 22:29:04');
INSERT INTO public.page_visits VALUES (172, 1, 5, 'http://localhost:8080/user/dashboard', 'user.dashboard', NULL, 'http://localhost:8080/', NULL, '192.168.65.1', '2026-03-10 22:37:45', NULL, '2026-03-10 22:37:45', '2026-03-10 22:37:45');
INSERT INTO public.page_visits VALUES (173, 1, 6, 'http://localhost:8080/user/dashboard', 'user.dashboard', NULL, 'http://localhost:8080/', -357.284043, '192.168.65.1', '2026-03-10 22:40:30', '2026-03-10 22:46:27', '2026-03-10 22:40:30', '2026-03-10 22:46:27');
INSERT INTO public.page_visits VALUES (174, 1, 6, 'http://localhost:8080/about-us', 'about.index', NULL, 'http://localhost:8080/', -3.894678, '192.168.65.1', '2026-03-10 22:46:27', '2026-03-10 22:46:30', '2026-03-10 22:46:27', '2026-03-10 22:46:30');
INSERT INTO public.page_visits VALUES (175, 1, 6, 'http://localhost:8080/suppliers', 'listings', NULL, 'http://localhost:8080/about-us', -3.633771, '192.168.65.1', '2026-03-10 22:46:30', '2026-03-10 22:46:33', '2026-03-10 22:46:30', '2026-03-10 22:46:33');
INSERT INTO public.page_visits VALUES (176, 1, 6, 'http://localhost:8080/about-us', 'about.index', NULL, 'http://localhost:8080/suppliers', -2.630053, '192.168.65.1', '2026-03-10 22:46:33', '2026-03-10 22:46:35', '2026-03-10 22:46:33', '2026-03-10 22:46:35');
INSERT INTO public.page_visits VALUES (177, 1, 6, 'http://localhost:8080/contact', 'contact.index', NULL, 'http://localhost:8080/about-us', -1115.009827, '192.168.65.1', '2026-03-10 22:46:35', '2026-03-10 23:05:10', '2026-03-10 22:46:35', '2026-03-10 23:05:10');
INSERT INTO public.page_visits VALUES (178, 1, 6, 'http://localhost:8080/user/dashboard', 'user.dashboard', NULL, 'http://localhost:8080/contact', -577.360406, '192.168.65.1', '2026-03-10 23:05:10', '2026-03-10 23:14:47', '2026-03-10 23:05:10', '2026-03-10 23:14:47');
INSERT INTO public.page_visits VALUES (179, 1, 6, 'http://localhost:8080/user/dashboard', 'user.dashboard', NULL, 'http://localhost:8080/', -63.518440, '192.168.65.1', '2026-03-10 23:14:47', '2026-03-10 23:15:50', '2026-03-10 23:14:47', '2026-03-10 23:15:50');
INSERT INTO public.page_visits VALUES (180, 1, 6, 'http://localhost:8080/user/dashboard', 'user.dashboard', NULL, 'http://localhost:8080/', -174.650386, '192.168.65.1', '2026-03-10 23:15:50', '2026-03-10 23:18:44', '2026-03-10 23:15:50', '2026-03-10 23:18:44');
INSERT INTO public.page_visits VALUES (181, 1, 6, 'http://localhost:8080/user/profile', 'user.profile.index', NULL, 'http://localhost:8080/user/dashboard', -246.788435, '192.168.65.1', '2026-03-10 23:18:44', '2026-03-10 23:22:50', '2026-03-10 23:18:44', '2026-03-10 23:22:50');
INSERT INTO public.page_visits VALUES (182, 1, 6, 'http://localhost:8080/user/profile', 'user.profile.index', NULL, 'http://localhost:8080/user/dashboard', -19.311956, '192.168.65.1', '2026-03-10 23:22:50', '2026-03-10 23:23:09', '2026-03-10 23:22:50', '2026-03-10 23:23:09');
INSERT INTO public.page_visits VALUES (183, 1, 6, 'http://localhost:8080/user/profile', 'user.profile.index', NULL, 'http://localhost:8080/user/dashboard', -295.405793, '192.168.65.1', '2026-03-10 23:23:09', '2026-03-10 23:28:04', '2026-03-10 23:23:09', '2026-03-10 23:28:04');
INSERT INTO public.page_visits VALUES (184, 1, 6, 'http://localhost:8080/user/profile', 'user.profile.index', NULL, 'http://localhost:8080/user/dashboard', -48.496894, '192.168.65.1', '2026-03-10 23:28:04', '2026-03-10 23:28:52', '2026-03-10 23:28:04', '2026-03-10 23:28:52');
INSERT INTO public.page_visits VALUES (185, 1, 6, 'http://localhost:8080/user/profile', 'user.profile.index', NULL, 'http://localhost:8080/user/dashboard', -12.087618, '192.168.65.1', '2026-03-10 23:28:52', '2026-03-10 23:29:04', '2026-03-10 23:28:52', '2026-03-10 23:29:04');
INSERT INTO public.page_visits VALUES (186, 1, 6, 'http://localhost:8080/user/profile', 'user.profile.index', NULL, 'http://localhost:8080/user/dashboard', -79.141515, '192.168.65.1', '2026-03-10 23:29:04', '2026-03-10 23:30:23', '2026-03-10 23:29:04', '2026-03-10 23:30:23');
INSERT INTO public.page_visits VALUES (187, 1, 6, 'http://localhost:8080/user/profile', 'user.profile.index', NULL, 'http://localhost:8080/user/dashboard', -16.430477, '192.168.65.1', '2026-03-10 23:30:23', '2026-03-10 23:30:39', '2026-03-10 23:30:23', '2026-03-10 23:30:39');
INSERT INTO public.page_visits VALUES (188, 1, 6, 'http://localhost:8080/user/profile', 'user.profile.index', NULL, 'http://localhost:8080/user/dashboard', NULL, '192.168.65.1', '2026-03-10 23:30:39', NULL, '2026-03-10 23:30:39', '2026-03-10 23:30:39');


--
-- Data for Name: password_reset_tokens; Type: TABLE DATA; Schema: public; Owner: -
--

INSERT INTO public.password_reset_tokens VALUES ('grupoamgov@hotmail.com', '$2y$10$eukjZj/aiZEYMIO3zeHx/.kx7DaiRe.PFhBAPTm4.huLi9ogqSZJm', '2025-10-24 21:59:36');


--
-- Data for Name: permissions; Type: TABLE DATA; Schema: public; Owner: -
--

INSERT INTO public.permissions VALUES (13, 'access management sections content', 'accesos', 'web', '2026-03-09 23:30:51', '2026-03-09 23:30:51');
INSERT INTO public.permissions VALUES (14, 'access management suppliers', 'accesos', 'web', '2026-03-09 23:30:51', '2026-03-09 23:30:51');
INSERT INTO public.permissions VALUES (15, 'access management pages', 'accesos', 'web', '2026-03-09 23:30:51', '2026-03-09 23:30:51');
INSERT INTO public.permissions VALUES (16, 'access management footer', 'accesos', 'web', '2026-03-09 23:30:51', '2026-03-09 23:30:51');
INSERT INTO public.permissions VALUES (17, 'access management users', 'accesos', 'web', '2026-03-09 23:30:51', '2026-03-09 23:30:51');
INSERT INTO public.permissions VALUES (18, 'access management gas price', 'accesos', 'web', '2026-03-09 23:30:51', '2026-03-09 23:30:51');
INSERT INTO public.permissions VALUES (19, 'access management statics users', 'accesos', 'web', '2026-03-09 23:30:51', '2026-03-09 23:30:51');
INSERT INTO public.permissions VALUES (20, 'access management menu builder', 'accesos', 'web', '2026-03-09 23:30:51', '2026-03-09 23:30:51');
INSERT INTO public.permissions VALUES (21, 'access management settings maosa', 'accesos', 'web', '2026-03-09 23:30:51', '2026-03-09 23:30:51');
INSERT INTO public.permissions VALUES (22, 'access management users index', 'accesos', 'web', '2026-03-09 23:30:51', '2026-03-09 23:30:51');
INSERT INTO public.permissions VALUES (23, 'access management users create', 'accesos', 'web', '2026-03-09 23:30:51', '2026-03-09 23:30:51');
INSERT INTO public.permissions VALUES (24, 'access management users update', 'accesos', 'web', '2026-03-09 23:30:51', '2026-03-09 23:30:51');
INSERT INTO public.permissions VALUES (25, 'access management users delete', 'accesos', 'web', '2026-03-09 23:30:51', '2026-03-09 23:30:51');
INSERT INTO public.permissions VALUES (26, 'access management roles index', 'accesos', 'web', '2026-03-09 23:30:51', '2026-03-09 23:30:51');
INSERT INTO public.permissions VALUES (27, 'access management roles create', 'accesos', 'web', '2026-03-09 23:30:51', '2026-03-09 23:30:51');
INSERT INTO public.permissions VALUES (28, 'access management roles update', 'accesos', 'web', '2026-03-09 23:30:51', '2026-03-09 23:30:51');
INSERT INTO public.permissions VALUES (29, 'access management roles delete', 'accesos', 'web', '2026-03-09 23:30:51', '2026-03-09 23:30:51');
INSERT INTO public.permissions VALUES (30, 'access management users permissions', 'accesos', 'web', '2026-03-09 23:30:51', '2026-03-09 23:30:51');
INSERT INTO public.permissions VALUES (31, 'order create', 'accesos', 'web', '2026-03-09 23:30:51', '2026-03-09 23:30:51');
INSERT INTO public.permissions VALUES (32, 'order update', 'accesos', 'web', '2026-03-09 23:30:51', '2026-03-09 23:30:51');


--
-- Data for Name: personal_access_tokens; Type: TABLE DATA; Schema: public; Owner: -
--



--
-- Data for Name: privacy_policies; Type: TABLE DATA; Schema: public; Owner: -
--

INSERT INTO public.privacy_policies VALUES (1, '<p><span style="font-size: 12pt; font-family: verdana, geneva, sans-serif; color: #000000;"><strong>Maosa Prime</strong> es un servicio ofrecido por <strong>Manuel Arroyo Ortega y Sucesores, S.A. de C.V. (Maosa)</strong>, con domicilio en Frente Estaci&oacute;n FF CC colonia anahuac Zacapu Michoac&aacute;n Cp 58630, quien ser&aacute; el responsable del tratamiento de sus datos personales.</span></p>
<p><span style="font-size: 12pt; font-family: verdana, geneva, sans-serif; color: #000000;"><strong>Finalidad del tratamiento de los datos personales:</strong></span></p>
<p><span style="font-family: verdana, geneva, sans-serif; font-size: 12pt; color: #000000;">Los datos personales que usted nos proporciona ser&aacute;n utilizados para las&nbsp;siguientes finalidades:</span></p>
<ul>
<li style="font-family: verdana, geneva, sans-serif; font-size: 12pt; color: #000000;"><span style="font-size: 12pt; font-family: verdana, geneva, sans-serif; color: #000000;">Registrar su acceso a la plataforma Maosa Prime.</span></li>
<li style="font-family: verdana, geneva, sans-serif; font-size: 12pt; color: #000000;"><span style="font-size: 12pt; font-family: verdana, geneva, sans-serif; color: #000000;">Verificar su identidad como cliente activo de Maosa.</span></li>
<li style="font-family: verdana, geneva, sans-serif; font-size: 12pt; color: #000000;"><span style="font-size: 12pt; font-family: verdana, geneva, sans-serif; color: #000000;">Ofrecerle acceso a proveedores y servicios dentro de la plataforma.</span></li>
<li style="font-family: verdana, geneva, sans-serif; font-size: 12pt; color: #000000;"><span style="font-size: 12pt; font-family: verdana, geneva, sans-serif; color: #000000;">Contactarlo con fines de atenci&oacute;n, seguimiento y mejora del servicio.</span></li>
<li style="font-family: verdana, geneva, sans-serif; font-size: 12pt; color: #000000;"><span style="font-family: verdana, geneva, sans-serif; font-size: 12pt; color: #000000;">Enviar informaci&oacute;n relevante sobre productos, servicios o beneficios&nbsp;relacionados con Maosa Prime.</span></li>
<li style="font-family: verdana, geneva, sans-serif; font-size: 12pt; color: #000000;"><span style="font-size: 12pt; font-family: verdana, geneva, sans-serif; color: #000000;">Generar estad&iacute;sticas internas sobre el uso de la plataforma.</span></li>
</ul>
<p>&nbsp;</p>
<p><span style="font-size: 12pt; font-family: verdana, geneva, sans-serif; color: #000000;"><strong>Datos personales recabados:</strong></span></p>
<p><span style="font-family: verdana, geneva, sans-serif; font-size: 12pt; color: #000000;">Los datos que podemos recabar incluyen: nombre completo, raz&oacute;n social, RFC, correo electr&oacute;nico, n&uacute;mero telef&oacute;nico, domicilio fiscal, y cualquier otro dato necesario para validar su relaci&oacute;n comercial con Maosa.</span></p>
<p>&nbsp;</p>
<p><span style="font-size: 12pt; font-family: verdana, geneva, sans-serif; color: #000000;"><strong>Transferencia de datos personales:</strong></span></p>
<p><span style="font-family: verdana, geneva, sans-serif; font-size: 12pt; color: #000000;">Maosa no compartir&aacute; sus datos personales con terceros, salvo que sea necesario&nbsp;para cumplir con obligaciones legales o requerimientos de autoridad competente.</span></p>
<p><span style="font-size: 12pt; font-family: verdana, geneva, sans-serif; color: #000000;">No se realizar&aacute;n transferencias de datos sin su consentimiento expreso.</span></p>
<p>&nbsp;</p>
<p><span style="font-size: 12pt; font-family: verdana, geneva, sans-serif; color: #000000;"><strong>Medidas de seguridad:</strong></span></p>
<p><span style="font-family: verdana, geneva, sans-serif; font-size: 12pt; color: #000000;">Maosa ha implementado medidas administrativas, t&eacute;cnicas y f&iacute;sicas para proteger&nbsp;sus datos personales contra da&ntilde;o, p&eacute;rdida, alteraci&oacute;n, destrucci&oacute;n o el uso,&nbsp;acceso o tratamiento no autorizado.</span></p>
<p>&nbsp;</p>
<p><span style="font-size: 12pt; font-family: verdana, geneva, sans-serif; color: #000000;"><strong>Derechos ARCO (Acceso, Rectificaci&oacute;n, Cancelaci&oacute;n y Oposici&oacute;n):</strong></span></p>
<p><span style="font-family: verdana, geneva, sans-serif; font-size: 12pt; color: #000000;">Usted tiene derecho a acceder a sus datos personales, rectificarlos si son&nbsp;inexactos o incompletos, cancelarlos u oponerse a su uso para fines espec&iacute;ficos.</span></p>
<p><span style="font-family: verdana, geneva, sans-serif; font-size: 12pt; color: #000000;">Para ejercer estos derechos, puede enviar su solicitud al correo: [insertar correo&nbsp;oficial].</span></p>
<p>&nbsp;</p>
<p><span style="font-size: 12pt; font-family: verdana, geneva, sans-serif; color: #000000;"><strong>Cambios al aviso de privacidad:</strong></span></p>
<p><span style="font-family: verdana, geneva, sans-serif; font-size: 12pt; color: #000000;">Este aviso de privacidad puede ser modificado en cualquier momento. Las&nbsp;actualizaciones ser&aacute;n publicadas en la plataforma Maosa Prime o mediante los&nbsp;medios que Maosa considere adecuados.</span></p>
<p>&nbsp;</p>
<p><span style="font-size: 12pt; font-family: verdana, geneva, sans-serif; color: #000000;"><strong>Contacto:</strong></span></p>
<p><span style="font-family: verdana, geneva, sans-serif; font-size: 12pt; color: #000000;">Para cualquier duda sobre este aviso de privacidad, puede comunicarse con nosotros al correo:&nbsp;</span><span style="font-size: 12pt; font-family: verdana, geneva, sans-serif; color: #000000;">ventas@maosa.com.mx o al tel&eacute;fono: 443 141 5734.</span></p>', '2023-11-23 04:06:08', '2026-03-10 22:27:41');


--
-- Data for Name: role_has_permissions; Type: TABLE DATA; Schema: public; Owner: -
--

INSERT INTO public.role_has_permissions VALUES (13, 2);
INSERT INTO public.role_has_permissions VALUES (14, 2);
INSERT INTO public.role_has_permissions VALUES (15, 2);
INSERT INTO public.role_has_permissions VALUES (16, 2);
INSERT INTO public.role_has_permissions VALUES (17, 2);
INSERT INTO public.role_has_permissions VALUES (18, 2);
INSERT INTO public.role_has_permissions VALUES (19, 2);
INSERT INTO public.role_has_permissions VALUES (20, 2);
INSERT INTO public.role_has_permissions VALUES (21, 2);
INSERT INTO public.role_has_permissions VALUES (22, 2);
INSERT INTO public.role_has_permissions VALUES (23, 2);
INSERT INTO public.role_has_permissions VALUES (24, 2);
INSERT INTO public.role_has_permissions VALUES (25, 2);
INSERT INTO public.role_has_permissions VALUES (26, 2);
INSERT INTO public.role_has_permissions VALUES (27, 2);
INSERT INTO public.role_has_permissions VALUES (28, 2);
INSERT INTO public.role_has_permissions VALUES (29, 2);
INSERT INTO public.role_has_permissions VALUES (30, 2);
INSERT INTO public.role_has_permissions VALUES (31, 2);
INSERT INTO public.role_has_permissions VALUES (32, 2);


--
-- Data for Name: roles; Type: TABLE DATA; Schema: public; Owner: -
--

INSERT INTO public.roles VALUES (2, 'Super Admin', 'web', '2023-11-19 04:41:30', '2023-11-19 04:41:30');
INSERT INTO public.roles VALUES (3, 'User', 'web', '2023-11-19 05:27:36', '2023-11-19 05:27:36');


--
-- Data for Name: section_titles; Type: TABLE DATA; Schema: public; Owner: -
--

INSERT INTO public.section_titles VALUES (1, 'Nuestras funciones', 'Lorem ipsum dolor sit amet, qui assum oblique praesent te. Quo ei erant essent scaevola estut clita dolorem ei est mazim fuisset scribentur.', 'Categorías', 'Lorem ipsum dolor sit amet, qui assum oblique praesent te. Quo ei erant essent scaevola estut clita dolorem ei est mazim fuisset scribentur.', 'Ubicaciones', 'Lorem ipsum dolor sit amet, qui assum oblique praesent te. Quo ei erant essent scaevola estut clita dolorem ei est mazim fuisset scribentur.', 'Nuestra oferta destacada', 'Lorem ipsum dolor sit amet, qui assum oblique praesent te. Quo ei erant essent scaevola estut clita dolorem ei est mazim fuisset scribentur.', 'Our pricing', 'Lorem ipsum dolor sit amet, qui assum oblique praesent te. Quo ei erant essent scaevola estut clita dolorem ei est mazim fuisset scribentur.', 'Testimonials', 'Lorem ipsum dolor sit amet, qui assum oblique praesent te. Quo ei erant essent scaevola estut clita dolorem ei est mazim fuisset scribentur.', 'Nuestro Blog', 'Lorem ipsum dolor sit amet, qui assum oblique praesent te. Quo ei erant essent scaevola estut clita dolorem ei est mazim fuisset scribentur.', '2023-11-22 10:44:57', '2026-03-10 22:36:39');


--
-- Data for Name: sessions; Type: TABLE DATA; Schema: public; Owner: -
--

INSERT INTO public.sessions VALUES ('ALKZtdR0TuQiUEePnaVJRForqzUg156OgcJGNCBZ', NULL, '204.76.203.25', 'Mozilla/5.0 (Windows NT 10.0; Win64; x64) AppleWebKit/537.36 (KHTML, like Gecko) Chrome/134.0.0.0 Safari/537.3', 'YTozOntzOjY6Il90b2tlbiI7czo0MDoiMzFMeWxZNXhEQVk0RFpRWHNVZFFUQ3lNejdhMGRYcDU3MjlxSzQzeSI7czo5OiJfcHJldmlvdXMiO2E6MTp7czozOiJ1cmwiO3M6MjU6Imh0dHBzOi8vbWFpbC5wb3MtYXBwLnRlY2giO31zOjY6Il9mbGFzaCI7YToyOntzOjM6Im9sZCI7YTowOnt9czozOiJuZXciO2E6MDp7fX19', 1773052500);
INSERT INTO public.sessions VALUES ('hLAkUZgvrqghbtDLqYmWTICqYvVvi0J4xRlFOcF2', NULL, '3.107.201.23', 'Mozilla/5.0 (X11; Linux x86_64) AppleWebKit/537.36 (KHTML, like Gecko) Chrome/131.0.0.0 Safari/537.36', 'YTozOntzOjY6Il90b2tlbiI7czo0MDoiQzNEWXdsSHliR1pHSDZDUzE1dTQ4WVh3RkZPbWxQMXppcDRsNjZpaCI7czo5OiJfcHJldmlvdXMiO2E6MTp7czozOiJ1cmwiO3M6NDM6Imh0dHBzOi8vd3d3LnBvcy1hcHAudGVjaC5tYXJrc2RldmVsb3Blci5jb20iO31zOjY6Il9mbGFzaCI7YToyOntzOjM6Im9sZCI7YTowOnt9czozOiJuZXciO2E6MDp7fX19', 1773061457);
INSERT INTO public.sessions VALUES ('Qiy2PxaPU95Rz13EHDb0IjzBvJXTgk0FbK6gUWz3', NULL, '16.171.249.30', 'Mozilla/5.0 (Macintosh; Intel Mac OS X 10_15_7) AppleWebKit/537.36 (KHTML, like Gecko) Chrome/131.0.0.0 Safari/537.36', 'YTozOntzOjY6Il90b2tlbiI7czo0MDoiMUJsYU4xNm9DMGVSYjlSakUxRUZmZkhOWlpPUGNFRzRlUnVtQWV4MyI7czo5OiJfcHJldmlvdXMiO2E6MTp7czozOiJ1cmwiO3M6MjU6Imh0dHBzOi8vbWFpbC5wb3MtYXBwLnRlY2giO31zOjY6Il9mbGFzaCI7YToyOntzOjM6Im9sZCI7YTowOnt9czozOiJuZXciO2E6MDp7fX19', 1773058542);
INSERT INTO public.sessions VALUES ('qoNpKrTx8HK2UTqwiiXGr8EFTWKfVCNRQAkOzRa4', NULL, '13.222.14.148', 'Mozilla/5.0 (Macintosh; Intel Mac OS X 10_15_7) AppleWebKit/537.36 (KHTML, like Gecko) Chrome/131.0.0.0 Safari/537.36', 'YTozOntzOjY6Il90b2tlbiI7czo0MDoiVnFubFpuSWZYMkhRUnlDRUtVUnF3OXZ3TVNCRUxjenI2Y05ZR2w2UiI7czo5OiJfcHJldmlvdXMiO2E6MTp7czozOiJ1cmwiO3M6Mzk6Imh0dHBzOi8vcG9zLWFwcC50ZWNoLm1hcmtzZGV2ZWxvcGVyLmNvbSI7fXM6NjoiX2ZsYXNoIjthOjI6e3M6Mzoib2xkIjthOjA6e31zOjM6Im5ldyI7YTowOnt9fX0=', 1773058953);
INSERT INTO public.sessions VALUES ('v2Yj5vu9fwSHYapNvhYlr911TQ1b7Ragk3KuiBDS', NULL, '207.211.167.189', 'Mozilla/5.0 (Windows NT 10.0; Win64; x64) AppleWebKit/537.36 Chrome/116.0 Safari/537.36', 'YTozOntzOjY6Il90b2tlbiI7czo0MDoialM4TWFoU3ZVc0hTWFR3bHBnaDVHZ0Z5MGprUVpnejY1bFZnclN0SiI7czo5OiJfcHJldmlvdXMiO2E6MTp7czozOiJ1cmwiO3M6Mzg6Imh0dHA6Ly9wb3MtYXBwLnRlY2gubWFya3NkZXZlbG9wZXIuY29tIjt9czo2OiJfZmxhc2giO2E6Mjp7czozOiJvbGQiO2E6MDp7fXM6MzoibmV3IjthOjA6e319fQ==', 1773063945);


--
-- Data for Name: settings; Type: TABLE DATA; Schema: public; Owner: -
--

INSERT INTO public.settings VALUES (1, 'site_name', 'Maosa Prime', '2023-10-21 23:24:03', '2025-04-21 14:21:31');
INSERT INTO public.settings VALUES (2, 'site_email', 'ventas@maosa.com.mx', '2023-10-21 23:24:03', '2025-06-17 20:40:00');
INSERT INTO public.settings VALUES (3, 'site_phone', '(800) 00MAOSA', '2023-10-21 23:24:03', '2025-06-20 01:20:00');
INSERT INTO public.settings VALUES (4, 'site_default_currency', 'MXN', '2023-10-21 23:24:03', '2023-10-23 00:32:25');
INSERT INTO public.settings VALUES (5, 'site_currency_icon', 'MXN', '2023-10-21 23:24:03', '2025-04-21 14:21:32');
INSERT INTO public.settings VALUES (6, 'site_currency_position', 'left', '2023-10-21 23:24:03', '2023-10-22 04:09:36');
INSERT INTO public.settings VALUES (7, 'site_timezone', 'America/Mexico_City', '2023-10-29 00:51:52', '2025-04-21 19:40:16');
INSERT INTO public.settings VALUES (8, 'logo', '/uploads/media_6851d26160ca7.png', '2023-11-21 01:03:53', '2025-06-18 02:38:57');
INSERT INTO public.settings VALUES (9, 'favicon', '/uploads/media_683ca89bf39d1.png', '2023-11-21 01:03:53', '2025-06-01 19:23:08');
INSERT INTO public.settings VALUES (10, 'site_default_color', '#c9982a', '2023-11-21 07:53:24', '2025-04-21 14:19:29');


--
-- Data for Name: social_networks; Type: TABLE DATA; Schema: public; Owner: -
--

INSERT INTO public.social_networks VALUES (1, 'Facebook', 'facebook', 'fab fa-facebook', '#1877F2', true, 1, '2026-01-07 16:57:12', '2026-01-07 16:57:12');
INSERT INTO public.social_networks VALUES (2, 'Instagram', 'instagram', 'fab fa-instagram', '#E4405F', true, 2, '2026-01-07 16:57:12', '2026-01-07 16:57:12');
INSERT INTO public.social_networks VALUES (3, 'X (Twitter)', 'x', 'fab fa-x-twitter', '#000000', true, 3, '2026-01-07 16:57:12', '2026-01-07 16:57:12');
INSERT INTO public.social_networks VALUES (4, 'LinkedIn', 'linkedin', 'fab fa-linkedin', '#0A66C2', true, 4, '2026-01-07 16:57:12', '2026-01-07 16:57:12');
INSERT INTO public.social_networks VALUES (5, 'WhatsApp', 'whatsapp', 'fab fa-whatsapp', '#25D366', true, 5, '2026-01-07 16:57:12', '2026-01-07 16:57:12');
INSERT INTO public.social_networks VALUES (6, 'YouTube', 'youtube', 'fab fa-youtube', '#FF0000', true, 6, '2026-01-07 16:57:12', '2026-01-07 16:57:12');
INSERT INTO public.social_networks VALUES (7, 'TikTok', 'tiktok', 'fab fa-tiktok', '#000000', true, 7, '2026-01-07 16:57:12', '2026-01-07 16:57:12');
INSERT INTO public.social_networks VALUES (8, 'Telegram', 'telegram', 'fab fa-telegram', '#26A5E4', true, 8, '2026-01-07 16:57:12', '2026-01-07 16:57:12');
INSERT INTO public.social_networks VALUES (9, 'Pinterest', 'pinterest', 'fab fa-pinterest', '#BD081C', true, 9, '2026-01-07 16:57:12', '2026-01-07 16:57:12');
INSERT INTO public.social_networks VALUES (10, 'Snapchat', 'snapchat', 'fab fa-snapchat', '#FFFC00', true, 10, '2026-01-07 16:57:12', '2026-01-07 16:57:12');
INSERT INTO public.social_networks VALUES (11, 'Discord', 'discord', 'fab fa-discord', '#5865F2', true, 11, '2026-01-07 16:57:12', '2026-01-07 16:57:12');
INSERT INTO public.social_networks VALUES (12, 'Twitch', 'twitch', 'fab fa-twitch', '#9146FF', true, 12, '2026-01-07 16:57:12', '2026-01-07 16:57:12');
INSERT INTO public.social_networks VALUES (13, 'Reddit', 'reddit', 'fab fa-reddit', '#FF4500', true, 13, '2026-01-07 16:57:12', '2026-01-07 16:57:12');
INSERT INTO public.social_networks VALUES (14, 'GitHub', 'github', 'fab fa-github', '#181717', true, 14, '2026-01-07 16:57:12', '2026-01-07 16:57:12');
INSERT INTO public.social_networks VALUES (15, 'Website', 'website', 'fas fa-globe', '#0066CC', true, 15, '2026-01-07 16:57:12', '2026-01-07 16:57:12');


--
-- Data for Name: terms_and_conditions; Type: TABLE DATA; Schema: public; Owner: -
--

INSERT INTO public.terms_and_conditions VALUES (1, '<h3 class="MsoNormal"><span style="font-family: verdana, geneva, sans-serif; color: #000000;"><strong>El acceso y uso de la plataforma Maosa Prime implica la aceptaci&oacute;n de los siguientes t&eacute;rminos y condiciones:</strong></span></h3>
<p class="MsoNormal"><span style="font-family: verdana, geneva, sans-serif; color: #000000;"><strong>1. Uso exclusivo para clientes Maosa</strong></span></p>
<p class="MsoNormal" style="margin-left: 35.4pt;"><span style="font-family: verdana, geneva, sans-serif; color: #000000;">La plataforma est&aacute; disponible &uacute;nicamente para clientes activos de Maosa. Su uso est&aacute; sujeto a la relaci&oacute;n comercial vigente.</span></p>
<p class="MsoNormal"><span style="font-family: verdana, geneva, sans-serif; color: #000000;"><strong>2. Responsabilidad sobre decisiones comerciales</strong></span></p>
<p class="MsoNormal" style="margin-left: 35.4pt;"><span style="font-family: verdana, geneva, sans-serif; color: #000000;">Maosa Prime permite el acceso a proveedores seleccionados, pero cada cliente es responsable de evaluar y decidir con qui&eacute;n establecer relaciones</span></p>
<p class="MsoNormal" style="margin-left: 35.4pt;"><span style="font-family: verdana, geneva, sans-serif; color: #000000;">comerciales. Maosa no act&uacute;a como intermediario ni garantiza los resultados de dichas relaciones.</span></p>
<p class="MsoNormal"><span style="font-family: verdana, geneva, sans-serif; color: #000000;"><strong>3. Actualizaci&oacute;n de informaci&oacute;n</strong></span></p>
<p class="MsoNormal" style="margin-left: 35.4pt;"><span style="font-family: verdana, geneva, sans-serif; color: #000000;">Los contenidos y proveedores publicados pueden cambiar sin previo aviso.</span></p>
<p class="MsoNormal" style="margin-left: 35.4pt;"><span style="font-family: verdana, geneva, sans-serif; color: #000000;">Maosa se reserva el derecho de modificar, actualizar o retirar cualquier informaci&oacute;n.</span></p>
<p class="MsoNormal"><span style="font-family: verdana, geneva, sans-serif; color: #000000;"><strong>4. Privacidad y uso de datos</strong></span></p>
<p class="MsoNormal" style="margin-left: 35.4pt;"><span style="font-family: verdana, geneva, sans-serif; color: #000000;">Toda la informaci&oacute;n proporcionada por los usuarios ser&aacute; tratada con confidencialidad y conforme a nuestro aviso de privacidad. No ser&aacute; compartida con terceros sin autorizaci&oacute;n.</span></p>
<p class="MsoNormal"><span style="font-family: verdana, geneva, sans-serif; color: #000000;"><strong>5. Acceso y disponibilidad del servicio</strong></span></p>
<p class="MsoNormal" style="margin-left: 35.4pt;"><span style="font-family: verdana, geneva, sans-serif; color: #000000;">Maosa se esfuerza por mantener la plataforma operativa en todo momento, aunque pueden presentarse interrupciones por mantenimiento o causas externas fuera de nuestro control.</span></p>
<p class="MsoNormal"><span style="font-family: verdana, geneva, sans-serif; color: #000000;"><strong>6. Prohibici&oacute;n de uso indebido</strong></span></p>
<p class="MsoNormal" style="margin-left: 35.4pt;"><span style="font-family: verdana, geneva, sans-serif; color: #000000;">Se proh&iacute;be el uso de la plataforma para fines no autorizados, como difusi&oacute;n de informaci&oacute;n falsa, promoci&oacute;n de terceros no autorizados o cualquier actividad contraria a los objetivos del servicio.</span></p>
<p class="MsoNormal"><span style="font-family: verdana, geneva, sans-serif; color: #000000;"><strong>7. Registro y acceso personal</strong></span></p>
<p class="MsoNormal" style="margin-left: 35.4pt;"><span style="font-family: verdana, geneva, sans-serif; color: #000000;">Cada cuenta de usuario es personal e intransferible. El cliente es responsable de la seguridad y uso adecuado de sus credenciales.</span></p>
<p class="MsoNormal"><span style="font-family: verdana, geneva, sans-serif; color: #000000;"><strong>8. Vigencia del acceso</strong></span></p>
<p class="MsoNormal" style="margin-left: 35.4pt;"><span style="font-family: verdana, geneva, sans-serif; color: #000000;">El acceso a Maosa Prime est&aacute; vinculado a la relaci&oacute;n comercial con Maosa.</span></p>
<p class="MsoNormal" style="margin-left: 35.4pt;"><span style="font-family: verdana, geneva, sans-serif; color: #000000;">La cancelaci&oacute;n o suspensi&oacute;n de dicha relaci&oacute;n puede conllevar la p&eacute;rdida del acceso.</span></p>
<p class="MsoNormal"><span style="font-family: verdana, geneva, sans-serif; color: #000000;"><strong>9. Contenido informativo</strong></span></p>
<p class="MsoNormal" style="margin-left: 35.4pt;"><span style="font-family: verdana, geneva, sans-serif; color: #000000;">La informaci&oacute;n publicada por los proveedores es de su entera responsabilidad. Maosa no garantiza la exactitud, veracidad o vigencia del contenido.</span></p>
<p class="MsoNormal"><span style="font-family: verdana, geneva, sans-serif; color: #000000;"><strong>10. Modificaciones a los t&eacute;rminos</strong></span></p>
<p class="MsoNormal" style="margin-left: 35.4pt;"><span style="font-family: verdana, geneva, sans-serif; color: #000000;">Estas condiciones pueden actualizarse en cualquier momento. Las modificaciones ser&aacute;n publicadas en la plataforma y el uso posterior de la misma implica su aceptaci&oacute;n.</span></p>
<p class="MsoNormal"><span style="font-family: verdana, geneva, sans-serif; color: #000000;"><strong>11. Limitaci&oacute;n de responsabilidad</strong></span></p>
<p class="MsoNormal" style="margin-left: 35.4pt;"><span style="font-family: verdana, geneva, sans-serif; color: #000000;">Maosa no ser&aacute; responsable por da&ntilde;os, p&eacute;rdidas o inconvenientes derivados del uso de la plataforma ni por el desempe&ntilde;o de los proveedores.</span></p>
<p class="MsoNormal"><span style="font-family: verdana, geneva, sans-serif; color: #000000;"><strong>12. Soporte y contacto</strong></span></p>
<p class="MsoNormal" style="margin-left: 35.4pt;"><span style="font-family: verdana, geneva, sans-serif; color: #000000;">Para cualquier duda, comentario o aclaraci&oacute;n sobre Maosa Prime, los&nbsp;usuarios pueden comunicarse a trav&eacute;s de los canales oficiales de atenci&oacute;n&nbsp;al cliente.&nbsp;</span></p>', '2023-11-23 04:06:21', '2026-03-10 22:28:24');


--
-- Data for Name: user_activities; Type: TABLE DATA; Schema: public; Owner: -
--



--
-- Data for Name: user_branches; Type: TABLE DATA; Schema: public; Owner: -
--



--
-- Data for Name: user_navigation_flows; Type: TABLE DATA; Schema: public; Owner: -
--

INSERT INTO public.user_navigation_flows VALUES (1, 1, 1, NULL, 1, 'http://localhost:8080/', 'http://localhost:8080/user/dashboard', NULL, '2026-01-07 00:27:04', '2026-01-07 00:27:04');
INSERT INTO public.user_navigation_flows VALUES (128, 1, 1, NULL, 128, 'http://localhost:8080/', 'http://localhost:8080/about-us', NULL, '2026-03-09 21:56:12', '2026-03-09 21:56:12');
INSERT INTO public.user_navigation_flows VALUES (129, 1, 1, 128, 130, 'http://localhost:8080/about-us', 'http://localhost:8080/suppliers', -723743.6050, '2026-03-09 22:08:15', '2026-03-09 22:08:15');
INSERT INTO public.user_navigation_flows VALUES (130, 1, 1, 130, 131, 'http://localhost:8080/suppliers', 'http://localhost:8080/suppliers/sustentabilidad-empresarial-y-valor-agregado-sc', -8195.3050, '2026-03-09 22:08:23', '2026-03-09 22:08:23');
INSERT INTO public.user_navigation_flows VALUES (131, 1, 1, 131, 132, 'http://localhost:8080/suppliers/sustentabilidad-empresarial-y-valor-agregado-sc', 'http://localhost:8080/privacy-policy', -9058.6910, '2026-03-09 22:08:32', '2026-03-09 22:08:32');
INSERT INTO public.user_navigation_flows VALUES (132, 1, 1, 132, 133, 'http://localhost:8080/suppliers/sustentabilidad-empresarial-y-valor-agregado-sc', 'http://localhost:8080/privacy-policy', -84507.1850, '2026-03-09 22:09:56', '2026-03-09 22:09:56');
INSERT INTO public.user_navigation_flows VALUES (133, 1, 1, 133, 134, 'http://localhost:8080/suppliers/sustentabilidad-empresarial-y-valor-agregado-sc', 'http://localhost:8080/privacy-policy', -45125.6020, '2026-03-09 22:10:41', '2026-03-09 22:10:41');
INSERT INTO public.user_navigation_flows VALUES (134, 1, 1, 134, 135, 'http://localhost:8080/privacy-policy', 'http://localhost:8080/terms-and-condition', -7958.1780, '2026-03-09 22:10:48', '2026-03-09 22:10:48');
INSERT INTO public.user_navigation_flows VALUES (135, 1, 1, 135, 136, 'http://localhost:8080/privacy-policy', 'http://localhost:8080/terms-and-condition', -93488.2940, '2026-03-09 22:12:21', '2026-03-09 22:12:21');
INSERT INTO public.user_navigation_flows VALUES (136, 1, 1, 136, 137, 'http://localhost:8080/terms-and-condition', 'http://localhost:8080/contact', -8915.3560, '2026-03-09 22:12:29', '2026-03-09 22:12:29');
INSERT INTO public.user_navigation_flows VALUES (137, 1, 1, 137, 138, 'http://localhost:8080/', 'http://localhost:8080/about-us', -16443.4620, '2026-03-09 22:12:45', '2026-03-09 22:12:45');
INSERT INTO public.user_navigation_flows VALUES (138, 1, 1, 138, 139, 'http://localhost:8080/about-us', 'http://localhost:8080/suppliers', -14032.5460, '2026-03-09 22:12:59', '2026-03-09 22:12:59');
INSERT INTO public.user_navigation_flows VALUES (139, 1, 1, 139, 140, 'http://localhost:8080/suppliers', 'http://localhost:8080/about-us', -3465.9940, '2026-03-09 22:13:02', '2026-03-09 22:13:02');
INSERT INTO public.user_navigation_flows VALUES (140, 1, 1, 140, 141, 'http://localhost:8080/', 'http://localhost:8080/user/dashboard', -9423.0650, '2026-03-09 22:13:11', '2026-03-09 22:13:11');
INSERT INTO public.user_navigation_flows VALUES (141, 1, 1, 141, 142, 'http://localhost:8080/user/dashboard', 'http://localhost:8080/user/profile', -131922.7180, '2026-03-09 22:15:22', '2026-03-09 22:15:22');
INSERT INTO public.user_navigation_flows VALUES (142, 1, 2, NULL, 143, 'http://localhost:8080/admin/role-user/6052/edit', 'http://localhost:8080/user/dashboard', NULL, '2026-03-10 19:08:11', '2026-03-10 19:08:11');
INSERT INTO public.user_navigation_flows VALUES (143, 1, 2, 143, 144, 'http://localhost:8080/user/dashboard', 'http://localhost:8080/user/dashboard', -16223.3180, '2026-03-10 19:08:27', '2026-03-10 19:08:27');
INSERT INTO public.user_navigation_flows VALUES (144, 1, 2, 144, 145, 'http://localhost:8080/user/dashboard', 'http://localhost:8080/user/dashboard', -2711.0790, '2026-03-10 19:08:29', '2026-03-10 19:08:29');
INSERT INTO public.user_navigation_flows VALUES (145, 1, 2, 145, 146, 'http://localhost:8080/user/dashboard', 'http://localhost:8080/user/dashboard', -69338.8140, '2026-03-10 19:09:38', '2026-03-10 19:09:38');
INSERT INTO public.user_navigation_flows VALUES (146, 1, 2, 146, 147, 'http://localhost:8080/user/dashboard', 'http://localhost:8080/user/dashboard', -493100.8460, '2026-03-10 19:17:51', '2026-03-10 19:17:51');
INSERT INTO public.user_navigation_flows VALUES (147, 1, 2, 147, 148, 'http://localhost:8080/user/dashboard', 'http://localhost:8080/user/profile', -2642.1490, '2026-03-10 19:17:53', '2026-03-10 19:17:53');
INSERT INTO public.user_navigation_flows VALUES (148, 1, 2, 148, 149, 'http://localhost:8080/user/profile', 'http://localhost:8080/suppliers', -3370.1960, '2026-03-10 19:17:56', '2026-03-10 19:17:56');
INSERT INTO public.user_navigation_flows VALUES (149, 1, 2, 149, 150, 'http://localhost:8080/suppliers', 'http://localhost:8080/user/dashboard', -6023.2870, '2026-03-10 19:18:02', '2026-03-10 19:18:02');
INSERT INTO public.user_navigation_flows VALUES (150, 1, 3, NULL, 151, 'http://localhost:8080/admin/login', 'http://localhost:8080/user/dashboard', NULL, '2026-03-10 19:26:52', '2026-03-10 19:26:52');
INSERT INTO public.user_navigation_flows VALUES (151, 1, 3, 151, 152, 'http://localhost:8080/user/dashboard', 'http://localhost:8080/user/dashboard', -2222.5090, '2026-03-10 19:26:54', '2026-03-10 19:26:54');
INSERT INTO public.user_navigation_flows VALUES (152, 1, 3, 152, 153, 'http://localhost:8080/user/dashboard', 'http://localhost:8080/user/dashboard', -1877.5910, '2026-03-10 19:26:55', '2026-03-10 19:26:55');
INSERT INTO public.user_navigation_flows VALUES (153, 1, 3, 153, 154, 'http://localhost:8080/user/dashboard', 'http://localhost:8080/user/dashboard', -172939.8500, '2026-03-10 19:29:47', '2026-03-10 19:29:47');
INSERT INTO public.user_navigation_flows VALUES (154, 1, 3, 153, 155, 'http://localhost:8080/user/dashboard', 'http://localhost:8080/user/dashboard', -846165.1890, '2026-03-10 19:41:01', '2026-03-10 19:41:01');
INSERT INTO public.user_navigation_flows VALUES (155, 1, 3, 153, 156, 'http://localhost:8080/user/dashboard', 'http://localhost:8080/user/dashboard', -876651.8950, '2026-03-10 19:41:31', '2026-03-10 19:41:31');
INSERT INTO public.user_navigation_flows VALUES (156, 1, 3, 153, 157, 'http://localhost:8080/user/dashboard', 'http://localhost:8080/user/dashboard', -877981.1730, '2026-03-10 19:41:32', '2026-03-10 19:41:32');
INSERT INTO public.user_navigation_flows VALUES (157, 1, 3, 153, 158, 'http://localhost:8080/user/dashboard', 'http://localhost:8080/user/dashboard', -889546.0040, '2026-03-10 19:41:44', '2026-03-10 19:41:44');
INSERT INTO public.user_navigation_flows VALUES (158, 1, 4, NULL, 159, 'http://localhost:8080/', 'http://localhost:8080/about-us', NULL, '2026-03-10 22:24:18', '2026-03-10 22:24:18');
INSERT INTO public.user_navigation_flows VALUES (159, 1, 4, 159, 160, 'http://localhost:8080/about-us', 'http://localhost:8080/suppliers', -6971.3340, '2026-03-10 22:24:24', '2026-03-10 22:24:24');
INSERT INTO public.user_navigation_flows VALUES (160, 1, 4, 160, 161, 'http://localhost:8080/suppliers', 'http://localhost:8080/suppliers/sustentabilidad-empresarial-y-valor-agregado-sc', -3948.5310, '2026-03-10 22:24:27', '2026-03-10 22:24:27');
INSERT INTO public.user_navigation_flows VALUES (161, 1, 4, 161, 162, 'http://localhost:8080/suppliers/sustentabilidad-empresarial-y-valor-agregado-sc', 'http://localhost:8080/suppliers/e-mecsa', -47006.6880, '2026-03-10 22:25:14', '2026-03-10 22:25:14');
INSERT INTO public.user_navigation_flows VALUES (162, 1, 4, 162, 163, 'http://localhost:8080/suppliers/e-mecsa', 'http://localhost:8080/about-us', -8134.4020, '2026-03-10 22:25:22', '2026-03-10 22:25:22');
INSERT INTO public.user_navigation_flows VALUES (163, 1, 4, 163, 164, 'http://localhost:8080/about-us', 'http://localhost:8080/privacy-policy', -2507.9140, '2026-03-10 22:25:24', '2026-03-10 22:25:24');
INSERT INTO public.user_navigation_flows VALUES (164, 1, 4, 164, 165, 'http://localhost:8080/about-us', 'http://localhost:8080/privacy-policy', -71578.5520, '2026-03-10 22:26:35', '2026-03-10 22:26:35');
INSERT INTO public.user_navigation_flows VALUES (165, 1, 4, 165, 166, 'http://localhost:8080/about-us', 'http://localhost:8080/privacy-policy', -48995.1350, '2026-03-10 22:27:23', '2026-03-10 22:27:23');
INSERT INTO public.user_navigation_flows VALUES (166, 1, 4, 166, 167, 'http://localhost:8080/about-us', 'http://localhost:8080/privacy-policy', -20675.0510, '2026-03-10 22:27:43', '2026-03-10 22:27:43');
INSERT INTO public.user_navigation_flows VALUES (167, 1, 4, 167, 168, 'http://localhost:8080/privacy-policy', 'http://localhost:8080/terms-and-condition', -5005.9480, '2026-03-10 22:27:48', '2026-03-10 22:27:48');
INSERT INTO public.user_navigation_flows VALUES (168, 1, 4, 168, 169, 'http://localhost:8080/privacy-policy', 'http://localhost:8080/terms-and-condition', -40137.0260, '2026-03-10 22:28:28', '2026-03-10 22:28:28');
INSERT INTO public.user_navigation_flows VALUES (169, 1, 4, 169, 170, 'http://localhost:8080/terms-and-condition', 'http://localhost:8080/contact', -24840.6120, '2026-03-10 22:28:52', '2026-03-10 22:28:52');
INSERT INTO public.user_navigation_flows VALUES (170, 1, 4, 170, 171, 'http://localhost:8080/contact', 'http://localhost:8080/user/dashboard', -12027.2130, '2026-03-10 22:29:04', '2026-03-10 22:29:04');
INSERT INTO public.user_navigation_flows VALUES (171, 1, 5, NULL, 172, 'http://localhost:8080/', 'http://localhost:8080/user/dashboard', NULL, '2026-03-10 22:37:45', '2026-03-10 22:37:45');
INSERT INTO public.user_navigation_flows VALUES (172, 1, 6, NULL, 173, 'http://localhost:8080/', 'http://localhost:8080/user/dashboard', NULL, '2026-03-10 22:40:30', '2026-03-10 22:40:30');
INSERT INTO public.user_navigation_flows VALUES (173, 1, 6, 173, 174, 'http://localhost:8080/', 'http://localhost:8080/about-us', -357286.4180, '2026-03-10 22:46:27', '2026-03-10 22:46:27');
INSERT INTO public.user_navigation_flows VALUES (174, 1, 6, 174, 175, 'http://localhost:8080/about-us', 'http://localhost:8080/suppliers', -3896.5390, '2026-03-10 22:46:30', '2026-03-10 22:46:30');
INSERT INTO public.user_navigation_flows VALUES (175, 1, 6, 175, 176, 'http://localhost:8080/suppliers', 'http://localhost:8080/about-us', -3635.5450, '2026-03-10 22:46:33', '2026-03-10 22:46:33');
INSERT INTO public.user_navigation_flows VALUES (176, 1, 6, 176, 177, 'http://localhost:8080/about-us', 'http://localhost:8080/contact', -2632.2320, '2026-03-10 22:46:35', '2026-03-10 22:46:35');
INSERT INTO public.user_navigation_flows VALUES (177, 1, 6, 177, 178, 'http://localhost:8080/contact', 'http://localhost:8080/user/dashboard', -1115012.3870, '2026-03-10 23:05:10', '2026-03-10 23:05:10');
INSERT INTO public.user_navigation_flows VALUES (178, 1, 6, 178, 179, 'http://localhost:8080/', 'http://localhost:8080/user/dashboard', -577362.8100, '2026-03-10 23:14:47', '2026-03-10 23:14:47');
INSERT INTO public.user_navigation_flows VALUES (179, 1, 6, 179, 180, 'http://localhost:8080/', 'http://localhost:8080/user/dashboard', -63521.4090, '2026-03-10 23:15:50', '2026-03-10 23:15:50');
INSERT INTO public.user_navigation_flows VALUES (180, 1, 6, 180, 181, 'http://localhost:8080/user/dashboard', 'http://localhost:8080/user/profile', -174653.4230, '2026-03-10 23:18:44', '2026-03-10 23:18:44');
INSERT INTO public.user_navigation_flows VALUES (181, 1, 6, 181, 182, 'http://localhost:8080/user/dashboard', 'http://localhost:8080/user/profile', -246795.9730, '2026-03-10 23:22:50', '2026-03-10 23:22:50');
INSERT INTO public.user_navigation_flows VALUES (182, 1, 6, 182, 183, 'http://localhost:8080/user/dashboard', 'http://localhost:8080/user/profile', -19315.3370, '2026-03-10 23:23:09', '2026-03-10 23:23:09');
INSERT INTO public.user_navigation_flows VALUES (183, 1, 6, 183, 184, 'http://localhost:8080/user/dashboard', 'http://localhost:8080/user/profile', -295408.3880, '2026-03-10 23:28:04', '2026-03-10 23:28:04');
INSERT INTO public.user_navigation_flows VALUES (184, 1, 6, 184, 185, 'http://localhost:8080/user/dashboard', 'http://localhost:8080/user/profile', -48499.2240, '2026-03-10 23:28:52', '2026-03-10 23:28:52');
INSERT INTO public.user_navigation_flows VALUES (185, 1, 6, 185, 186, 'http://localhost:8080/user/dashboard', 'http://localhost:8080/user/profile', -12090.2630, '2026-03-10 23:29:04', '2026-03-10 23:29:04');
INSERT INTO public.user_navigation_flows VALUES (186, 1, 6, 186, 187, 'http://localhost:8080/user/dashboard', 'http://localhost:8080/user/profile', -79144.8030, '2026-03-10 23:30:23', '2026-03-10 23:30:23');
INSERT INTO public.user_navigation_flows VALUES (187, 1, 6, 187, 188, 'http://localhost:8080/user/dashboard', 'http://localhost:8080/user/profile', -16437.0710, '2026-03-10 23:30:39', '2026-03-10 23:30:39');


--
-- Data for Name: user_price_items; Type: TABLE DATA; Schema: public; Owner: -
--

INSERT INTO public.user_price_items VALUES (1, 1, 1, 'Valero Veracruz', 19.9943, 21.1387, 21.9464, 0, '2026-01-08 22:29:56', '2026-01-08 22:29:56');
INSERT INTO public.user_price_items VALUES (2, 1, 3, 'Valero Silos Tysa', 21.0881, 22.5465, 22.4805, 1, '2026-01-08 22:29:56', '2026-01-08 22:29:56');
INSERT INTO public.user_price_items VALUES (43, 2, NULL, 'Valero Veracruz (RDP)', 19.9943, 21.1387, 21.9464, 0, '2026-01-14 05:21:08', '2026-01-14 05:21:08');
INSERT INTO public.user_price_items VALUES (44, 2, NULL, 'Valero Puebla (RDP)', 20.5295, 21.4457, 22.5617, 1, '2026-01-14 05:21:08', '2026-01-14 05:21:08');
INSERT INTO public.user_price_items VALUES (45, 2, NULL, 'Valero Tizayuca (RDP)', 20.6943, 21.8537, 22.6817, 2, '2026-01-14 05:21:08', '2026-01-14 05:21:08');
INSERT INTO public.user_price_items VALUES (46, 2, NULL, 'Valero Tizayuca (ZM)', 20.6027, 21.7937, 22.6817, 3, '2026-01-14 05:21:08', '2026-01-14 05:21:08');
INSERT INTO public.user_price_items VALUES (47, 2, NULL, 'Glencore Dos Bocas (RDP)', 20.6425, 21.1124, 22.5389, 4, '2026-01-14 05:21:08', '2026-01-14 05:21:08');
INSERT INTO public.user_price_items VALUES (48, 2, NULL, 'Glencore Monterra (ZM)', 19.3037, 19.6736, 20.1874, 5, '2026-01-14 05:21:08', '2026-01-14 05:21:08');
INSERT INTO public.user_price_items VALUES (49, 2, NULL, 'Altamira (RDP)', 19.8867, 20.8386, 21.8722, 6, '2026-01-14 05:21:08', '2026-01-14 05:21:08');
INSERT INTO public.user_price_items VALUES (50, 2, NULL, 'Altamira (ZM)', 19.9367, 20.8886, 21.8722, 7, '2026-01-14 05:21:08', '2026-01-14 05:21:08');
INSERT INTO public.user_price_items VALUES (51, 2, 12, 'Nvo. Laredo 8%', 18.5408, 19.3142, 20.5343, 8, '2026-01-14 05:21:08', '2026-01-14 05:21:08');
INSERT INTO public.user_price_items VALUES (52, 2, 13, 'Nvo. Laredo 16%', 19.8437, 20.6648, 21.9924, 9, '2026-01-14 05:21:08', '2026-01-14 05:21:08');
INSERT INTO public.user_price_items VALUES (53, 2, NULL, 'Valero Silos Tysa (RDP)', 20.9110, 22.0165, 22.4805, 10, '2026-01-14 05:21:08', '2026-01-14 05:21:08');
INSERT INTO public.user_price_items VALUES (54, 2, NULL, 'Valero Silos Tysa (ZM)', 21.0881, 22.5465, 22.5037, 11, '2026-01-14 05:21:08', '2026-01-14 05:21:08');
INSERT INTO public.user_price_items VALUES (55, 2, 5, 'Shell MAOSA', 19.4625, 19.2873, 21.0592, 12, '2026-01-14 05:21:08', '2026-01-14 05:21:08');
INSERT INTO public.user_price_items VALUES (56, 2, 15, 'shell MAOSA', 56.0000, 89.0000, 67.0000, 13, '2026-01-14 05:21:08', '2026-01-14 05:21:08');
INSERT INTO public.user_price_items VALUES (57, 2, 8, 'Glencore Dos Bocas - Sucursal Morelia', 7.0000, 8.0000, 9.0000, 14, '2026-01-14 05:21:08', '2026-01-14 05:21:08');


--
-- Data for Name: user_price_legends; Type: TABLE DATA; Schema: public; Owner: -
--

INSERT INTO public.user_price_legends VALUES (5, 5680, 'Vigencia de la oferta hasta las 23:59 horas de la fecha indicada.', 1, true, '2026-01-08 22:31:19', '2026-01-08 22:31:19');
INSERT INTO public.user_price_legends VALUES (6, 5680, 'Todos los costos incluyen IVA. Precio por litro.', 2, true, '2026-01-08 22:31:19', '2026-01-08 22:31:19');
INSERT INTO public.user_price_legends VALUES (7, 5680, 'Producto sujeto a disponibilidad de la terminal.', 3, true, '2026-01-08 22:31:19', '2026-01-08 22:31:19');
INSERT INTO public.user_price_legends VALUES (8, 5680, 'No incluye flete y/o entrega a última milla.', 4, true, '2026-01-08 22:31:19', '2026-01-08 22:31:19');


--
-- Data for Name: user_price_lists; Type: TABLE DATA; Schema: public; Owner: -
--

INSERT INTO public.user_price_lists VALUES (1, 5680, '2026-01-08', false, 1, '2026-01-08 22:29:56', '2026-01-14 05:21:08', NULL);
INSERT INTO public.user_price_lists VALUES (2, 5680, '2026-01-14', true, 1, '2026-01-09 23:04:53', '2026-01-13 23:05:03', NULL);


--
-- Data for Name: user_sessions; Type: TABLE DATA; Schema: public; Owner: -
--

INSERT INTO public.user_sessions VALUES (1, 1, 'AFhOa9I9eLU8M5CU4p9Gp5PjK88sxDSzvnS9Ke8t', '192.168.65.1', 'Mozilla/5.0 (Macintosh; Intel Mac OS X 10_15_7) AppleWebKit/537.36 (KHTML, like Gecko) Chrome/145.0.0.0 Safari/537.36 Edg/145.0.0.0', 'desktop', 'Edge', '145.0.0.0', 'OS X', '10_15_7', NULL, NULL, NULL, NULL, NULL, '2026-03-09 21:56:12', NULL, true, '2026-03-09 21:56:12', '2026-03-09 21:56:12');
INSERT INTO public.user_sessions VALUES (2, 1, '3XYOJJby6onQLgxZgUlc7KCSLNw9FIUpyn4r5MDp', '192.168.65.1', 'Mozilla/5.0 (Macintosh; Intel Mac OS X 10_15_7) AppleWebKit/537.36 (KHTML, like Gecko) Chrome/145.0.0.0 Safari/537.36 Edg/145.0.0.0', 'desktop', 'Edge', '145.0.0.0', 'OS X', '10_15_7', NULL, NULL, NULL, NULL, NULL, '2026-03-10 19:08:11', NULL, true, '2026-03-10 19:08:11', '2026-03-10 19:08:11');
INSERT INTO public.user_sessions VALUES (3, 1, 'yCIvEmQIgFwfcqtEBZLRnvXJwGdy8iZCIagilc36', '192.168.65.1', 'Mozilla/5.0 (Macintosh; Intel Mac OS X 10_15_7) AppleWebKit/537.36 (KHTML, like Gecko) Chrome/145.0.0.0 Safari/537.36 Edg/145.0.0.0', 'desktop', 'Edge', '145.0.0.0', 'OS X', '10_15_7', NULL, NULL, NULL, NULL, NULL, '2026-03-10 19:26:52', NULL, true, '2026-03-10 19:26:52', '2026-03-10 19:26:52');
INSERT INTO public.user_sessions VALUES (4, 1, 'xEryyKHpoAANI92pMGvtT70eDrDAkN8ws3bkyOz9', '192.168.65.1', 'Mozilla/5.0 (Macintosh; Intel Mac OS X 10_15_7) AppleWebKit/537.36 (KHTML, like Gecko) Chrome/145.0.0.0 Safari/537.36 Edg/145.0.0.0', 'desktop', 'Edge', '145.0.0.0', 'OS X', '10_15_7', NULL, NULL, NULL, NULL, NULL, '2026-03-10 22:24:18', NULL, true, '2026-03-10 22:24:18', '2026-03-10 22:24:18');
INSERT INTO public.user_sessions VALUES (5, 1, 'Ba8y9VijzjJO9AZHaDyXeXurl2cOKo4nxwabfwos', '192.168.65.1', 'Mozilla/5.0 (Macintosh; Intel Mac OS X 10_15_7) AppleWebKit/537.36 (KHTML, like Gecko) Chrome/145.0.0.0 Safari/537.36 Edg/145.0.0.0', 'desktop', 'Edge', '145.0.0.0', 'OS X', '10_15_7', NULL, NULL, NULL, NULL, NULL, '2026-03-10 22:37:45', NULL, true, '2026-03-10 22:37:45', '2026-03-10 22:37:45');
INSERT INTO public.user_sessions VALUES (6, 1, 'eESSkYWzzj8yXB4hXpNjqVySGMw3pu2dPvVI86t2', '192.168.65.1', 'Mozilla/5.0 (Macintosh; Intel Mac OS X 10_15_7) AppleWebKit/537.36 (KHTML, like Gecko) Chrome/145.0.0.0 Safari/537.36 Edg/145.0.0.0', 'desktop', 'Edge', '145.0.0.0', 'OS X', '10_15_7', NULL, NULL, NULL, NULL, NULL, '2026-03-10 22:40:30', NULL, true, '2026-03-10 22:40:30', '2026-03-10 22:40:30');


--
-- Data for Name: users; Type: TABLE DATA; Schema: public; Owner: -
--

INSERT INTO public.users VALUES (5679, 'user', '/default/avatar.png', '/default/breadcrumb.jpg', 'Diosa Maosa', 'dburgos@maosa.com.mx', NULL, NULL, NULL, NULL, 1, '$2y$10$1iXB67w.VM120DpwMO3BQ.kWA.k/Va9zK5FdsDnKejSgXT8W2GVpu', NULL, NULL, NULL, NULL, NULL, NULL, false, NULL, '2025-07-21 19:31:39', '2025-07-21 19:31:39');
INSERT INTO public.users VALUES (5680, 'user', '/default/avatar.png', '/default/breadcrumb.jpg', 'Test - Prime', 'test@test.prime.com', NULL, NULL, NULL, NULL, 1, '$2y$12$sYkg1MeowCRfAusWZmW4JeLW6oUH69o/KLwOBcwJqwY50B/zQb6Ya', NULL, NULL, NULL, NULL, NULL, NULL, false, NULL, '2025-09-08 22:07:08', '2026-01-14 05:04:48');
INSERT INTO public.users VALUES (5681, 'user', '/default/avatar.png', '/default/breadcrumb.jpg', '00694-ESMERALDA', 'servicio_esmeralda2@hotmail.com', NULL, NULL, NULL, NULL, 1, '$2y$10$JwY95LrUAksOL5KFEdf35u29jrYvqd608dRXkkJwmJhsOku7f4Z6C', NULL, NULL, NULL, NULL, NULL, NULL, false, NULL, '2025-10-21 22:13:59', '2025-10-23 20:12:59');
INSERT INTO public.users VALUES (5682, 'user', '/default/avatar.png', '/default/breadcrumb.jpg', '00776-BUENA ESPERANZA', 'comecocoin160920@outlook.com', NULL, NULL, NULL, NULL, 1, '$2y$10$LvO3jw9XHAQHevLstOtFX.UM5yzK7xehlWn4mBSSnr3lGiCEmQEcq', NULL, NULL, NULL, NULL, NULL, NULL, false, NULL, '2025-10-21 22:14:54', '2025-10-23 20:13:24');
INSERT INTO public.users VALUES (5683, 'user', '/default/avatar.png', '/default/breadcrumb.jpg', '00833-OFELIA HERNANDEZ LARA', 'es9359ofeliahernadez@gmail.com', NULL, NULL, NULL, NULL, 1, '$2y$10$SC6JiqOZX5nnTl4hBs0eguIWkVaEEjbAt3pm1.JhZPANiiYygO0OK', NULL, NULL, NULL, NULL, NULL, NULL, false, NULL, '2025-10-21 22:15:47', '2025-10-21 22:15:47');
INSERT INTO public.users VALUES (5684, 'user', '/default/avatar.png', '/default/breadcrumb.jpg', '0085-SERVICIOS VICTORIA', 'svictoria1721@gmail.com', NULL, NULL, NULL, NULL, 1, '$2y$10$1m0/sZmJYZWK3Qrj5bHbfeNiW.PYzV7LcmoAd.XCmI19q9olYv.yu', NULL, NULL, NULL, NULL, NULL, NULL, false, NULL, '2025-10-21 22:16:26', '2025-10-21 22:16:26');
INSERT INTO public.users VALUES (5685, 'user', '/default/avatar.png', '/default/breadcrumb.jpg', '0086-CEDENO', 'juan@gasoestaciones.com', NULL, NULL, NULL, NULL, 1, '$2y$10$nPP650P5LnUGJ.Ig5rcBVenE7xIRpbtcNLI04FE5VXUjzjAtkKAjW', NULL, NULL, NULL, NULL, NULL, NULL, false, NULL, '2025-10-21 22:17:04', '2025-10-21 22:17:04');
INSERT INTO public.users VALUES (5686, 'user', '/default/avatar.png', '/default/breadcrumb.jpg', '00877-CORPORACION GASSI', 'corporacion_gassi@hotmail.com', NULL, NULL, NULL, NULL, 1, '$2y$10$6aTXRbvfYCdEzBn90hXeLe588fce.Y5Hfwb4DlCy7fheM97hx9l2m', NULL, NULL, NULL, NULL, NULL, NULL, false, NULL, '2025-10-21 22:19:06', '2025-10-21 22:19:06');
INSERT INTO public.users VALUES (5687, 'user', '/default/avatar.png', '/default/breadcrumb.jpg', '0139-GASOLINERA FCP', 'gasolinera_fcp@hotmail.com', NULL, NULL, NULL, NULL, 1, '$2y$10$z2uPHp0kLni79aW3pa2cqOb3vx4tNILVNFAeJKTkalDLEsmXa05v6', NULL, NULL, NULL, NULL, NULL, NULL, false, NULL, '2025-10-21 22:21:15', '2025-10-21 22:21:15');
INSERT INTO public.users VALUES (5688, 'user', '/default/avatar.png', '/default/breadcrumb.jpg', '0141-SERVICIO CARRANZA', 'pcesar25@hotmail.com', NULL, NULL, NULL, NULL, 1, '$2y$10$Bxut1QS/HwFQbnt0Tqc.SucFcG5PmlIhiWa8Px5eqXfloXdL3Wxja', NULL, NULL, NULL, NULL, NULL, NULL, false, NULL, '2025-10-21 22:22:00', '2025-10-21 22:22:00');
INSERT INTO public.users VALUES (5689, 'user', '/default/avatar.png', '/default/breadcrumb.jpg', '0205-CEJA', 'ser.jaceve.0991@prodigy.net.mx', NULL, NULL, NULL, NULL, 1, '$2y$10$EleOoegvKpsqBCkU1Ke5wuuvkkgzUO7DHXl8NCGdWPVp7s6E6OkrK', NULL, NULL, NULL, NULL, NULL, NULL, false, NULL, '2025-10-21 22:22:40', '2025-10-21 22:22:40');
INSERT INTO public.users VALUES (5690, 'user', '/default/avatar.png', '/default/breadcrumb.jpg', '0351-APETATITLAN', 'asm_mas75@hotmail.com', NULL, NULL, NULL, NULL, 1, '$2y$10$TLy6CHbsA8MXq3L6nCTobetmIt/ln/tKechYWMRDvEFm1XlGjR3jy', NULL, NULL, NULL, NULL, NULL, NULL, false, NULL, '2025-10-21 22:25:03', '2025-10-21 22:25:03');
INSERT INTO public.users VALUES (5691, 'user', '/default/avatar.png', '/default/breadcrumb.jpg', '0351-APETATITLAN', 'es6795@grupooc.mx', NULL, NULL, NULL, NULL, 1, '$2y$10$J9GHXsN3TA4Pd7cjwLeHRuTv.lHmAAWrv36QkcN7HaTz2iXrrpXjy', NULL, NULL, NULL, NULL, NULL, NULL, false, NULL, '2025-10-21 22:25:46', '2025-10-21 22:25:46');
INSERT INTO public.users VALUES (5692, 'user', '/default/avatar.png', '/default/breadcrumb.jpg', '0383-ANDARIEGO', 'gasandariego2@gmail.com', NULL, NULL, NULL, NULL, 1, '$2y$10$0luUG4ZKjPgMKV9TiTpsauUMwTq96xgRhpEYB8.O/IaW6ck5aZ5xy', NULL, NULL, NULL, NULL, NULL, NULL, false, NULL, '2025-10-21 22:29:33', '2025-10-21 22:29:33');
INSERT INTO public.users VALUES (5693, 'user', '/default/avatar.png', '/default/breadcrumb.jpg', '0416-EL LIBRAMIENTO', 'marcelobp0m893@hotmail.com', NULL, NULL, NULL, NULL, 1, '$2y$10$PW8FE7.bXApkkEbcQKJNxeIDNAeIK5LprDmKEnj7Fi/799BNbGDwe', NULL, NULL, NULL, NULL, NULL, NULL, false, NULL, '2025-10-21 22:30:08', '2025-10-21 22:30:08');
INSERT INTO public.users VALUES (5694, 'user', '/default/avatar.png', '/default/breadcrumb.jpg', '0487-ENERGETICOS PLUS', 'g.lozano@energeticosplus.com', NULL, NULL, NULL, NULL, 1, '$2y$10$fmxoIwxK.44lZCN0Gbw3m.1woQtf2zxM34.agurgGqY.iz4N8tyFO', NULL, NULL, NULL, NULL, NULL, NULL, false, NULL, '2025-10-21 22:30:38', '2025-10-21 22:30:38');
INSERT INTO public.users VALUES (5695, 'user', '/default/avatar.png', '/default/breadcrumb.jpg', '0676-VALVI', 'valvi_maosa@hotmail.com', NULL, NULL, NULL, NULL, 1, '$2y$10$8j/Hef9jHphkkKlh0G3FZOrbRqTC2wHbPCQHXzV1YD1hTfM.MKWoG', NULL, NULL, NULL, NULL, NULL, NULL, false, NULL, '2025-10-21 22:31:09', '2025-10-21 22:31:09');
INSERT INTO public.users VALUES (5696, 'user', '/default/avatar.png', '/default/breadcrumb.jpg', '0677-TAMACUA', 'tamacua_maosa@hotmail.com', NULL, NULL, NULL, NULL, 1, '$2y$10$nLoci55U2dh1icXdSKIRReQTy6bmzrUd1dxNM0JcwxR7t.BYE7Boe', NULL, NULL, NULL, NULL, NULL, NULL, false, NULL, '2025-10-21 22:36:01', '2025-10-21 22:36:01');
INSERT INTO public.users VALUES (5697, 'user', '/default/avatar.png', '/default/breadcrumb.jpg', '0678-VILLAVAL', 'serviciovillaval@hotmail.com', NULL, NULL, NULL, NULL, 1, '$2y$10$QHbW1YF/MmFkqj76yuVj5uLZZ9WI40E973BGle7TjxQPNspHCS//6', NULL, NULL, NULL, NULL, NULL, NULL, false, NULL, '2025-10-21 22:36:51', '2025-10-21 22:36:51');
INSERT INTO public.users VALUES (5698, 'user', '/default/avatar.png', '/default/breadcrumb.jpg', '0685-CONTRERAS', 'servicon5050@gmail.com', NULL, NULL, NULL, NULL, 1, '$2y$10$uI2/3E9FvlX2nEqrBPrD7OlNxh1kDX4IH7XnojzDvvbtm4Mog.vPy', NULL, NULL, NULL, NULL, NULL, NULL, false, NULL, '2025-10-21 22:37:23', '2025-10-21 22:37:23');
INSERT INTO public.users VALUES (5699, 'user', '/default/avatar.png', '/default/breadcrumb.jpg', '0686-PURUARAN', 'ssgs_compras@hotmail.com', NULL, NULL, NULL, NULL, 1, '$2y$10$KW.i6SCbzi4AKwfhYnIQnedczcXdTwrKaT9a7CRMLb7DzPlaBzWwu', NULL, NULL, NULL, NULL, NULL, NULL, false, NULL, '2025-10-21 22:38:02', '2025-10-21 22:38:02');
INSERT INTO public.users VALUES (5700, 'user', '/default/avatar.png', '/default/breadcrumb.jpg', '0689-STA. EUGENIA', 'staeugenia@hotmail.com', NULL, NULL, NULL, NULL, 1, '$2y$10$EZHjQlTkjOc09t10s3DSmO.HwSjminvYmWimt1tzh7Vz1nm/VpGhC', NULL, NULL, NULL, NULL, NULL, NULL, false, NULL, '2025-10-21 22:38:35', '2025-10-21 22:38:35');
INSERT INTO public.users VALUES (5701, 'user', '/default/avatar.png', '/default/breadcrumb.jpg', '0690-MORELIANOS', 'gasolinerosdemorelia@gmail.com', NULL, NULL, NULL, NULL, 1, '$2y$10$jtAn44NwyYBKLCMbI.I54OgmEi7T.oI15Wcm7f0aJEZFdIToSyyym', NULL, NULL, NULL, NULL, NULL, NULL, false, NULL, '2025-10-21 22:39:19', '2025-10-21 22:39:19');
INSERT INTO public.users VALUES (5702, 'user', '/default/avatar.png', '/default/breadcrumb.jpg', '0693-VARAL', 'serviciodelvaral@live.com.mx', NULL, NULL, NULL, NULL, 1, '$2y$10$hS9SXW9k7VrBWHn0VG/aSurIn/OLME0W74TobtbRUKV9VMXnVTAKi', NULL, NULL, NULL, NULL, NULL, NULL, false, NULL, '2025-10-21 22:39:55', '2025-10-21 22:39:55');
INSERT INTO public.users VALUES (5703, 'user', '/default/avatar.png', '/default/breadcrumb.jpg', '0695-JESUS ERNESTO', 'gpalmira@hotmail.com', NULL, NULL, NULL, NULL, 1, '$2y$10$yYp5lumxVdSUH9nWMUzPLOIJ4vV4zS.zVnfghsOU1BHC0.lGwlsT6', NULL, NULL, NULL, NULL, NULL, NULL, false, NULL, '2025-10-21 22:40:26', '2025-10-21 22:40:26');
INSERT INTO public.users VALUES (5704, 'user', '/default/avatar.png', '/default/breadcrumb.jpg', '0696-PURUANDIRO', 'servicio_puruandiro@hotmail.com', NULL, NULL, NULL, NULL, 1, '$2y$10$oqABtcXpIfTTjRweV7WH8uAjiXrRGx0DMtO.IznvO4xus0wpKb3LW', NULL, NULL, NULL, NULL, NULL, NULL, false, NULL, '2025-10-21 22:40:56', '2025-10-21 22:40:56');
INSERT INTO public.users VALUES (5705, 'user', '/default/avatar.png', '/default/breadcrumb.jpg', '0697-PURUANDIRO', 'serviciopuruandiro1@gmail.com', NULL, NULL, NULL, NULL, 1, '$2y$10$YCVjhLB5WIrVwb4ziPCR0Oj7m0kKuAx4kkw.TUqaxbEJZ7o5/NlvW', NULL, NULL, NULL, NULL, NULL, NULL, false, NULL, '2025-10-21 22:41:48', '2025-10-21 22:41:48');
INSERT INTO public.users VALUES (5706, 'user', '/default/avatar.png', '/default/breadcrumb.jpg', '0697-PURUANDIRO', 'servicioexpresspuruandiro@gmail.com', NULL, NULL, NULL, NULL, 1, '$2y$10$eALDk2PO/vwe7ub84C/hCO/s1.WhGrmFatBd2RVMpGb2sZTqU94xK', NULL, NULL, NULL, NULL, NULL, NULL, false, NULL, '2025-10-21 22:42:37', '2025-10-21 22:42:37');
INSERT INTO public.users VALUES (5707, 'user', '/default/avatar.png', '/default/breadcrumb.jpg', '0698-VENTURA PUENTE', 'crisgallegos002@gmail.com', NULL, NULL, NULL, NULL, 1, '$2y$10$qMw6bs8ptkLcf/AxT5iS7uMlgN6AGGa4m1avYfbIA2swrEVNxp/h6', NULL, NULL, NULL, NULL, NULL, NULL, false, NULL, '2025-10-21 22:43:13', '2025-10-21 22:43:13');
INSERT INTO public.users VALUES (5708, 'user', '/default/avatar.png', '/default/breadcrumb.jpg', '0699-22 DE OCTUBRE', 'gerencia22deoctubre@gmail.com', NULL, NULL, NULL, NULL, 1, '$2y$10$Jn65AT562ZIGkUSvupibHO7X0i054mgz85EhniPj8uM5ISwcxv1UW', NULL, NULL, NULL, NULL, NULL, NULL, false, NULL, '2025-10-21 22:43:49', '2025-10-21 22:43:49');
INSERT INTO public.users VALUES (5709, 'user', '/default/avatar.png', '/default/breadcrumb.jpg', '0700-BUENAVISTA', 'gasolinera_express@hotmail.com', NULL, NULL, NULL, NULL, 1, '$2y$10$B/GXCJ6bp9JBN684K10bGeHn5GAmbgqGO/k5h5hvPg5wclznsj1TC', NULL, NULL, NULL, NULL, NULL, NULL, false, NULL, '2025-10-21 22:44:20', '2025-10-21 22:44:20');
INSERT INTO public.users VALUES (5710, 'user', '/default/avatar.png', '/default/breadcrumb.jpg', '0701-CARRANZA', 'seexca@hotmail.com', NULL, NULL, NULL, NULL, 1, '$2y$10$H3IUGmD30vvaD.Bvyg4Uweby/3j3Zz7FP0/jOJ17vHMikCjWimf12', NULL, NULL, NULL, NULL, NULL, NULL, false, NULL, '2025-10-21 22:44:55', '2025-10-21 22:44:55');
INSERT INTO public.users VALUES (5711, 'user', '/default/avatar.png', '/default/breadcrumb.jpg', '0702-EQUIHUA', 'rigo_equihua_garcia@hotmail.com', NULL, NULL, NULL, NULL, 1, '$2y$10$04D.T5qmade94AdE5wUkrOdKgS43jQVCe/mzIruY.YvGuIRR4tr7e', NULL, NULL, NULL, NULL, NULL, NULL, false, NULL, '2025-10-21 22:45:28', '2025-10-21 22:45:28');
INSERT INTO public.users VALUES (5712, 'user', '/default/avatar.png', '/default/breadcrumb.jpg', '0703-NOPALERA', 'gasolineralanopalera@hotmail.com', NULL, NULL, NULL, NULL, 1, '$2y$10$E6lCtDOVixgVBAgrxboGD.KbdEmn.aljddvs6i9RTTASzKXnGJxtO', NULL, NULL, NULL, NULL, NULL, NULL, false, NULL, '2025-10-21 22:46:04', '2025-10-21 22:46:04');
INSERT INTO public.users VALUES (5713, 'user', '/default/avatar.png', '/default/breadcrumb.jpg', '0704-RIVALCAR', 'gasolinera_rivalcar@hotmail.com', NULL, NULL, NULL, NULL, 1, '$2y$10$iNMXDsb6aJLz68sEs6Usu.l3g3LGbjh3gql05A3ZQE8heMfqARpJi', NULL, NULL, NULL, NULL, NULL, NULL, false, NULL, '2025-10-21 22:46:35', '2025-10-21 22:46:35');
INSERT INTO public.users VALUES (5714, 'user', '/default/avatar.png', '/default/breadcrumb.jpg', '0705-CUARACURIO', 'gas_sanjose@hotmail.com', '4454452251', 'CARRETERA FEDERAL URIANGATO-MORELIA KM 5.1', 'Estación de servicios con tienda de conveniencia y sanitarios.rnImagen PemexrnA pie de carretera', NULL, 1, '$2y$10$wRut9hoCdf0Lm5po5Wdrfu9ze49i242nf6hG82DaOOc/176V072a2', NULL, NULL, NULL, NULL, NULL, NULL, false, NULL, '2025-10-21 22:47:03', '2025-12-16 19:06:24');
INSERT INTO public.users VALUES (5715, 'user', '/default/avatar.png', '/default/breadcrumb.jpg', '0706-KARRAS', 'gas.18demarzo@gmail.com', NULL, NULL, NULL, NULL, 1, '$2y$10$b/tOpy2lZdQq3JkgAxBNy.Hue5Fm2LHnPxORpxlqwyEGKzcqoELsm', NULL, NULL, NULL, NULL, NULL, NULL, false, NULL, '2025-10-21 22:47:31', '2025-10-21 22:47:31');
INSERT INTO public.users VALUES (5716, 'user', '/default/avatar.png', '/default/breadcrumb.jpg', '0707-FEMEMA', 'femema-2010@hotmail.com', NULL, NULL, NULL, NULL, 1, '$2y$10$AGnz/tn/xLk7yhuS4Wf60OG3c/qvRIJVByopRSUXh.CDX1Ug9ihzy', NULL, NULL, NULL, NULL, NULL, NULL, false, NULL, '2025-10-21 22:49:14', '2025-10-21 22:49:14');
INSERT INTO public.users VALUES (5717, 'user', '/default/avatar.png', '/default/breadcrumb.jpg', '0709-CARDONA', 'facturacion_servicio_cardona@hotmail.com', NULL, NULL, NULL, NULL, 1, '$2y$10$Zdw9wevlMe/1nQB7VZvt6uQx0uSjCyZ5PM5HhEcC2fGuJ0J1mHEFm', NULL, NULL, NULL, NULL, NULL, NULL, false, NULL, '2025-10-21 22:49:50', '2025-10-21 22:49:50');
INSERT INTO public.users VALUES (5718, 'user', '/default/avatar.png', '/default/breadcrumb.jpg', '0710-ARASA', 'estacion@arasagasolinera.com', NULL, NULL, NULL, NULL, 1, '$2y$10$V2Ql0kqjuW0dM3YEno3FveUdd2lzxuNv5r569h8696KXZRa/XQSF2', NULL, NULL, NULL, NULL, NULL, NULL, false, NULL, '2025-10-21 22:50:26', '2025-10-21 22:50:26');
INSERT INTO public.users VALUES (5719, 'user', '/default/avatar.png', '/default/breadcrumb.jpg', '0711-RIVERA', 'serviciocdindustrial@gmail.com', NULL, NULL, NULL, NULL, 1, '$2y$10$u3KKQtkdR/3xFcCk2QgKMeMhBcU8crqSZN8pzIe2QOie9W0q7AlwK', NULL, NULL, NULL, NULL, NULL, NULL, false, NULL, '2025-10-21 22:51:00', '2025-10-21 22:51:00');
INSERT INTO public.users VALUES (5720, 'user', '/default/avatar.png', '/default/breadcrumb.jpg', '0712-INDEPENDIENTE', 'gasolineraindependiente1@gmail.com', NULL, NULL, NULL, NULL, 1, '$2y$10$VL3LvAHKL.EoQ/1BPzSQA.2kz9jOv8CFDGIv8mFrm1AqFC9PlGn9O', NULL, NULL, NULL, NULL, NULL, NULL, false, NULL, '2025-10-21 22:51:30', '2025-10-21 22:51:30');
INSERT INTO public.users VALUES (5721, 'user', '/default/avatar.png', '/default/breadcrumb.jpg', '0713-GERARDO DELGADO', 'gasolineramadero@hotmail.com', NULL, NULL, NULL, NULL, 1, '$2y$10$foBF3A42Su9zHhK4Qxju.u4COZQVDHsZrzNXtVvNiX3/XkFnoGUAq', NULL, NULL, NULL, NULL, NULL, NULL, false, NULL, '2025-10-21 22:51:58', '2025-10-21 22:51:58');
INSERT INTO public.users VALUES (5722, 'user', '/default/avatar.png', '/default/breadcrumb.jpg', '0714-TULIPANES', 'gasolinera_tulipanes@hotmail.com', NULL, NULL, NULL, NULL, 1, '$2y$10$AAmUKT7h1cqaK71Z6PtM1OVMwrSvoA91NyT5EzmTXmuA5ws8X0z..', NULL, NULL, NULL, NULL, NULL, NULL, false, NULL, '2025-10-21 22:52:28', '2025-10-21 22:52:28');
INSERT INTO public.users VALUES (5723, 'user', '/default/avatar.png', '/default/breadcrumb.jpg', '0715-MUGICA', 'gasolineramugica1@hotmail.com', NULL, NULL, NULL, NULL, 1, '$2y$10$qr/t1SZJOKhmbOm.ChdIJ.TSNUi.NfRFgqdLVs4B3j9vm7VSHbpHC', NULL, NULL, NULL, NULL, NULL, NULL, false, NULL, '2025-10-21 22:52:57', '2025-10-21 22:52:57');
INSERT INTO public.users VALUES (5724, 'user', '/default/avatar.png', '/default/breadcrumb.jpg', '0716-YURIRENSE', 'moisesalcantar@hotmail.com', NULL, NULL, NULL, NULL, 1, '$2y$10$cJCWNyhieUXV/V7/QncrK.Xs4BwT7Vq7RbHoRkDCEw6blhMVOBGkK', NULL, NULL, NULL, NULL, NULL, NULL, false, NULL, '2025-10-21 22:53:30', '2025-10-21 22:53:30');
INSERT INTO public.users VALUES (5725, 'user', '/default/avatar.png', '/default/breadcrumb.jpg', '0717-TEPALCATEPEC', 'jaimedelva@hotmail.com', NULL, NULL, NULL, NULL, 1, '$2y$10$xasenPyHhLxJBUqTXzRDkeUFE4JMF.mKqMFlFQDDj/9WoafEadi22', NULL, NULL, NULL, NULL, NULL, NULL, false, NULL, '2025-10-21 22:54:47', '2025-10-21 22:54:47');
INSERT INTO public.users VALUES (5726, 'user', '/default/avatar.png', '/default/breadcrumb.jpg', '0719-VALSA', 'gasolinera.valsa@gmail.com', NULL, NULL, NULL, NULL, 1, '$2y$10$WMheaEiwGcOhURlkhpDhVu/biJIaFrfP7w8iE9PbB2DWkhQNAxXEm', NULL, NULL, NULL, NULL, NULL, NULL, false, NULL, '2025-10-21 22:55:21', '2025-10-21 22:55:21');
INSERT INTO public.users VALUES (5727, 'user', '/default/avatar.png', '/default/breadcrumb.jpg', '0720-SANTA ANA', 'gassantaanafacturacion@gmail.com', NULL, NULL, NULL, NULL, 1, '$2y$10$MQA0wPAdnd7EFTwdP7d3JOj46YfWN.bwBaEYm3aNXXJzS4cS7d1Oe', NULL, NULL, NULL, NULL, NULL, NULL, false, NULL, '2025-10-21 22:55:55', '2025-10-21 22:55:55');
INSERT INTO public.users VALUES (5728, 'user', '/default/avatar.png', '/default/breadcrumb.jpg', '0720-SANTA ANA', 'superserviciossantaana7@gmail.com', NULL, NULL, NULL, NULL, 1, '$2y$10$vzx2YV938MaBFHMa3aN8UuZ2ec1Z7iW/tmmiLV8HF7ZJh6UpDpgJi', NULL, NULL, NULL, NULL, NULL, NULL, false, NULL, '2025-10-21 22:56:42', '2025-10-21 22:56:42');
INSERT INTO public.users VALUES (5729, 'user', '/default/avatar.png', '/default/breadcrumb.jpg', '0722-SAME', 'rossmm.dey@gmail.com', NULL, NULL, NULL, NULL, 1, '$2y$10$9pLfnpzAv.4buvVSAmyijOrulQAVasSbM2yi/0hzem9cezO9r.hM6', NULL, NULL, NULL, NULL, NULL, NULL, false, NULL, '2025-10-21 22:57:54', '2025-10-21 22:57:54');
INSERT INTO public.users VALUES (5730, 'user', '/default/avatar.png', '/default/breadcrumb.jpg', '0723-MARAVATIO', 'gasolmaravatio@hotmail.com', NULL, NULL, NULL, NULL, 1, '$2y$10$DCjD9Y27fNzYx2jbhpL0z.rgS2oLZLxQLXIN487XMOzsdF7tFH7/q', NULL, NULL, NULL, NULL, NULL, NULL, false, NULL, '2025-10-21 22:58:24', '2025-10-21 22:58:24');
INSERT INTO public.users VALUES (5731, 'user', '/default/avatar.png', '/default/breadcrumb.jpg', '0724-SAN FRANCISCO', 'arcigagallardojuan@gmail.com', NULL, NULL, NULL, NULL, 1, '$2y$10$7G54R7xRwAysz/HJuvNhHuBzCGqMqThVhCOIIXTSpWX6qBMCj32oW', NULL, NULL, NULL, NULL, NULL, NULL, false, NULL, '2025-10-21 22:59:41', '2025-10-21 22:59:41');
INSERT INTO public.users VALUES (5732, 'user', '/default/avatar.png', '/default/breadcrumb.jpg', '0724-SAN FRANCISCO', 'j_arciga@hotmail.com', NULL, NULL, NULL, NULL, 1, '$2y$10$4qlgH5kJ8kRb6ydnSjQNROm0CjUCpTAYH4OB4bKoJwwUe16CulAym', NULL, NULL, NULL, NULL, NULL, NULL, false, NULL, '2025-10-21 23:00:23', '2025-10-21 23:00:23');
INSERT INTO public.users VALUES (5733, 'user', '/default/avatar.png', '/default/breadcrumb.jpg', '0725-EUGENIO ALVAREZ', 'm_a_ibarra280@hotmail.com', NULL, NULL, NULL, NULL, 1, '$2y$10$1kxX9b55FPXKVwH1.OrFxOW4vwdMqdaIRR919./l.0z2ysTkJP4oS', NULL, NULL, NULL, NULL, NULL, NULL, false, NULL, '2025-10-21 23:00:56', '2025-10-21 23:00:56');
INSERT INTO public.users VALUES (5734, 'user', '/default/avatar.png', '/default/breadcrumb.jpg', '0726-LA PROVEEDORA', 'gasolineralaproveedora@hotmail.com', NULL, NULL, NULL, NULL, 1, '$2y$10$wdHh3T7WKq7orj36Q3sjrOLbveGlZFJuS/oqw94PltbQdEi0iyzNO', NULL, NULL, NULL, NULL, NULL, NULL, false, NULL, '2025-10-21 23:01:26', '2025-10-21 23:01:26');
INSERT INTO public.users VALUES (5735, 'user', '/default/avatar.png', '/default/breadcrumb.jpg', '0727-CAR GO', 'gasolineria_car-go@hotmail.com', NULL, NULL, NULL, NULL, 1, '$2y$10$ex7R151ST4U2ZH.aBLlh8.gr76GOpa1MXiehq1I2m7nvIWL9VDlFy', NULL, NULL, NULL, NULL, NULL, NULL, false, NULL, '2025-10-21 23:02:37', '2025-10-21 23:02:37');
INSERT INTO public.users VALUES (5736, 'user', '/default/avatar.png', '/default/breadcrumb.jpg', '0728-ATIMAPA', 'gas.atim@hotmail.com', NULL, NULL, NULL, NULL, 1, '$2y$10$/oftmTRerc85CyGBbDpXYecFrfdABSw2YB7fdCKVa8MXRa8fr42Ne', NULL, NULL, NULL, NULL, NULL, NULL, false, NULL, '2025-10-21 23:05:36', '2025-10-21 23:05:36');
INSERT INTO public.users VALUES (5737, 'user', '/default/avatar.png', '/default/breadcrumb.jpg', '0729-SERVICOM', 'gaslazarocardenas@hotmail.com', NULL, NULL, NULL, NULL, 1, '$2y$10$biFSsul7fnKfo3C2jaQWE.ZRDeRTXAXQEj4AR177zo8i2bOJ8dqIG', NULL, NULL, NULL, NULL, NULL, NULL, false, NULL, '2025-10-21 23:08:47', '2025-10-21 23:08:47');
INSERT INTO public.users VALUES (5738, 'user', '/default/avatar.png', '/default/breadcrumb.jpg', '0729-SERVICOM', 'aleas90@hotmail.com', NULL, NULL, NULL, NULL, 1, '$2y$10$B/43eur7gC0MFu3zwuBTuuM87sCcbVXiNYAGjTNLQ7lfIIY8W5Ewe', NULL, NULL, NULL, NULL, NULL, NULL, false, NULL, '2025-10-21 23:09:28', '2025-10-21 23:09:28');
INSERT INTO public.users VALUES (5739, 'user', '/default/avatar.png', '/default/breadcrumb.jpg', '0730-INSIGNIA ALTOZANO', 'insigniaaltozano@hotmail.com', NULL, NULL, NULL, NULL, 1, '$2y$10$1dh.gf7Acsb7pRvuqVn9quyYl6LgklrcpVH26KCqcFwCRdjROEi16', NULL, NULL, NULL, NULL, NULL, NULL, false, NULL, '2025-10-21 23:10:03', '2025-10-21 23:10:03');
INSERT INTO public.users VALUES (5740, 'user', '/default/avatar.png', '/default/breadcrumb.jpg', '0731-LA QUEMADA', 'estacionesinsignia@gmail.com', NULL, NULL, NULL, NULL, 1, '$2y$10$brTB9Xy84rIYZCfhszRDiOnsYXy7vmRx8N8Rg9Hk8d7BrpxJpPOFi', NULL, NULL, NULL, NULL, NULL, NULL, false, NULL, '2025-10-21 23:11:27', '2025-10-21 23:11:27');
INSERT INTO public.users VALUES (5741, 'user', '/default/avatar.png', '/default/breadcrumb.jpg', '0732-INSIGNIA', 'rutharqui@hotmail.com', NULL, NULL, NULL, NULL, 1, '$2y$10$ieKZkBAe8PQa9sdxW6ykWexccZfieXDbwPzIq03N1PqDoD6KuSmqO', NULL, NULL, NULL, NULL, NULL, NULL, false, NULL, '2025-10-21 23:12:00', '2025-10-21 23:12:00');
INSERT INTO public.users VALUES (5742, 'user', '/default/avatar.png', '/default/breadcrumb.jpg', '0733-BARRIGA', 'ssbarriga108701@gmail.com', NULL, NULL, NULL, NULL, 1, '$2y$10$8Sq3p2BuIJ1J9k.YUU7ciOPwYZ9qzS/zm5vhSV73R1SO2k4B5Pk0G', NULL, NULL, NULL, NULL, NULL, NULL, false, NULL, '2025-10-21 23:12:32', '2025-10-21 23:12:32');
INSERT INTO public.users VALUES (5743, 'user', '/default/avatar.png', '/default/breadcrumb.jpg', '0734-ORHEMANI', 'samart84@hotmail.com', NULL, NULL, NULL, NULL, 1, '$2y$10$DxAQNrYI9ga9OepCaQjJC.AYSdI.5L2yZoeVXw011H6Zwf9vsRIty', NULL, NULL, NULL, NULL, NULL, NULL, false, NULL, '2025-10-21 23:13:12', '2025-10-21 23:13:12');
INSERT INTO public.users VALUES (5744, 'user', '/default/avatar.png', '/default/breadcrumb.jpg', '0734-ORHEMANI', 'g.orhemani@hotmail.com', NULL, NULL, NULL, NULL, 1, '$2y$10$IrFGcTzKjUHhTVMjFDEW7OdMcHd4qgenK2pAmf8Gqid70HgIP9mMq', NULL, NULL, NULL, NULL, NULL, NULL, false, NULL, '2025-10-21 23:14:02', '2025-10-21 23:14:02');
INSERT INTO public.users VALUES (5745, 'user', '/default/avatar.png', '/default/breadcrumb.jpg', '0735-MEZA', 'canomeza@hotmail.com', NULL, NULL, NULL, NULL, 1, '$2y$10$WBmW6UyhwcSfO2a9orDF3.7OKu08mG1RUyQOz0CDWWDYYLCifC.9q', NULL, NULL, NULL, NULL, NULL, NULL, false, NULL, '2025-10-21 23:21:57', '2025-10-21 23:21:57');
INSERT INTO public.users VALUES (5746, 'user', '/default/avatar.png', '/default/breadcrumb.jpg', '0736-RUIZ', 'sfecondembaro@hotmail.com', NULL, NULL, NULL, NULL, 1, '$2y$10$Av8J4WbxQE8KbUukBYOFtua4kLwSzeaPlt5ho4ZLGrEo9LrxNf//O', NULL, NULL, NULL, NULL, NULL, NULL, false, NULL, '2025-10-21 23:22:39', '2025-10-21 23:22:39');
INSERT INTO public.users VALUES (5747, 'user', '/default/avatar.png', '/default/breadcrumb.jpg', '0737- TOMATLAN', 'tomatlansa@hotmail.com', NULL, NULL, NULL, NULL, 1, '$2y$10$8SgNMOo091M0ehgQKBUn.egTM5KbQevuMg.2qY4iGgqHii6.GmmoW', NULL, NULL, NULL, NULL, NULL, NULL, false, NULL, '2025-10-21 23:23:13', '2025-10-21 23:23:13');
INSERT INTO public.users VALUES (5748, 'user', '/default/avatar.png', '/default/breadcrumb.jpg', '0738-GARLO', 'serviciogarlo@hotmail.com', NULL, NULL, NULL, NULL, 1, '$2y$10$QFYY06K3R.OoqvK9OPFq0u4AANmXgBl0rR7SDp1XQE0ZOmuk0yEHC', NULL, NULL, NULL, NULL, NULL, NULL, false, NULL, '2025-10-21 23:23:50', '2025-10-21 23:23:50');
INSERT INTO public.users VALUES (5749, 'user', '/default/avatar.png', '/default/breadcrumb.jpg', '0738-GARLO', 'titali1504@gmail.com', NULL, NULL, NULL, NULL, 1, '$2y$10$30XONDrDP/H0x1Gtnu75zuBvnKry5AImFyol8CztM.jZ7Z09kQlAa', NULL, NULL, NULL, NULL, NULL, NULL, false, NULL, '2025-10-21 23:24:40', '2025-10-21 23:24:40');
INSERT INTO public.users VALUES (5750, 'user', '/default/avatar.png', '/default/breadcrumb.jpg', '0739-SERGIO', 'servicioserliz@gmail.com', NULL, NULL, NULL, NULL, 1, '$2y$10$X50Oq9kZCbcGNAMpIRxva.8ox9MWdYZENjvcL3ORqJ37QtaUo.fj.', NULL, NULL, NULL, NULL, NULL, NULL, false, NULL, '2025-10-21 23:25:49', '2025-10-21 23:25:49');
INSERT INTO public.users VALUES (5751, 'user', '/default/avatar.png', '/default/breadcrumb.jpg', '0740-VALMONT4615', 'pagos_gb@hotmail.com', NULL, NULL, NULL, NULL, 1, '$2y$10$TRPG7BMH1GVHCzysXHun7e6mIh7Ua7xoqwD7hzyyDKPxkHtHliIiK', NULL, NULL, NULL, NULL, NULL, NULL, false, NULL, '2025-10-21 23:33:16', '2025-10-21 23:33:16');
INSERT INTO public.users VALUES (5752, 'user', '/default/avatar.png', '/default/breadcrumb.jpg', '0742- MADRIGAL', 'gasolinera_carinda@hotmail.com', NULL, NULL, NULL, NULL, 1, '$2y$10$sdLK5vch8d5TDX3bCcRkCeEAmGxgwF3JrKNFTh1jSFE496YjvMloq', NULL, NULL, NULL, NULL, NULL, NULL, false, NULL, '2025-10-21 23:35:00', '2025-10-21 23:35:00');
INSERT INTO public.users VALUES (5753, 'user', '/default/avatar.png', '/default/breadcrumb.jpg', '0743-TECARIO', 'gasoexpressdetacambaro@hotmail.com', NULL, NULL, NULL, NULL, 1, '$2y$10$qeCARGtLiYg1b06JllNtVOeAByxtTZ0si/WMzhfNZUuiuTPF5MoaG', NULL, NULL, NULL, NULL, NULL, NULL, false, NULL, '2025-10-21 23:37:19', '2025-10-21 23:37:19');
INSERT INTO public.users VALUES (5754, 'user', '/default/avatar.png', '/default/breadcrumb.jpg', '0744-BAJIO', 'operadorabajio7334@hotmail.com', NULL, NULL, NULL, NULL, 1, '$2y$10$QNELgrGT2IuYQaaLwVzC7OOIMw.UyR47ZHMyUjWG/ykoXYmITTNLS', NULL, NULL, NULL, NULL, NULL, NULL, false, NULL, '2025-10-21 23:37:54', '2025-10-21 23:37:54');
INSERT INTO public.users VALUES (5755, 'user', '/default/avatar.png', '/default/breadcrumb.jpg', '0744-BAJIO', 'ricard.256@hotmail.com', NULL, NULL, NULL, NULL, 1, '$2y$10$0coNj2ZHMyhRct9wRkS1Qulls4mErN1GGiw1KdJ52HNOZ3DS94vIe', NULL, NULL, NULL, NULL, NULL, NULL, false, NULL, '2025-10-21 23:38:56', '2025-10-21 23:38:56');
INSERT INTO public.users VALUES (5756, 'user', '/default/avatar.png', '/default/breadcrumb.jpg', '0745-CAPICHOLA', 'fletescapichola8188@gmail.com', NULL, NULL, NULL, NULL, 1, '$2y$10$zG1psphPTS1A.8EwUkR4LeAtT7dD9IFGbulR4BGNFmqFCfiCHjmeG', NULL, NULL, NULL, NULL, NULL, NULL, false, NULL, '2025-10-21 23:39:58', '2025-10-21 23:39:58');
INSERT INTO public.users VALUES (5757, 'user', '/default/avatar.png', '/default/breadcrumb.jpg', '0747-NARANJITO', 'alfonso_naranjito@hotmail.com', NULL, NULL, NULL, NULL, 1, '$2y$10$tBc0j20OfXnZLUtGv/6SgurlZazr.kpI2/RPnjC4vOwUFuqmw.c3K', NULL, NULL, NULL, NULL, NULL, NULL, false, NULL, '2025-10-21 23:41:25', '2025-10-21 23:41:25');
INSERT INTO public.users VALUES (5758, 'user', '/default/avatar.png', '/default/breadcrumb.jpg', '0748-ZITUNERO', 'est124000@gmail.com', NULL, NULL, NULL, NULL, 1, '$2y$10$4I9c4EX5EmH4WW8C8vSszOYg6tDt.Bh88KcXBLFw/IhPhsDf0MwgC', NULL, NULL, NULL, NULL, NULL, NULL, false, NULL, '2025-10-21 23:41:54', '2025-10-21 23:41:54');
INSERT INTO public.users VALUES (5759, 'user', '/default/avatar.png', '/default/breadcrumb.jpg', '0749-COINTZIO', 'serviciocointzio@yahoo.com', NULL, NULL, NULL, NULL, 1, '$2y$10$VruObZ6nD59HaZcrHJOPO.LukQ7aIwSLtdFMzIldpLqapxmzMcuGW', NULL, NULL, NULL, NULL, NULL, NULL, false, NULL, '2025-10-21 23:42:31', '2025-10-21 23:42:31');
INSERT INTO public.users VALUES (5760, 'user', '/default/avatar.png', '/default/breadcrumb.jpg', '0750-SANTA MONICA', 'stamonica_gas@hotmail.com', NULL, NULL, NULL, NULL, 1, '$2y$10$AXXfXDO9pDxXQNm/zhmbxOBHfbxEqQ9UQbTxyugr72p2wOKETDD9W', NULL, NULL, NULL, NULL, NULL, NULL, false, NULL, '2025-10-21 23:42:59', '2025-10-21 23:42:59');
INSERT INTO public.users VALUES (5761, 'user', '/default/avatar.png', '/default/breadcrumb.jpg', '0751-MEREDITH', 'serviciomeza3840@gmail.com', NULL, NULL, NULL, NULL, 1, '$2y$10$P9OrINi2AN1ubx0qmo56GupvT8t55vZg1l10M7jtv3PDM6QJ8ZukC', NULL, NULL, NULL, NULL, NULL, NULL, false, NULL, '2025-10-21 23:43:32', '2025-10-21 23:43:32');
INSERT INTO public.users VALUES (5762, 'user', '/default/avatar.png', '/default/breadcrumb.jpg', '0753-SUECU999', 'gaso.suecu@gmail.com', NULL, NULL, NULL, NULL, 1, '$2y$10$b18xIjX2dqJroQtoAOA4Pe5PjtvKjDw3UN8UyMAmpWZzwidn36wfq', NULL, NULL, NULL, NULL, NULL, NULL, false, NULL, '2025-10-21 23:44:01', '2025-10-21 23:44:01');
INSERT INTO public.users VALUES (5763, 'user', '/default/avatar.png', '/default/breadcrumb.jpg', '0754-OLYMPIA', 'gerencia@serviexpressolympia.com.mx', NULL, NULL, NULL, NULL, 1, '$2y$10$ifOLxbRaanso6sAzWsnHpu5CCbv8M.zYIjVakawnANRpIIKblrZye', NULL, NULL, NULL, NULL, NULL, NULL, false, NULL, '2025-10-21 23:44:37', '2025-10-21 23:44:37');
INSERT INTO public.users VALUES (5764, 'user', '/default/avatar.png', '/default/breadcrumb.jpg', '0755-FRENTE', 'auxiliaradm@frenteservicio.com', NULL, NULL, NULL, NULL, 1, '$2y$10$guWsEZAd.OJ7KuZYftvi/OxG6VJa5s4ESDUgOfoSSY9oEIaJg9Lxe', NULL, NULL, NULL, NULL, NULL, NULL, false, NULL, '2025-10-21 23:45:06', '2025-10-21 23:45:06');
INSERT INTO public.users VALUES (5765, 'user', '/default/avatar.png', '/default/breadcrumb.jpg', '0756-JUANITO', 'estacionyserviciosanjuanito@gmail.com', NULL, NULL, NULL, NULL, 1, '$2y$10$z31Js2KkDO2/9rMeigAZQeSqQPUvQo6t52tqz0mWm3akRygwykZ7q', NULL, NULL, NULL, NULL, NULL, NULL, false, NULL, '2025-10-21 23:45:37', '2025-10-21 23:45:37');
INSERT INTO public.users VALUES (5766, 'user', '/default/avatar.png', '/default/breadcrumb.jpg', '0757-GOMBRIZ', 'jose20091942@hotmail.com', NULL, NULL, NULL, NULL, 1, '$2y$10$PY62WxfXYVoPF77r8vy5RuscaMJu1bUDRRNXQgj0UNv5zJWj3oZdm', NULL, NULL, NULL, NULL, NULL, NULL, false, NULL, '2025-10-21 23:46:09', '2025-10-21 23:46:09');
INSERT INTO public.users VALUES (5767, 'user', '/default/avatar.png', '/default/breadcrumb.jpg', '0758-MERCANTIL VIHESA', 'mercantilvihesa.5088@gmail.com', NULL, NULL, NULL, NULL, 1, '$2y$10$oESlfUsmJymsx.b/KfICZex7VxtvWjx23kF1.GdZ5aqiM7TcHoxBm', NULL, NULL, NULL, NULL, NULL, NULL, false, NULL, '2025-10-21 23:46:38', '2025-10-21 23:46:38');
INSERT INTO public.users VALUES (5768, 'user', '/default/avatar.png', '/default/breadcrumb.jpg', '0759-SERVICIO 5640', 'edgararias5640@hotmail.com', NULL, NULL, NULL, NULL, 1, '$2y$10$i/3Ldpv2ts/QH47WByi46Odx8RPoZzZYKezExZRnnzX.BxXlWTpR2', NULL, NULL, NULL, NULL, NULL, NULL, false, NULL, '2025-10-21 23:54:06', '2025-10-21 23:54:06');
INSERT INTO public.users VALUES (5769, 'user', '/default/avatar.png', '/default/breadcrumb.jpg', '0760-PEDRO ARROYO', 'superserviciodroarrs77@hotmail.com', NULL, NULL, NULL, NULL, 1, '$2y$10$NR0.rDkGpShlc.0YneNGcu3KtIxMcwsG8e46n8xnCsG4hOD9AmD1i', NULL, NULL, NULL, NULL, NULL, NULL, false, NULL, '2025-10-21 23:54:36', '2025-10-21 23:54:36');
INSERT INTO public.users VALUES (5770, 'user', '/default/avatar.png', '/default/breadcrumb.jpg', '0763-JOSE CARMEN', 'sanchezmaben@hotmail.com', NULL, NULL, NULL, NULL, 1, '$2y$10$lQdPF0NaWS.zHi1sTLvx6.1t2fZCroeOToVOBAMG5f9o3gnNWMEmW', NULL, NULL, NULL, NULL, NULL, NULL, false, NULL, '2025-10-21 23:57:16', '2025-10-21 23:57:16');
INSERT INTO public.users VALUES (5771, 'user', '/default/avatar.png', '/default/breadcrumb.jpg', '0764-GASOLINERA SUECU', 'aux.contafuente@gmail.com', NULL, NULL, NULL, NULL, 1, '$2y$10$6vCNdJjcR5jn7eloa2w7oOiMgOJrUEag0ZH5rSrgy9B6V0Aq33bo6', NULL, NULL, NULL, NULL, NULL, NULL, false, NULL, '2025-10-21 23:57:46', '2025-10-21 23:57:46');
INSERT INTO public.users VALUES (5772, 'user', '/default/avatar.png', '/default/breadcrumb.jpg', '0765-SERVICIO LA ESMERALDA', 'gerencia3@gaslaesmeralda.com.mx', NULL, NULL, NULL, NULL, 1, '$2y$10$6b4AAd8HbNcIvc41hqEoTOyLvTMXIQlCYiMp1DrVg3hxgBQSgGCMm', NULL, NULL, NULL, NULL, NULL, NULL, false, NULL, '2025-10-21 23:58:16', '2025-10-21 23:58:16');
INSERT INTO public.users VALUES (5773, 'user', '/default/avatar.png', '/default/breadcrumb.jpg', '0773-CORTIJO', 'gasolineraelcortijosa@hotmail.com', NULL, NULL, NULL, NULL, 1, '$2y$10$3ProIja2T0raZ6Iosjbd9u.Fdhg8l19mwVvMISth3g1CVSS3RwffK', NULL, NULL, NULL, NULL, NULL, NULL, false, NULL, '2025-10-21 23:59:53', '2025-10-21 23:59:53');
INSERT INTO public.users VALUES (5774, 'user', '/default/avatar.png', '/default/breadcrumb.jpg', '0774-HIDROCARBUROS DEL BAJIO', 'rosy.paramo@gazzer.com.mx', NULL, NULL, NULL, NULL, 1, '$2y$10$B0t7JZukXRNgDvTfuc.ziOW5LDfvUyukIyOaYsJ5XUQIYPQunTwhy', NULL, NULL, NULL, NULL, NULL, NULL, false, NULL, '2025-10-22 00:00:21', '2025-10-22 00:00:21');
INSERT INTO public.users VALUES (5775, 'user', '/default/avatar.png', '/default/breadcrumb.jpg', '0776-BUENA ESPERANZA', 'gerenciagasolplus@gmail.com', NULL, NULL, NULL, NULL, 1, '$2y$10$ZaBIXWyVvuI5L63dq9FOCusIdqRSEUQC8xfiMXYcK19AYaOcXhYDW', NULL, NULL, NULL, NULL, NULL, NULL, false, NULL, '2025-10-22 00:04:17', '2025-10-22 00:04:17');
INSERT INTO public.users VALUES (5776, 'user', '/default/avatar.png', '/default/breadcrumb.jpg', '0776-BUENA ESPERANZA', 'combustiblesbuenaesperanza@hotmail.com', NULL, NULL, NULL, NULL, 1, '$2y$10$z5hQ3FcNJ10K.wapeic.5eLiRk7/YZntKmfh073vULq7RJcMnXc26', NULL, NULL, NULL, NULL, NULL, NULL, false, NULL, '2025-10-22 00:04:50', '2025-10-22 00:04:50');
INSERT INTO public.users VALUES (5777, 'user', '/default/avatar.png', '/default/breadcrumb.jpg', '0777-OLA VERDE', 'eugeniamartinez@corporativoramcal.mx', NULL, NULL, NULL, NULL, 1, '$2y$10$H/MBDwfB6JUd75P7.6DtuOl.leN8Ia5d.fwphtxwCPHxKWhlnHAtK', NULL, NULL, NULL, NULL, NULL, NULL, false, NULL, '2025-10-22 00:05:26', '2025-10-22 00:05:26');
INSERT INTO public.users VALUES (5778, 'user', '/default/avatar.png', '/default/breadcrumb.jpg', '0778-COMERCIAL LIBRAMIENTO', 'compras@gasolinerae09182.com.mx', NULL, NULL, NULL, NULL, 1, '$2y$10$NpekJr3jjA9BSvBj7n6RTeQ9ikJXB.6xjx8TxCOYl4OduwEOXmPzW', NULL, NULL, NULL, NULL, NULL, NULL, false, NULL, '2025-10-22 00:06:01', '2025-10-22 00:06:01');
INSERT INTO public.users VALUES (5779, 'user', '/default/avatar.png', '/default/breadcrumb.jpg', '0778-COMERCIAL LIBRAMIENTO', 'comerciallibramiento@hotmail.com', NULL, NULL, NULL, NULL, 1, '$2y$10$OIcrBWFlvDlEXrmJyjjTn.SnCKmWu74ht/UiWP4mqXql7X8K5KgLe', NULL, NULL, NULL, NULL, NULL, NULL, false, NULL, '2025-10-22 00:06:53', '2025-10-22 00:06:53');
INSERT INTO public.users VALUES (5780, 'user', '/default/avatar.png', '/default/breadcrumb.jpg', '0781-GASOPRIM', 'gasoprimsa@hotmail.com', NULL, NULL, NULL, NULL, 1, '$2y$10$pPvoTG8Hp.4YDebCmQAGkuCDzhKe8EIapAmNo3.nNhuxWrGa6ejjC', NULL, NULL, NULL, NULL, NULL, NULL, false, NULL, '2025-10-22 00:08:30', '2025-10-22 00:08:30');
INSERT INTO public.users VALUES (5781, 'user', '/default/avatar.png', '/default/breadcrumb.jpg', '0782-GASOLINERA GASOTEC', 'gasotec@prodigy.net.mx', NULL, NULL, NULL, NULL, 1, '$2y$10$DXYQHWQG3QMMhOK00GvxfuSQjz0ohjHnFfLeNo8jRp6X113zIT4eu', NULL, NULL, NULL, NULL, NULL, NULL, false, NULL, '2025-10-22 00:09:02', '2025-10-22 00:09:02');
INSERT INTO public.users VALUES (5782, 'user', '/default/avatar.png', '/default/breadcrumb.jpg', '0783-GENERAL DE COMBUSTIBLES 112152', 'jnevarez61@hotmail.com', NULL, NULL, NULL, NULL, 1, '$2y$10$fZWkgIFX38EmE5Pbk67pg.6u4dC2c0hDBinzv4O9nzTrrt/co7FZ2', NULL, NULL, NULL, NULL, NULL, NULL, false, NULL, '2025-10-22 00:09:59', '2025-10-22 00:09:59');
INSERT INTO public.users VALUES (5783, 'user', '/default/avatar.png', '/default/breadcrumb.jpg', '0783-GENERAL DE COMBUSTIBLES 112152', 'gencoco2@hotmail.com', NULL, NULL, NULL, NULL, 1, '$2y$10$778LWA2ZBTCz2AayalnJ.e3fkEidPfTd18bG0JQ3Cmlo/htITk4LW', NULL, NULL, NULL, NULL, NULL, NULL, false, NULL, '2025-10-22 00:11:15', '2025-10-22 00:11:15');
INSERT INTO public.users VALUES (5784, 'user', '/default/avatar.png', '/default/breadcrumb.jpg', '0784-GENERAL DE COMBUSTIBLES 112153', 'gencoco1@hotmail.com', NULL, NULL, NULL, NULL, 1, '$2y$10$2ZczKU8xIkUuAhcF1tJXhe9FuzeLJsLGnAJXA.N9CyvVj6R55ZfGO', NULL, NULL, NULL, NULL, NULL, NULL, false, NULL, '2025-10-22 16:56:37', '2025-10-22 16:56:37');
INSERT INTO public.users VALUES (5785, 'user', '/default/avatar.png', '/default/breadcrumb.jpg', '0784-GENERAL DE COMBUSTIBLES 112153', 'enlace@combsa.com', NULL, NULL, NULL, NULL, 1, '$2y$10$ddM2UE3lZhK.vAX7alf8Vejy/G3iJbGX5jSCyl4cAzz3WJ1wfaayS', NULL, NULL, NULL, NULL, NULL, NULL, false, NULL, '2025-10-22 16:58:34', '2025-10-22 16:58:34');
INSERT INTO public.users VALUES (5786, 'user', '/default/avatar.png', '/default/breadcrumb.jpg', '0785-GRUPO DIAMANTE', 'grupodiamante123@hotmail.com', NULL, NULL, NULL, NULL, 1, '$2y$10$IkOhh6HSby9kyyE58d77J./DFd8eON1g3APT/VV1Y.aMPlr4xoi8m', NULL, NULL, NULL, NULL, NULL, NULL, false, NULL, '2025-10-22 17:00:43', '2025-10-22 17:00:43');
INSERT INTO public.users VALUES (5787, 'user', '/default/avatar.png', '/default/breadcrumb.jpg', '0786-JUAN RAFAEL PINTO', 'serviciouniversidad@hotmail.com', NULL, NULL, NULL, NULL, 1, '$2y$10$M7h8OtQ3bM1CbFnSgUXdBe8m6N0DblRZX3yh8cwRSg7Dbo6ikCTxq', NULL, NULL, NULL, NULL, NULL, NULL, false, NULL, '2025-10-22 17:03:05', '2025-10-22 17:03:05');
INSERT INTO public.users VALUES (5788, 'user', '/default/avatar.png', '/default/breadcrumb.jpg', '0786-JUAN RAFAEL PINTO', 'compras@gasolinerae06212.com.mx', NULL, NULL, NULL, NULL, 1, '$2y$10$ShFP6YHrieGvCZOrwZxUb.RLRbRWH9Kkn8iKbJgJ5th01EFNv3fYe', NULL, NULL, NULL, NULL, NULL, NULL, false, NULL, '2025-10-22 17:03:59', '2025-10-22 17:03:59');
INSERT INTO public.users VALUES (5789, 'user', '/default/avatar.png', '/default/breadcrumb.jpg', '0786-JUAN RAFAEL PINTO', '1serviciouniversidad@gmail.com', NULL, NULL, NULL, NULL, 1, '$2y$10$crVpco6dkgO7O1t.i1zB..TpY2gO6B/rNMbz.dp0zojF0VF2kH4yq', NULL, NULL, NULL, NULL, NULL, NULL, false, NULL, '2025-10-22 17:04:35', '2025-10-22 17:04:35');
INSERT INTO public.users VALUES (5790, 'user', '/default/avatar.png', '/default/breadcrumb.jpg', '0787-ALCARACES', 'multiservicioalcaraces@gmail.com', NULL, NULL, NULL, NULL, 1, '$2y$10$qM8l3NPLxgA9AbmXf0czceoiKk4TVFZIpEfUh/Lep6QuuOXVW5aP.', NULL, NULL, NULL, NULL, NULL, NULL, false, NULL, '2025-10-22 17:07:50', '2025-10-22 17:07:50');
INSERT INTO public.users VALUES (5791, 'user', '/default/avatar.png', '/default/breadcrumb.jpg', '0788-PUERTA DE HIERRO', 'administracion@sphcolima.com', NULL, NULL, NULL, NULL, 1, '$2y$10$PRFVQEzRoMOH6GwTPlXsSOmbs3Hnya4VgNfvkLB2cCP.gCOD2CD8O', NULL, NULL, NULL, NULL, NULL, NULL, false, NULL, '2025-10-22 17:09:32', '2025-10-22 17:09:32');
INSERT INTO public.users VALUES (5792, 'user', '/default/avatar.png', '/default/breadcrumb.jpg', '0788-PUERTA DE HIERRO', 'contabilidad@sphcolima.com', NULL, NULL, NULL, NULL, 1, '$2y$10$j9iz5sXXgUOwMdQdae66/ecGhSZjBq4HKvz3mkT0M.jmJpTBtMzii', NULL, NULL, NULL, NULL, NULL, NULL, false, NULL, '2025-10-22 17:10:05', '2025-10-22 17:10:05');
INSERT INTO public.users VALUES (5793, 'user', '/default/avatar.png', '/default/breadcrumb.jpg', '0792-CAMPO REAL', 'camporeal5813@hotmail.com', NULL, NULL, NULL, NULL, 1, '$2y$10$wAs1Bo0YW2srMOeDsCzmCuiVRzUVqrSGNZALMnOYWBPZ.jYqE78rC', NULL, NULL, NULL, NULL, NULL, NULL, false, NULL, '2025-10-22 17:11:17', '2025-10-22 17:11:17');
INSERT INTO public.users VALUES (5794, 'user', '/default/avatar.png', '/default/breadcrumb.jpg', '0792-CAMPO REAL', 'serviciocamporeal5813@gmail.com', NULL, NULL, NULL, NULL, 1, '$2y$10$.uUlDG9WD3A/.gCyKeeZ6uoi.3ofSPw2lp1xKr8tr7wgkVdjSdPLa', NULL, NULL, NULL, NULL, NULL, NULL, false, NULL, '2025-10-22 17:12:33', '2025-10-22 17:12:33');
INSERT INTO public.users VALUES (5795, 'user', '/default/avatar.png', '/default/breadcrumb.jpg', '0792-CAMPO REAL', 'dianasaucedo29@outlook.es', NULL, NULL, NULL, NULL, 1, '$2y$10$KWdGu3sNsvn9EFBnmKzNLOJdocsF3N1IAUuI95iICtNZWFaLwQ4Cm', NULL, NULL, NULL, NULL, NULL, NULL, false, NULL, '2025-10-22 17:13:07', '2025-10-22 17:13:07');
INSERT INTO public.users VALUES (5796, 'user', '/default/avatar.png', '/default/breadcrumb.jpg', '0793-PARAISO ALEGRE', 'es8690.gr@gmail.com', NULL, NULL, NULL, NULL, 1, '$2y$10$Rwb4qtSGG1a5MPJChgAYhuGIi.gd1XOOajMtj5Sf3WrfIJ4LWAaOW', NULL, NULL, NULL, NULL, NULL, NULL, false, NULL, '2025-10-22 17:14:24', '2025-10-22 17:14:24');
INSERT INTO public.users VALUES (5797, 'user', '/default/avatar.png', '/default/breadcrumb.jpg', '0793-PARAISO ALEGRE', 'yexicamanuel.gr@gmail.com', NULL, NULL, NULL, NULL, 1, '$2y$10$bjUx45wYlIAzvMsEd9IADOqLzNco0G1eyb7trWEpOXb0X0z4sej7a', NULL, NULL, NULL, NULL, NULL, NULL, false, NULL, '2025-10-22 17:15:00', '2025-10-22 17:15:00');
INSERT INTO public.users VALUES (5798, 'user', '/default/avatar.png', '/default/breadcrumb.jpg', '0794-REVOLUCION', 'chavezsantiago@hotmail.com', NULL, NULL, NULL, NULL, 1, '$2y$10$8Z8RUo6wEs4PeSPi5xxrteEQEwniIgx8KpLgFLD3daDPVOQHjONkK', NULL, NULL, NULL, NULL, NULL, NULL, false, NULL, '2025-10-22 17:19:33', '2025-10-22 17:19:33');
INSERT INTO public.users VALUES (5799, 'user', '/default/avatar.png', '/default/breadcrumb.jpg', '0794-REVOLUCION', 'esr7924@hotmail.com', NULL, NULL, NULL, NULL, 1, '$2y$10$0DQLvEpUF8eI5dYCKc5GMOv1eZLw/C.4NUwDxIaiJE54.OhM0OqH2', NULL, NULL, NULL, NULL, NULL, NULL, false, NULL, '2025-10-22 17:20:40', '2025-10-22 17:20:40');
INSERT INTO public.users VALUES (5800, 'user', '/default/avatar.png', '/default/breadcrumb.jpg', '0794-REVOLUCION', 'herl1079@hotmail.com', NULL, NULL, NULL, NULL, 1, '$2y$10$.6lg41dM8vhF9VGhjW0WUOA22NE/VqjRLA4K4KTvHZn1iSh6WvKSa', NULL, NULL, NULL, NULL, NULL, NULL, false, NULL, '2025-10-22 17:21:14', '2025-10-22 17:21:14');
INSERT INTO public.users VALUES (5801, 'user', '/default/avatar.png', '/default/breadcrumb.jpg', '0795-RAFAEL HERRERA BARRIGA', 'gas.servicioexpres.elcarmen10838@gmail.com', NULL, NULL, NULL, NULL, 1, '$2y$10$Xd6RgrwTUW0REIMOKNMU0OSqjEkzNnesEpBOyxTNWDKzKmOV8xu02', NULL, NULL, NULL, NULL, NULL, NULL, false, NULL, '2025-10-22 17:23:17', '2025-10-22 17:23:17');
INSERT INTO public.users VALUES (5802, 'user', '/default/avatar.png', '/default/breadcrumb.jpg', '0797-LOS LIMONES', 'superservicioloslimones2@gmail.com', NULL, NULL, NULL, NULL, 1, '$2y$10$Gu8rD3hcUzGmU5//RDRbj.0WL3GnTYAORk0JUaD0rI7sIuZ4Qqf96', NULL, NULL, NULL, NULL, NULL, NULL, false, NULL, '2025-10-22 17:23:54', '2025-10-22 17:23:54');
INSERT INTO public.users VALUES (5803, 'user', '/default/avatar.png', '/default/breadcrumb.jpg', '0798-ABEL ZAMORA', 'admigaszamora@outlook.com', NULL, NULL, NULL, NULL, 1, '$2y$10$UpnBWhTPzcVmDTPerqsDBOKaWHaji6SSV29DaIgqgwG3BE2qmzgEG', NULL, NULL, NULL, NULL, NULL, NULL, false, NULL, '2025-10-22 17:24:31', '2025-10-22 17:24:31');
INSERT INTO public.users VALUES (5804, 'user', '/default/avatar.png', '/default/breadcrumb.jpg', '0799-GASOLINERA URUAPAN', 'facturas.uruapan@gmail.com', NULL, NULL, NULL, NULL, 1, '$2y$10$Znai99r1iKHKDBH1ffykSuI0lILxdVHnKtMJbBKBUFUXhI2xC.Nru', NULL, NULL, NULL, NULL, NULL, NULL, false, NULL, '2025-10-22 17:25:05', '2025-10-22 17:25:05');
INSERT INTO public.users VALUES (5805, 'user', '/default/avatar.png', '/default/breadcrumb.jpg', '0800-COMBUSTIBLES SALAGUA', 'combustiblessalagua16@gmail.com', NULL, NULL, NULL, NULL, 1, '$2y$10$j62TohSLB5d4fTDyqkEsTe9jSb2687dq2u.vr/0EjWY7J9SfFzgyG', NULL, NULL, NULL, NULL, NULL, NULL, false, NULL, '2025-10-22 17:25:47', '2025-10-22 17:25:47');
INSERT INTO public.users VALUES (5806, 'user', '/default/avatar.png', '/default/breadcrumb.jpg', '0801-GRUPO JOVALDI', 'grupojovaldi16@gmail.com', NULL, NULL, NULL, NULL, 1, '$2y$10$d8E4U0yYqKF11PonCkbrw.LjcF54nq00S9TSFNDNBvWo9MlFZP/qO', NULL, NULL, NULL, NULL, NULL, NULL, false, NULL, '2025-10-22 17:26:21', '2025-10-22 17:26:21');
INSERT INTO public.users VALUES (5807, 'user', '/default/avatar.png', '/default/breadcrumb.jpg', '0802-LA ESMERALDA CARACUARO', 'lasesmeraldas_7158@hotmail.com', NULL, NULL, NULL, NULL, 1, '$2y$10$rHFddnO2pqWabA6R8s4WSeNfyZ2c1UQbcUNVTlDs4TOJl56hL6gGG', NULL, NULL, NULL, NULL, NULL, NULL, false, NULL, '2025-10-22 17:26:54', '2025-10-22 17:26:54');
INSERT INTO public.users VALUES (5808, 'user', '/default/avatar.png', '/default/breadcrumb.jpg', '0803-CATALINA BAEZA VARGAS', 'gasolinera_mapava@hotmail.com', NULL, NULL, NULL, NULL, 1, '$2y$10$ayDfRFo1enDdQbaxxXkJM.eC31YNavBzDYyndKkzzaz2pmqwj4b.W', NULL, NULL, NULL, NULL, NULL, NULL, false, NULL, '2025-10-22 17:27:28', '2025-10-22 17:27:28');
INSERT INTO public.users VALUES (5809, 'user', '/default/avatar.png', '/default/breadcrumb.jpg', '0804-GASOLINERA JARAL', 'rodrigobaeza15@prodigy.net.mx', NULL, NULL, NULL, NULL, 1, '$2y$10$WjIrKTgZpQnO9N0cx.Wp1.XTw3/K2FWdN3IST/zD8aP4Bk0e6uwVu', NULL, NULL, NULL, NULL, NULL, NULL, false, NULL, '2025-10-22 17:28:09', '2025-10-22 17:28:09');
INSERT INTO public.users VALUES (5810, 'user', '/default/avatar.png', '/default/breadcrumb.jpg', '0805-IMPULSORA ALLENDE', 'impulsora.allende.tam@gmail.com', NULL, NULL, NULL, NULL, 1, '$2y$10$9jJKdKiq9kEEbwRllcXale.eJhGDAkAfyY72mZEgkbN.H5Xyvwxrq', NULL, NULL, NULL, NULL, NULL, NULL, false, NULL, '2025-10-22 17:28:48', '2025-10-22 17:28:48');
INSERT INTO public.users VALUES (5811, 'user', '/default/avatar.png', '/default/breadcrumb.jpg', '0806-EMPRESAS ANGUIANO', 'empresasanguianosadecv@hotmail.com', NULL, NULL, NULL, NULL, 1, '$2y$10$EcLZIu84wAUl1h8I.RmIheGnd.087HvRXuA5Wr9qDIvSz1XGNTpAm', NULL, NULL, NULL, NULL, NULL, NULL, false, NULL, '2025-10-22 17:29:21', '2025-10-22 17:29:21');
INSERT INTO public.users VALUES (5812, 'user', '/default/avatar.png', '/default/breadcrumb.jpg', '0807-PIEDRA PARADA', 'pati8a_cidermich@hotmail.com', NULL, NULL, NULL, NULL, 1, '$2y$10$VeT356M9RYqy29WlG.tVVOxjwdF1pToVI7lwqobmlJnrGNGZELj2m', NULL, NULL, NULL, NULL, NULL, NULL, false, NULL, '2025-10-22 17:30:00', '2025-10-22 17:30:00');
INSERT INTO public.users VALUES (5813, 'user', '/default/avatar.png', '/default/breadcrumb.jpg', '0808-EL DURAZNO', 'gerenciasachiel@hotmail.com', NULL, NULL, NULL, NULL, 1, '$2y$10$Um2nZEoJu6wtrkYzRhS7Hex3vWnvXA0v2x/W4IY/QBdUm7zIkVx9q', NULL, NULL, NULL, NULL, NULL, NULL, false, NULL, '2025-10-22 17:30:36', '2025-10-22 17:30:36');
INSERT INTO public.users VALUES (5814, 'user', '/default/avatar.png', '/default/breadcrumb.jpg', '0809-FORMULA GAS', 'formulagasags@gmail.com', NULL, NULL, NULL, NULL, 1, '$2y$10$WqUNsTRzP/xAH8/kkoiYRusmdQEOIks.AjRjd9837VvL59cbaEkFW', NULL, NULL, NULL, NULL, NULL, NULL, false, NULL, '2025-10-22 17:31:10', '2025-10-22 17:31:10');
INSERT INTO public.users VALUES (5815, 'user', '/default/avatar.png', '/default/breadcrumb.jpg', '0810-CUITZILLOS', 'cuitzillos.2017@gmail.com', NULL, NULL, NULL, NULL, 1, '$2y$10$FdUAuohTePiPMQCceSyYb.8HioJpcxJRrcytSNvmSmwfxE6Vmhs1a', NULL, NULL, NULL, NULL, NULL, NULL, false, NULL, '2025-10-22 17:31:42', '2025-12-08 23:35:54');
INSERT INTO public.users VALUES (5816, 'user', '/default/avatar.png', '/default/breadcrumb.jpg', '0811-SUPER SERVICIO PUERTO', 'sspacifico13969@gmail.com', NULL, NULL, NULL, NULL, 1, '$2y$10$kPRAyfVT4W9nRoKW3tRU8uHyj1DVS3uG9ml8aEFPdxDrKpEPmcIOO', NULL, NULL, NULL, NULL, NULL, NULL, false, NULL, '2025-10-22 17:32:16', '2025-10-22 17:32:16');
INSERT INTO public.users VALUES (5817, 'user', '/default/avatar.png', '/default/breadcrumb.jpg', '0813-XOCHITL MOJICA', 'estacion6458@hotmail.com', NULL, NULL, NULL, NULL, 1, '$2y$10$FPvLyQbiGHQu/OWxoSbvGu9sgxnVe.9hE4xdEe2DwLlPbLdcgiB2O', NULL, NULL, NULL, NULL, NULL, NULL, false, NULL, '2025-10-22 17:34:38', '2025-10-22 17:34:38');
INSERT INTO public.users VALUES (5818, 'user', '/default/avatar.png', '/default/breadcrumb.jpg', '0813-XOCHITL MOJICA', 'abastosmonarca6458@hotmail.com', NULL, NULL, NULL, NULL, 1, '$2y$10$ZCF0GtFAV2RZB7bVUDuUr.46IsoEmaLxBZugm2GIrYLptRIAxHLze', NULL, NULL, NULL, NULL, NULL, NULL, false, NULL, '2025-10-22 17:35:13', '2025-10-22 17:35:13');
INSERT INTO public.users VALUES (5819, 'user', '/default/avatar.png', '/default/breadcrumb.jpg', '0814-GASOLINERA 35', 'gbo35uruapan@gmail.com', NULL, NULL, NULL, NULL, 1, '$2y$10$dEvQWCxto2uBhUI5SOcdNO6l7V1mQH6qTSlC18pHNnmLIq7VODX4a', NULL, NULL, NULL, NULL, NULL, NULL, false, NULL, '2025-10-22 17:35:51', '2025-10-22 17:35:51');
INSERT INTO public.users VALUES (5820, 'user', '/default/avatar.png', '/default/breadcrumb.jpg', '0816-VICGO', 'gasolinera_vic_go@hotmail.com', NULL, NULL, NULL, NULL, 1, '$2y$10$aqDEX6ANpIUs/LAmYmBoPeuPYkOg8bSde4TLx0d85dr4NA3/CVlW.', NULL, NULL, NULL, NULL, NULL, NULL, false, NULL, '2025-10-22 17:36:20', '2025-10-22 17:36:20');
INSERT INTO public.users VALUES (5821, 'user', '/default/avatar.png', '/default/breadcrumb.jpg', '0818-SERVI GASPER', 'administracion@servigasper.com', NULL, NULL, NULL, NULL, 1, '$2y$10$93GtgFW5ZJ6vIJ7sJb8/sOGfn5yS2AURIdSG1GHBjG9BC72ZyPWIW', NULL, NULL, NULL, NULL, NULL, NULL, false, NULL, '2025-10-22 17:36:50', '2025-10-22 17:36:50');
INSERT INTO public.users VALUES (5822, 'user', '/default/avatar.png', '/default/breadcrumb.jpg', '0819-LA RUANA', 'estacion.servicios.laruana@gmail.com', NULL, NULL, NULL, NULL, 1, '$2y$10$Na/3FiO6zPTWCIqbk7U/9u/K1XCcqMsUfpg192tT5N2WAM.SzO.5a', NULL, NULL, NULL, NULL, NULL, NULL, false, NULL, '2025-10-22 17:37:22', '2025-10-22 17:37:22');
INSERT INTO public.users VALUES (5823, 'user', '/default/avatar.png', '/default/breadcrumb.jpg', '0820-HUANIQUEO', 'superservicio9624@hotmail.com', NULL, NULL, NULL, NULL, 1, '$2y$10$ZYnxRDa7712ElNDYctLUu.ewMBeY4OWj5RF9uzEVSWW7kKsvJTxZu', NULL, NULL, NULL, NULL, NULL, NULL, false, NULL, '2025-10-22 17:37:53', '2025-10-22 17:37:53');
INSERT INTO public.users VALUES (5824, 'user', '/default/avatar.png', '/default/breadcrumb.jpg', '0821-TAFETAN', 'servicio_tafetan@hotmail.com', NULL, NULL, NULL, NULL, 1, '$2y$10$qXiwwXaEPPEE3jLkSSJ8z.JxbTOHixjZaYcvr0cAH6QW.ku1BzQAi', NULL, NULL, NULL, NULL, NULL, NULL, false, NULL, '2025-10-22 17:38:22', '2025-10-22 17:38:22');
INSERT INTO public.users VALUES (5825, 'user', '/default/avatar.png', '/default/breadcrumb.jpg', '0822-SERVICIO VILLACHUATO', 'noyolalemus@gmail.com', NULL, NULL, NULL, NULL, 1, '$2y$10$C0SxwOtxEmyW7qx4bsCU3uAo2swySQzANd1yUDbcyC.FPUoRg9qj2', NULL, NULL, NULL, NULL, NULL, NULL, false, NULL, '2025-10-22 17:38:53', '2025-10-22 17:38:53');
INSERT INTO public.users VALUES (5826, 'user', '/default/avatar.png', '/default/breadcrumb.jpg', '0823-SS BUENOS AIRES', 'antonio.madriz@ssbuenosaires.com', NULL, NULL, NULL, NULL, 1, '$2y$10$Ustj3O1Ny8FWFpq9nAo2IuTZipykEv5udXbVDzoN/OZHMaI3KR3Xy', NULL, NULL, NULL, NULL, NULL, NULL, false, NULL, '2025-10-22 17:39:23', '2025-10-22 17:39:23');
INSERT INTO public.users VALUES (5827, 'user', '/default/avatar.png', '/default/breadcrumb.jpg', '0824-PACIFICO AM', 'gas.pacifico@sspacificoam.com', NULL, NULL, NULL, NULL, 1, '$2y$10$lbcOZCWcXMjQQSGeIEnXL.sCtmwef1NubW6c0V.Jh1gIo0OlhaXKu', NULL, NULL, NULL, NULL, NULL, NULL, false, NULL, '2025-10-22 17:39:57', '2025-10-22 17:39:57');
INSERT INTO public.users VALUES (5828, 'user', '/default/avatar.png', '/default/breadcrumb.jpg', '0825-EL CASTANO', 'facturascastano@gmail.com', NULL, NULL, NULL, NULL, 1, '$2y$10$SFxeJh0ttaSIhTlq8zFWw.7d.ytdeRUmEdY6UYaqrCf8IXCkiD1J.', NULL, NULL, NULL, NULL, NULL, NULL, false, NULL, '2025-10-22 17:40:27', '2025-10-22 17:40:27');
INSERT INTO public.users VALUES (5829, 'user', '/default/avatar.png', '/default/breadcrumb.jpg', '0826-GASOLINERA LA ORILLA', 'gasolineralibramientolaorilla@gmail.com', NULL, NULL, NULL, NULL, 1, '$2y$10$kZTtUe.ZiWMhWTTzJz7XQ.Sa/LCszJTjJhnoNXPG5Eppi45OgmdL2', NULL, NULL, NULL, NULL, NULL, NULL, false, NULL, '2025-10-22 17:42:46', '2025-10-22 17:42:46');
INSERT INTO public.users VALUES (5830, 'user', '/default/avatar.png', '/default/breadcrumb.jpg', '0827-MIGUEL ARCINIEGA FIGUEROA', 'cirecks@hotmail.com', NULL, NULL, NULL, NULL, 1, '$2y$10$bL1E/qXSSyJYN8m8cRDn5O3jnEletNidUrl6.W5UyGmNuB03rG3.m', NULL, NULL, NULL, NULL, NULL, NULL, false, NULL, '2025-10-22 17:44:07', '2025-10-22 17:44:07');
INSERT INTO public.users VALUES (5831, 'user', '/default/avatar.png', '/default/breadcrumb.jpg', '0827-MIGUEL ARCINIEGA FIGUEROA', 'gasmina6753@hotmail.com', NULL, NULL, NULL, NULL, 1, '$2y$10$xSwYBYrAFyR5gPj84fpk6OIIEBxrSMyVQNRD9PkInUuYuSnGzu35m', NULL, NULL, NULL, NULL, NULL, NULL, false, NULL, '2025-10-22 17:44:38', '2025-10-22 17:44:38');
INSERT INTO public.users VALUES (5832, 'user', '/default/avatar.png', '/default/breadcrumb.jpg', '0829-COMBUSTIBLES QUIROGA', 'mario.ramos@grupomacogas.mx', NULL, NULL, NULL, NULL, 1, '$2y$10$u/y/S0i0E82f9vyAkfSHJey4dqiBjqTwQL1A1RLzoZ7Bu.93zp.qa', NULL, NULL, NULL, NULL, NULL, NULL, false, NULL, '2025-10-22 17:45:25', '2025-10-22 17:45:25');
INSERT INTO public.users VALUES (5833, 'user', '/default/avatar.png', '/default/breadcrumb.jpg', '0831-ALEJANDRA SARA', 'gasolimon@hotmail.com', NULL, NULL, NULL, NULL, 1, '$2y$10$YnHX4F2cDrHRADQmarWHeO6EQIxZhw5jIOnTBUq70plc6vXQBv7Ga', NULL, NULL, NULL, NULL, NULL, NULL, false, NULL, '2025-10-22 17:46:19', '2025-10-22 17:46:19');
INSERT INTO public.users VALUES (5834, 'user', '/default/avatar.png', '/default/breadcrumb.jpg', '0831-ALEJANDRA SARA', 'mariana.leyva@binarapp.com', NULL, NULL, NULL, NULL, 1, '$2y$10$7ij3aVz6AIGsL69kmkxoOuJm0AuqEJ9BXGHNOckti4n0lXnrksVmq', NULL, NULL, NULL, NULL, NULL, NULL, false, NULL, '2025-10-22 17:46:52', '2025-10-22 17:46:52');
INSERT INTO public.users VALUES (5835, 'user', '/default/avatar.png', '/default/breadcrumb.jpg', '0832-GASOLINERIA TORNADO', 'gastornado11@gmail.com', NULL, NULL, NULL, NULL, 1, '$2y$10$4H5FR5XL0Z1Q6o.zyQIjc.io2nNVotVrT4GgI5x7WLpEX/ZpB0ina', NULL, NULL, NULL, NULL, NULL, NULL, false, NULL, '2025-10-22 17:49:50', '2025-10-22 17:49:50');
INSERT INTO public.users VALUES (5836, 'user', '/default/avatar.png', '/default/breadcrumb.jpg', '0833-VANGUARDIA', 'vanguardiaengasolineras@hotmail.com', NULL, NULL, NULL, NULL, 1, '$2y$10$2qatyUywTOM4x3hTvVqJqeCg4ZArPcxUKdqmnknopSX3X4D1QTZeO', NULL, NULL, NULL, NULL, NULL, NULL, false, NULL, '2025-10-22 17:50:22', '2025-10-22 17:50:22');
INSERT INTO public.users VALUES (5837, 'user', '/default/avatar.png', '/default/breadcrumb.jpg', '0835-GASOLINERA LA CHINA', 'gasolinera_lachina@hotmail.com', NULL, NULL, NULL, NULL, 1, '$2y$10$zF6fgL6ILUykc5vOaZ0Xn.23dnQ21Ca3e1luVqO.yw9gNVpSJhu/K', NULL, NULL, NULL, NULL, NULL, NULL, false, NULL, '2025-10-22 17:50:54', '2025-10-22 17:50:54');
INSERT INTO public.users VALUES (5838, 'user', '/default/avatar.png', '/default/breadcrumb.jpg', '0836-VICTOR MANUEL', 'hidrocarpatzcuaro@gmail.com', NULL, NULL, NULL, NULL, 1, '$2y$10$1iaIn36cP2c4MhA4yocLdu5jHTIb10E/iqsW9d3bgUBx6tvC2su.O', NULL, NULL, NULL, NULL, NULL, NULL, false, NULL, '2025-10-22 17:51:27', '2025-10-22 17:51:27');
INSERT INTO public.users VALUES (5839, 'user', '/default/avatar.png', '/default/breadcrumb.jpg', '0838-ROBERTO TORRES', 'contabilidad@sslupita.com', NULL, NULL, NULL, NULL, 1, '$2y$10$cYKxJST2ywn5WuuUr2IwI.McuoCIUy0GDQXC7RHt2Aw3qHs5zwZbm', NULL, NULL, NULL, NULL, NULL, NULL, false, NULL, '2025-10-22 17:51:58', '2025-10-22 17:51:58');
INSERT INTO public.users VALUES (5840, 'user', '/default/avatar.png', '/default/breadcrumb.jpg', '0839-LOS PINITOS', 'gaspinitos@hotmail.com', NULL, NULL, NULL, NULL, 1, '$2y$10$.ISayx7hni8Dlgof5ju8QezY9Wyi7KlwTVP.WJPSZnrt8SF9C93Ha', NULL, NULL, NULL, NULL, NULL, NULL, false, NULL, '2025-10-22 17:52:32', '2025-10-22 17:52:32');
INSERT INTO public.users VALUES (5841, 'user', '/default/avatar.png', '/default/breadcrumb.jpg', '0842-CAMINO REAL', 'caminorealgas@hotmail.com', NULL, NULL, NULL, NULL, 1, '$2y$10$4WTFTufzSjoSg08pWe5BeeZ21cTjRETCTUxAHQrEWQscVqtl6zule', NULL, NULL, NULL, NULL, NULL, NULL, false, NULL, '2025-10-22 17:53:04', '2025-10-22 17:53:04');
INSERT INTO public.users VALUES (5842, 'user', '/default/avatar.png', '/default/breadcrumb.jpg', '0845-SERVICIO CAVA', 'ivonnita11@icloud.com', NULL, NULL, NULL, NULL, 1, '$2y$10$tkdVh7JL/cDTzyYyY/2jROZTltNOFfykitln2KARPrKVSH2iDsfoy', NULL, NULL, NULL, NULL, NULL, NULL, false, NULL, '2025-10-22 17:53:37', '2025-10-22 17:53:37');
INSERT INTO public.users VALUES (5843, 'user', '/default/avatar.png', '/default/breadcrumb.jpg', '0850-ALBINO', 'albinoespinoza@hotmail.com', NULL, NULL, NULL, NULL, 1, '$2y$10$Ct0nHJSr.QOq6uz3tjiRtOHz7pIG0S0irHCttA5vOzTfCLYbyYMaO', NULL, NULL, NULL, NULL, NULL, NULL, false, NULL, '2025-10-22 17:54:16', '2025-10-22 17:54:16');
INSERT INTO public.users VALUES (5844, 'user', '/default/avatar.png', '/default/breadcrumb.jpg', '0851-SERVIEXPRESS', 'serviexpress_0631@outlook.com', NULL, NULL, NULL, NULL, 1, '$2y$10$Nza25BRJvx7E3xF33xACm.K29GP0y2wGB8FlhUkUqK4xtK9RVgMWG', NULL, NULL, NULL, NULL, NULL, NULL, false, NULL, '2025-10-22 17:54:49', '2025-10-22 17:54:49');
INSERT INTO public.users VALUES (5845, 'user', '/default/avatar.png', '/default/breadcrumb.jpg', '0852-HERRADURA MM', 'rios29marco@hotmail.com', NULL, NULL, NULL, NULL, 1, '$2y$10$P95mCFcZnNcoKSUNZe.k5.54N.pmF8x7p.il.z2mY/m.iuqxkTRVC', NULL, NULL, NULL, NULL, NULL, NULL, false, NULL, '2025-10-22 17:55:24', '2025-10-22 17:55:24');
INSERT INTO public.users VALUES (5846, 'user', '/default/avatar.png', '/default/breadcrumb.jpg', '0853-GV', 'gvgasolinera@gmail.com', NULL, NULL, NULL, NULL, 1, '$2y$10$onISacg8imj49Z7YVHhI7OUYG1zsuk2f3WtRJuSeHxSsY6tbeGFIO', NULL, NULL, NULL, NULL, NULL, NULL, false, NULL, '2025-10-22 17:56:00', '2025-10-22 17:56:00');
INSERT INTO public.users VALUES (5847, 'user', '/default/avatar.png', '/default/breadcrumb.jpg', '0854-GASOLINERA ZIRACUA', 'gas_ziracua@hotmail.com', NULL, NULL, NULL, NULL, 1, '$2y$10$LyTMmtjjtp5Y0zvHCMgkKePqgR2erjHLtu075DuzESap5uJeNyF7i', NULL, NULL, NULL, NULL, NULL, NULL, false, NULL, '2025-10-22 17:56:32', '2025-10-22 17:56:32');
INSERT INTO public.users VALUES (5848, 'user', '/default/avatar.png', '/default/breadcrumb.jpg', '0855-SILVINO IBARRA MORA', 'gassilvino@gmail.com', NULL, NULL, NULL, NULL, 1, '$2y$10$9LzEyLm9QrMTX0T6EpgcwOeZjdTr2tXZQwQRUrjgx9P1cEnwtSUAO', NULL, NULL, NULL, NULL, NULL, NULL, false, NULL, '2025-10-22 17:57:04', '2025-10-22 17:57:04');
INSERT INTO public.users VALUES (5849, 'user', '/default/avatar.png', '/default/breadcrumb.jpg', '0856-MARTHA', 'serviciosan.nicolas_80@hotmail.com', NULL, NULL, NULL, NULL, 1, '$2y$10$n98mGpo9uhNhvPvdOtCr9eGbqgxixOHaXYanvBgMHFXXyWq8z.PUe', NULL, NULL, NULL, NULL, NULL, NULL, false, NULL, '2025-10-22 17:57:34', '2025-10-22 17:57:34');
INSERT INTO public.users VALUES (5850, 'user', '/default/avatar.png', '/default/breadcrumb.jpg', '0857-ROJO', 'serviciosrojo@hotmail.com', NULL, NULL, NULL, NULL, 1, '$2y$10$XqriQnAVp3/65Oony00Bc.wg6oC4D8JOCYgTOLPw2B0uVxl8gkNW6', NULL, NULL, NULL, NULL, NULL, NULL, false, NULL, '2025-10-22 17:58:13', '2025-10-22 17:58:13');
INSERT INTO public.users VALUES (5851, 'user', '/default/avatar.png', '/default/breadcrumb.jpg', '0858-SALDANA', 'super.gaspanin@gmail.com', NULL, NULL, NULL, NULL, 1, '$2y$10$Ky7oRI42PpNAb/UKFgTf1e0LUFpQPmDeztZJnVhIGwAxIC7/Y/Kva', NULL, NULL, NULL, NULL, NULL, NULL, false, NULL, '2025-10-22 18:03:05', '2025-10-22 18:03:05');
INSERT INTO public.users VALUES (5852, 'user', '/default/avatar.png', '/default/breadcrumb.jpg', '0859-ZACAPU', 'servicio_zacapu@hotmail.com', NULL, NULL, NULL, NULL, 1, '$2y$10$.jqemDmimXq/Cm4dy2oc3.a55T39ZwK193NmtJg2YprDs91Ug.2gW', NULL, NULL, NULL, NULL, NULL, NULL, false, NULL, '2025-10-22 18:03:39', '2025-10-22 18:03:39');
INSERT INTO public.users VALUES (5853, 'user', '/default/avatar.png', '/default/breadcrumb.jpg', '0860-ALAN CANDELARIO INFANTE', 'jgpagos2020@gmail.com', NULL, NULL, NULL, NULL, 1, '$2y$10$A5vsTgidPCRpdM0zdr5Wt.k27Slb1CIz7ySgehxCFTJ2RoyIsaEG2', NULL, NULL, NULL, NULL, NULL, NULL, false, NULL, '2025-10-22 18:04:13', '2025-10-22 18:04:13');
INSERT INTO public.users VALUES (5854, 'user', '/default/avatar.png', '/default/breadcrumb.jpg', '0861-MA DE LOURDES', 'servicio.sierra@hotmail.com', NULL, NULL, NULL, NULL, 1, '$2y$10$m6cZnNZ/63aLyrC22RNNF.c9JKiStTaHoLeT1BIBZQzeyoAOQhSDK', NULL, NULL, NULL, NULL, NULL, NULL, false, NULL, '2025-10-22 18:04:44', '2025-10-22 18:04:44');
INSERT INTO public.users VALUES (5855, 'user', '/default/avatar.png', '/default/breadcrumb.jpg', '0862-FUNJARMEGS', 'funjarmegs@hotmail.com', NULL, NULL, NULL, NULL, 1, '$2y$10$8h.7Ao0Y8U1f3.e73jskdOOuiv5QMJjafA86komVkepRr9ZADvVBS', NULL, NULL, NULL, NULL, NULL, NULL, false, NULL, '2025-10-22 18:05:16', '2025-11-17 20:02:20');
INSERT INTO public.users VALUES (5856, 'user', '/default/avatar.png', '/default/breadcrumb.jpg', '0863-GASOLINERA APATZINGAN', 'grupohidronitra@hotmail.com', NULL, NULL, NULL, NULL, 1, '$2y$10$jBKvUDzPw.YifTg6ilmyU..Ou6z11i09FrMZdEJw50skVhaskDcuq', NULL, NULL, NULL, NULL, NULL, NULL, false, NULL, '2025-10-22 18:05:48', '2025-10-22 18:05:48');
INSERT INTO public.users VALUES (5857, 'user', '/default/avatar.png', '/default/breadcrumb.jpg', '0864-GASOLINERA CORUPO', 'gasolineracoruposadecv@gmail.com', NULL, NULL, NULL, NULL, 1, '$2y$10$Oh7ZGXtgHdEpk8yRnD18reHy/h/hu3HR.7OJqqDJa.OYHWvwVfG3S', NULL, NULL, NULL, NULL, NULL, NULL, false, NULL, '2025-10-22 18:06:22', '2025-10-22 18:06:22');
INSERT INTO public.users VALUES (5858, 'user', '/default/avatar.png', '/default/breadcrumb.jpg', '0865-CALAYKA', 'energeticoscalayka@gmail.com', NULL, NULL, NULL, NULL, 1, '$2y$10$nHiSCldFzhjG3YuKj3Zum..LC0maJ/wEiQwcgkBihtQBBZ3/qUDBy', NULL, NULL, NULL, NULL, NULL, NULL, false, NULL, '2025-10-22 18:07:25', '2025-10-22 18:07:25');
INSERT INTO public.users VALUES (5859, 'user', '/default/avatar.png', '/default/breadcrumb.jpg', '0865-CALAYKA', 'facturación.calayka@gmail.com', NULL, NULL, NULL, NULL, 1, '$2y$10$Un0h84WH3bldPoeNtMcoNe0HOvsQhBpFco4Ddfn9Z599PD832B5p6', NULL, NULL, NULL, NULL, NULL, NULL, false, NULL, '2025-10-22 18:08:00', '2025-10-22 18:08:00');
INSERT INTO public.users VALUES (5860, 'user', '/default/avatar.png', '/default/breadcrumb.jpg', '0865-CALAYKA', 'solsepulvedasolorzano@gmail.com', NULL, NULL, NULL, NULL, 1, '$2y$10$raU0j3SzelGgRmm5qvIUouW2fDaF/wFvvj8lmg4BR4h0F4SseM64q', NULL, NULL, NULL, NULL, NULL, NULL, false, NULL, '2025-10-22 18:08:31', '2025-10-22 18:08:31');
INSERT INTO public.users VALUES (5861, 'user', '/default/avatar.png', '/default/breadcrumb.jpg', '0866-GASOLINERA GUACAMAR', 'gasoguacamar@hotmail.com', NULL, NULL, NULL, NULL, 1, '$2y$10$e.Js7mGYUgWVgQcCmBUHo.adplB4HIiw331baO4IET5q9U/F7j0UK', NULL, NULL, NULL, NULL, NULL, NULL, false, NULL, '2025-10-22 18:12:27', '2025-10-22 18:12:27');
INSERT INTO public.users VALUES (5862, 'user', '/default/avatar.png', '/default/breadcrumb.jpg', '0867-PROMOTORA CAMELINAS', 'apc@gasmaster.com.mx', NULL, NULL, NULL, NULL, 1, '$2y$10$kTtpsxklzrzKzUj4MqqbVudX//KQAKgQySWArX4j0EcM/pGvuLmwi', NULL, NULL, NULL, NULL, NULL, NULL, false, NULL, '2025-10-22 18:12:57', '2025-10-22 18:12:57');
INSERT INTO public.users VALUES (5863, 'user', '/default/avatar.png', '/default/breadcrumb.jpg', '0871-ZAPOTE', 'svz12607@hotmail.com', NULL, NULL, NULL, NULL, 1, '$2y$10$6rr0edZ7gT7E.n7IYJatAePcUxxHJIEd9xuzDAD8xt8ywHazORLAy', NULL, NULL, NULL, NULL, NULL, NULL, false, NULL, '2025-10-22 18:13:52', '2025-10-22 18:13:52');
INSERT INTO public.users VALUES (5864, 'user', '/default/avatar.png', '/default/breadcrumb.jpg', '0873-GABRIELA ANDREA FARFAN', 'grupo_fao@hotmail.com', NULL, NULL, NULL, NULL, 1, '$2y$10$ojtfHx.faJKF4WITjOC2/Ol4aIIxIQJmWygp8Bg2dPp.LyxEFU146', NULL, NULL, NULL, NULL, NULL, NULL, false, NULL, '2025-10-22 18:14:23', '2025-10-22 18:14:23');
INSERT INTO public.users VALUES (5865, 'user', '/default/avatar.png', '/default/breadcrumb.jpg', '0874-DE LA COSTA', 'vmsb21@gmail.com', NULL, NULL, NULL, NULL, 1, '$2y$10$tJ6o/VH.bBJcCUPA36UzEOFuGAhDmnuwmyl7fSVutN4dh2ycwHJwK', NULL, NULL, NULL, NULL, NULL, NULL, false, NULL, '2025-10-22 18:15:09', '2025-10-22 18:15:09');
INSERT INTO public.users VALUES (5866, 'user', '/default/avatar.png', '/default/breadcrumb.jpg', '0876-NACIONES UNIDAS', 'pina2537@hotmail.com', NULL, NULL, NULL, NULL, 1, '$2y$10$6SQCQalnswHJQlSCcXw5uOU9mi56dEXtbYhqjk57Ns8BsIEhQETFa', NULL, NULL, NULL, NULL, NULL, NULL, false, NULL, '2025-10-22 18:15:38', '2025-10-22 18:15:38');
INSERT INTO public.users VALUES (5867, 'user', '/default/avatar.png', '/default/breadcrumb.jpg', '0879-SAFOR', 'serviciossafo3@outlook.es', NULL, NULL, NULL, NULL, 1, '$2y$10$MJ/auVdGi19WuE2t2MugGu.vuUolN0O.cXrT10nvMjTSmtjzBvME6', NULL, NULL, NULL, NULL, NULL, NULL, false, NULL, '2025-10-22 18:16:24', '2025-10-22 18:16:24');
INSERT INTO public.users VALUES (5868, 'user', '/default/avatar.png', '/default/breadcrumb.jpg', '0880-SERVICIO JILOTLAN', 'serviciojilotlan@gmail.com', NULL, NULL, NULL, NULL, 1, '$2y$10$5y4zDKfW9akIwIrwAH3hiO2uEGX.HNDahVmuWrspSQwFExDLP.Ui2', NULL, NULL, NULL, NULL, NULL, NULL, false, NULL, '2025-10-22 18:16:58', '2025-10-22 18:16:58');
INSERT INTO public.users VALUES (5869, 'user', '/default/avatar.png', '/default/breadcrumb.jpg', '0881-ESTACION ARB', 'estacionarb@hotmail.com', NULL, NULL, NULL, NULL, 1, '$2y$10$Vc2bjW3G2Rq3nh4QwIAKQOB1QJOgZaV/Wi65ApZArAaovY.qKr54i', NULL, NULL, NULL, NULL, NULL, NULL, false, NULL, '2025-10-22 18:17:32', '2025-10-22 18:17:32');
INSERT INTO public.users VALUES (5870, 'user', '/default/avatar.png', '/default/breadcrumb.jpg', '0883-SERVICIO SOLORZANO', 'serviciosol@hotmail.com', NULL, NULL, NULL, NULL, 1, '$2y$10$m9JUFUhFQLdawaVvjkfXqu0JgCc21eNjcREYRNw0Kg5nCPGD5Uewe', NULL, NULL, NULL, NULL, NULL, NULL, false, NULL, '2025-10-22 18:18:29', '2025-10-22 18:18:29');
INSERT INTO public.users VALUES (5871, 'user', '/default/avatar.png', '/default/breadcrumb.jpg', '0885-GASOLINERA DIAMANTE', 'gasdiamante7199@gmail.com', NULL, NULL, NULL, NULL, 1, '$2y$10$./zL3xemhv/tGJb.JAIPnOQtu1NAQtcUEdHbpmN.QqSsh.cARMTJm', NULL, NULL, NULL, NULL, NULL, NULL, false, NULL, '2025-10-22 18:23:21', '2025-10-22 18:23:21');
INSERT INTO public.users VALUES (5872, 'user', '/default/avatar.png', '/default/breadcrumb.jpg', '0886-RULE CASTILLO', 'rule.comer@valesfusion.com', NULL, NULL, NULL, NULL, 1, '$2y$10$k49XFMBXuHlHDOeSgoNlD.57In0OfEihlOZpy5qhSwuzLUJ0AIQGW', NULL, NULL, NULL, NULL, NULL, NULL, false, NULL, '2025-10-22 18:24:20', '2025-10-22 18:24:20');
INSERT INTO public.users VALUES (5873, 'user', '/default/avatar.png', '/default/breadcrumb.jpg', '0886-RULE CASTILLO', 'surt1d0rarule1@gaxsa.com.mx', NULL, NULL, NULL, NULL, 1, '$2y$10$pdzUk2b0y.7oJLvhY12sBuOkq.EjPWDmblh1PtxisGCzLtzaVb1gS', NULL, NULL, NULL, NULL, NULL, NULL, false, NULL, '2025-10-22 18:24:53', '2025-10-22 18:24:53');
INSERT INTO public.users VALUES (5874, 'user', '/default/avatar.png', '/default/breadcrumb.jpg', '0886-RULE CASTILLO', 'rule.facturacion@gaxsa.com.mx', NULL, NULL, NULL, NULL, 1, '$2y$10$FB7AUPbAsCZzndgVnpAvKuRGc7PRjH3EXGwF.aLRl2HfJjX8BiqjK', NULL, NULL, NULL, NULL, NULL, NULL, false, NULL, '2025-10-22 18:25:24', '2025-10-22 18:25:24');
INSERT INTO public.users VALUES (5875, 'user', '/default/avatar.png', '/default/breadcrumb.jpg', '0886-RULE CASTILLO', 'rule.comer@gaxsa.com.mx', NULL, NULL, NULL, NULL, 1, '$2y$10$ieb5ia.EwtvbaS36c3UyvubecE92ZK9/SreslUQ584R7fZUoOsSz2', NULL, NULL, NULL, NULL, NULL, NULL, false, NULL, '2025-10-22 18:25:57', '2025-10-22 18:25:57');
INSERT INTO public.users VALUES (5876, 'user', '/default/avatar.png', '/default/breadcrumb.jpg', '0889-RIVAR DE APATZINGAN', 'rivardeapatzingan@hotmail.com', NULL, NULL, NULL, NULL, 1, '$2y$10$QhfpQ0fyyL.rv2qbD5t8C.AXkNixtlGitE8eif9oZeskRYGAqcm6S', NULL, NULL, NULL, NULL, NULL, NULL, false, NULL, '2025-10-22 18:26:38', '2025-10-22 18:26:38');
INSERT INTO public.users VALUES (5877, 'user', '/default/avatar.png', '/default/breadcrumb.jpg', '0890-GASOEXPRESS TACAMBARO', 'gasocentral.71@gmail.com', NULL, NULL, NULL, NULL, 1, '$2y$10$ddJNnBwyo08ZM2JdYFxMXePNvyWz5ciEGTYI0iYCkcXjP9dADqhym', NULL, NULL, NULL, NULL, NULL, NULL, false, NULL, '2025-10-22 18:28:41', '2025-10-22 18:28:41');
INSERT INTO public.users VALUES (5878, 'user', '/default/avatar.png', '/default/breadcrumb.jpg', '0891-TOROS', 'serviciolostoros@gmail.com', NULL, NULL, NULL, NULL, 1, '$2y$10$eeuZSwid6ZG2xXkjks2JEu/N4lgthnAzqg6nBG3SOdnHhSh0/hL06', NULL, NULL, NULL, NULL, NULL, NULL, false, NULL, '2025-10-22 18:29:32', '2025-10-22 18:29:32');
INSERT INTO public.users VALUES (5879, 'user', '/default/avatar.png', '/default/breadcrumb.jpg', '0892-HNOS MEDINA', 'hermanosmedina5041@gmail.com', NULL, NULL, NULL, NULL, 1, '$2y$10$/TDwfRT50uq4vTiEe5yQjuYnfWirE33At/zVqDdWOhAL2kD8JVBS6', NULL, NULL, NULL, NULL, NULL, NULL, false, NULL, '2025-10-22 18:30:08', '2025-10-22 18:30:08');
INSERT INTO public.users VALUES (5880, 'user', '/default/avatar.png', '/default/breadcrumb.jpg', '0894-SERVICIO CHARO', 'info@serviciocharo.com', NULL, NULL, NULL, NULL, 1, '$2y$10$Eale1IJHb/octBU8qua9X.mDO.gNzfIMAclAb9olJUQ0nXwWufva.', NULL, NULL, NULL, NULL, NULL, NULL, false, NULL, '2025-10-22 18:30:54', '2025-10-22 18:30:54');
INSERT INTO public.users VALUES (5881, 'user', '/default/avatar.png', '/default/breadcrumb.jpg', '0896-ESTRELLA DEL SUR', 'estrelladelsur_7997m@hotmail.com', NULL, NULL, NULL, NULL, 1, '$2y$10$OfWdj8zDRCM0T67PYkRhZuNomTEAPzGRQjf.hKsMtEG/T5BtHGuza', NULL, NULL, NULL, NULL, NULL, NULL, false, NULL, '2025-10-22 18:41:15', '2025-10-22 18:41:15');
INSERT INTO public.users VALUES (5882, 'user', '/default/avatar.png', '/default/breadcrumb.jpg', '0904-VIAJERO', 'lguiza@grupoempresarialsi.com', NULL, NULL, NULL, NULL, 1, '$2y$10$2MNNvVMuDxQgSikaE4.4pu0btFbPyiEcN37w3oU9ICxnE0ptf0pJ6', NULL, NULL, NULL, NULL, NULL, NULL, false, NULL, '2025-10-22 18:42:33', '2025-10-22 18:42:33');
INSERT INTO public.users VALUES (5883, 'user', '/default/avatar.png', '/default/breadcrumb.jpg', '0905-CLAVERIA', 'aclaveria@lasuto.com', NULL, NULL, NULL, NULL, 1, '$2y$10$3EPFq5CrBNMDZKPrqzOMNeXWZ3WGrV4xOKps09HDFIrcLI.bN9QzS', NULL, NULL, NULL, NULL, NULL, NULL, false, NULL, '2025-10-22 18:43:23', '2025-10-22 18:43:23');
INSERT INTO public.users VALUES (5884, 'user', '/default/avatar.png', '/default/breadcrumb.jpg', '0905-CLAVERIA', 'jcgamez@lasurto', NULL, NULL, NULL, NULL, 1, '$2y$10$6I5VRzenoYIRFOPygeipteB5fcNk60I2Xy1ok7EiIvI0Nun8wRPS2', NULL, NULL, NULL, NULL, NULL, NULL, false, NULL, '2025-10-22 18:43:54', '2025-10-22 18:43:54');
INSERT INTO public.users VALUES (5885, 'user', '/default/avatar.png', '/default/breadcrumb.jpg', '0908-LA JOYA', 'slajoya@lasuto.com', NULL, NULL, NULL, NULL, 1, '$2y$10$M9Kpc0a6C0t1dYADMiAMm.flcjyjJpBAj0yZggQZ5lCHjmMoDBK2i', NULL, NULL, NULL, NULL, NULL, NULL, false, NULL, '2025-10-22 18:44:36', '2025-10-22 18:44:36');
INSERT INTO public.users VALUES (5886, 'user', '/default/avatar.png', '/default/breadcrumb.jpg', '0910-VALLE DE GPE', 'svalle@lasuto.com', NULL, NULL, NULL, NULL, 1, '$2y$10$DrV03QJQZd2OpU1SkD1XM.7rpoy0Kj95in8OP4de9qVPiC1SqPBNi', NULL, NULL, NULL, NULL, NULL, NULL, false, NULL, '2025-10-22 18:45:10', '2025-10-22 18:45:10');
INSERT INTO public.users VALUES (5887, 'user', '/default/avatar.png', '/default/breadcrumb.jpg', '0912-TRIANGULO', 'svctriangulo@lasuto.com', NULL, NULL, NULL, NULL, 1, '$2y$10$yTt0PZSjFKEuUJaZDUKvLeovLYF.lM0bXxZ75fzTAZZD6UO0Pxi.e', NULL, NULL, NULL, NULL, NULL, NULL, false, NULL, '2025-10-22 18:45:41', '2025-10-22 18:45:41');
INSERT INTO public.users VALUES (5888, 'user', '/default/avatar.png', '/default/breadcrumb.jpg', '0913-STO TOMAS', 'ssantot@lasuto.com', NULL, NULL, NULL, NULL, 1, '$2y$10$8bJrFTQze2wffcgIUCUF/eQ3Ji0HXSnMIVb1H9IVgO.a9lcJaxJhq', NULL, NULL, NULL, NULL, NULL, NULL, false, NULL, '2025-10-22 18:46:33', '2025-10-22 18:46:33');
INSERT INTO public.users VALUES (5889, 'user', '/default/avatar.png', '/default/breadcrumb.jpg', '0913-STO TOMAS', 'jcgamez@lasuto.com', NULL, NULL, NULL, NULL, 1, '$2y$10$eQmQbY6DS.XQJ21sZM9T.ewRIB6B0hZ/XWA4f6FjUxDzM6bWpeIKC', NULL, NULL, NULL, NULL, NULL, NULL, false, NULL, '2025-10-22 18:47:09', '2025-10-22 18:47:09');
INSERT INTO public.users VALUES (5890, 'user', '/default/avatar.png', '/default/breadcrumb.jpg', '0914-R-1', 'sr1@lasuto.com', NULL, NULL, NULL, NULL, 1, '$2y$10$tT/31jR2ak6sZqbQ8CH8CuAVKBuFddy2qTg0dZ79njIoyAYE.7HSe', NULL, NULL, NULL, NULL, NULL, NULL, false, NULL, '2025-10-22 18:47:51', '2025-10-22 18:47:51');
INSERT INTO public.users VALUES (5891, 'user', '/default/avatar.png', '/default/breadcrumb.jpg', '0916-JALTENCO', 'sjaltenco@lasuto.com', NULL, NULL, NULL, NULL, 1, '$2y$10$qK0.3tspgpdAaz7tV5Z/fuLeenmPlDGE9xeDdkyrbx/k/uYuePDhm', NULL, NULL, NULL, NULL, NULL, NULL, false, NULL, '2025-10-22 18:48:45', '2025-10-22 18:48:45');
INSERT INTO public.users VALUES (5892, 'user', '/default/avatar.png', '/default/breadcrumb.jpg', '0917-GUADIANA', 'vguadiana@lasuto.com', NULL, NULL, NULL, NULL, 1, '$2y$10$2e/Yns.ouL6fW0BYSVi10.15g7jO2rTsC84uy60V8iwo8vpcEKolu', NULL, NULL, NULL, NULL, NULL, NULL, false, NULL, '2025-10-22 18:49:45', '2025-10-22 18:49:45');
INSERT INTO public.users VALUES (5893, 'user', '/default/avatar.png', '/default/breadcrumb.jpg', '0921-SUR 12', 'servoriental@lasuto.com', NULL, NULL, NULL, NULL, 1, '$2y$10$iVWRxGRfEuOKCW5aBq5pbOYKE4PZjNiDMtulyCtN44DD1ET6kEoMu', NULL, NULL, NULL, NULL, NULL, NULL, false, NULL, '2025-10-22 19:01:16', '2025-10-22 19:01:16');
INSERT INTO public.users VALUES (5894, 'user', '/default/avatar.png', '/default/breadcrumb.jpg', '0929-SAN LORENZO', 'svsanl@lasuto.com', NULL, NULL, NULL, NULL, 1, '$2y$10$aI1C31ioLkS/ZUoE3N0VouN4Pp8iJObk1btXoCamrsqXk453uU.mm', NULL, NULL, NULL, NULL, NULL, NULL, false, NULL, '2025-10-22 19:01:58', '2025-10-22 19:01:58');
INSERT INTO public.users VALUES (5895, 'user', '/default/avatar.png', '/default/breadcrumb.jpg', '0934-COMBUSA', 'mario.torres@bparcos.com.mx', NULL, NULL, NULL, NULL, 1, '$2y$10$DqO4/BEB/TNoWSnKw5vC9.u.NuANcVONvCiOvay00jYToWTJgWtYy', NULL, NULL, NULL, NULL, NULL, NULL, false, NULL, '2025-10-22 19:02:49', '2025-10-22 19:02:49');
INSERT INTO public.users VALUES (5896, 'user', '/default/avatar.png', '/default/breadcrumb.jpg', '0942-SERVICIO ORION', 'serviciorion@gmail.com', NULL, NULL, NULL, NULL, 1, '$2y$10$GU32wR9PyP6Nhd/Xovz1LOEb6MGNmAcyVRQ2kk8jJd1BX9TC6q3ba', NULL, NULL, NULL, NULL, NULL, NULL, false, NULL, '2025-10-22 19:03:26', '2025-10-22 19:03:26');
INSERT INTO public.users VALUES (5897, 'user', '/default/avatar.png', '/default/breadcrumb.jpg', '0954-LA ESMERALDA', 'gerencia4@gaslaesmeralda.com.mx', NULL, NULL, NULL, NULL, 1, '$2y$10$NdLKNmw5UvQ6/aBOMy0DUO1fpf6F7ACSMJeN9Sn5IpvRdCf/rV48y', NULL, NULL, NULL, NULL, NULL, NULL, false, NULL, '2025-10-22 19:04:02', '2025-10-22 19:04:02');
INSERT INTO public.users VALUES (5898, 'user', '/default/avatar.png', '/default/breadcrumb.jpg', '0976-JOSE LUIS', 'gasolineraeronga2021@gmail.com', NULL, NULL, NULL, NULL, 1, '$2y$10$0NLg6V.wVi95UrCjuR0wZe.818kzmZjHWomelHPkLA4V8N0o5DIZS', NULL, NULL, NULL, NULL, NULL, NULL, false, NULL, '2025-10-22 19:04:34', '2025-10-22 19:04:34');
INSERT INTO public.users VALUES (5899, 'user', '/default/avatar.png', '/default/breadcrumb.jpg', '0977-GASOLINERA CEREZO', 'serviciogasolineracerezo@hotmail.com', NULL, NULL, NULL, NULL, 1, '$2y$10$E/0tNtynC5hRwIkzC3CwYe0Rtea4JnI7VXenf0fIXpvR8e7vjPJEG', NULL, NULL, NULL, NULL, NULL, NULL, false, NULL, '2025-10-22 19:10:42', '2025-10-22 19:10:42');
INSERT INTO public.users VALUES (5900, 'user', '/default/avatar.png', '/default/breadcrumb.jpg', '0988-SUPER SERVICIO', 'super_servicio_torres2@hotmail.com', NULL, NULL, NULL, NULL, 1, '$2y$10$ipPFTcVzrZ7.z0E5pwyqWO19/WvvAqIjQGeaety5D2E7BdaYf21NK', NULL, NULL, NULL, NULL, NULL, NULL, false, NULL, '2025-10-22 19:11:18', '2025-10-22 19:11:18');
INSERT INTO public.users VALUES (5901, 'user', '/default/avatar.png', '/default/breadcrumb.jpg', '0989-SUPER SERVICIO', 'superservicio_torres@hotmail.com', NULL, NULL, NULL, NULL, 1, '$2y$10$Yv9Per4DgYMecONRRm7veue5tu9Eu4lohBsXUdXddeqffa405tUCu', NULL, NULL, NULL, NULL, NULL, NULL, false, NULL, '2025-10-22 19:11:53', '2025-10-22 19:11:53');
INSERT INTO public.users VALUES (5902, 'user', '/default/avatar.png', '/default/breadcrumb.jpg', '0990-SAGRADO CORAZON', 'rregalado@maosa.com.mx', NULL, NULL, NULL, NULL, 1, '$2y$10$cqO7deWkeFTXEpahBIN8hunAetrj/NvjjRIYQ2TNLKvxsCFyWlKUi', NULL, NULL, NULL, NULL, NULL, NULL, false, NULL, '2025-10-22 19:12:47', '2025-10-22 19:12:47');
INSERT INTO public.users VALUES (5903, 'user', '/default/avatar.png', '/default/breadcrumb.jpg', '0991-SAGRADO CORAZON', 'gas.sagradocorazon2@hotmail.com', NULL, NULL, NULL, NULL, 1, '$2y$10$aT1nDcMhPKNNO1yuS93ePeF1DfRB7WuPDf4PtYyQSqQ.oNbVrO19.', NULL, NULL, NULL, NULL, NULL, NULL, false, NULL, '2025-10-22 19:13:48', '2025-10-22 19:13:48');
INSERT INTO public.users VALUES (5904, 'user', '/default/avatar.png', '/default/breadcrumb.jpg', '0992-COMBUSTIBLES HSM', 'combustibleshsm@gmail.com', NULL, NULL, NULL, NULL, 1, '$2y$10$3pwBY3McGdQpyMFjqjd8P.SwaD74VShqHZRoHmnRrsRPFU4EczF9G', NULL, NULL, NULL, NULL, NULL, NULL, false, NULL, '2025-10-22 19:14:42', '2025-10-22 19:14:42');
INSERT INTO public.users VALUES (5905, 'user', '/default/avatar.png', '/default/breadcrumb.jpg', '1003-J. MIGUEL ANGEL', 'mkvega11@gmail.com', NULL, NULL, NULL, NULL, 1, '$2y$10$aTQ/6pi5ENH6do9AJdGHkuA8Mqnq8r3D4EQpRVCYsgdJdoIGLOFgS', NULL, NULL, NULL, NULL, NULL, NULL, false, NULL, '2025-10-22 19:16:04', '2025-10-22 19:16:04');
INSERT INTO public.users VALUES (5906, 'user', '/default/avatar.png', '/default/breadcrumb.jpg', '1006-PATRICIA DIAZ', 'laura_quesa@hotmail.com', NULL, NULL, NULL, NULL, 1, '$2y$10$fjnCM8gz8WBNREzF5iydGuCVMM0VgcwrWgdQCoJYL0ZRhY0bXgGZq', NULL, NULL, NULL, NULL, NULL, NULL, false, NULL, '2025-10-22 19:16:49', '2025-10-22 19:16:49');
INSERT INTO public.users VALUES (5907, 'user', '/default/avatar.png', '/default/breadcrumb.jpg', '1007-GILBERTO RIVERA', 'serviciodorenny1@hotmail.com', NULL, NULL, NULL, NULL, 1, '$2y$10$37tjbYpWINAM9Z87ldb.dO/61FFiXIcIoLUt12sNevDdBbyqnrMiS', NULL, NULL, NULL, NULL, NULL, NULL, false, NULL, '2025-10-22 19:17:22', '2025-10-22 19:17:22');
INSERT INTO public.users VALUES (5908, 'user', '/default/avatar.png', '/default/breadcrumb.jpg', '1008-JENIFER SANCHEZ', 'gasolinerajenifer@hotmail.com', NULL, NULL, NULL, NULL, 1, '$2y$10$O4dl3YTT5vTpgdoWq1/Hc.otserSz1s3M/eTTEKrn3JbNwBun0Jfm', NULL, NULL, NULL, NULL, NULL, NULL, false, NULL, '2025-10-22 19:18:14', '2025-10-22 19:18:14');
INSERT INTO public.users VALUES (5909, 'user', '/default/avatar.png', '/default/breadcrumb.jpg', '1129-GASOLINERA KM PLUS', 'corporacionkmplus2019@gmail.com', NULL, NULL, NULL, NULL, 1, '$2y$10$yrqxOR8/IyJzHxIyuDALueHdDxful4mSh4B3dwfN2I/FUfrmEOnHu', NULL, NULL, NULL, NULL, NULL, NULL, false, NULL, '2025-10-22 19:19:49', '2025-10-22 19:19:49');
INSERT INTO public.users VALUES (5910, 'user', '/default/avatar.png', '/default/breadcrumb.jpg', '1129-GASOLINERA KM PLUS', 'kmplus2023@gmail.com', NULL, NULL, NULL, NULL, 1, '$2y$10$VfZ3Er0LT0Ag87.NQuBrXOdJYnSHIvqRFV0kUhcguSpT0Rq3Xf5hq', NULL, NULL, NULL, NULL, NULL, NULL, false, NULL, '2025-10-22 19:20:21', '2025-10-22 19:20:21');
INSERT INTO public.users VALUES (5911, 'user', '/default/avatar.png', '/default/breadcrumb.jpg', '1130-QUERETANO', 'mariterecuevas9@gmail.com', NULL, NULL, NULL, NULL, 1, '$2y$10$bCuw41RDXS3xKE1Ea5BPCepx46pVHfyMpXRuF5V1XrrbhDTdQ7j9C', NULL, NULL, NULL, NULL, NULL, NULL, false, NULL, '2025-10-22 19:23:04', '2025-10-22 19:23:04');
INSERT INTO public.users VALUES (5912, 'user', '/default/avatar.png', '/default/breadcrumb.jpg', '1131-GOCSA', 'cesar.g@grupomirsot.com', NULL, NULL, NULL, NULL, 1, '$2y$10$TSZvG4XGaTFTJrc8k1AW6ub2aFX.KP987Y2lBU/22VxYqOGSH2rzK', NULL, NULL, NULL, NULL, NULL, NULL, false, NULL, '2025-10-22 19:23:38', '2025-10-22 19:23:38');
INSERT INTO public.users VALUES (5913, 'user', '/default/avatar.png', '/default/breadcrumb.jpg', '1132-SALVADOR URIEL ESQUIVEL', 'salvadorurielesquivel@gmail.com', NULL, NULL, NULL, NULL, 1, '$2y$10$CEO6wxKFIOeVnn40E/Y6m.QrWE9t68CiAjeLsxqlPQnpXqfyrqSPK', NULL, NULL, NULL, NULL, NULL, NULL, false, NULL, '2025-10-22 19:24:11', '2025-10-22 19:24:11');
INSERT INTO public.users VALUES (5914, 'user', '/default/avatar.png', '/default/breadcrumb.jpg', '1133-SERVIZURU', 'luisangelosoriougarte@gmail.com', NULL, NULL, NULL, NULL, 1, '$2y$10$WpcVH9CfLaZdkLtUAmR.pOAPfnrb9wFLHBwQ2sJW2vKs/72D6Caui', NULL, NULL, NULL, NULL, NULL, NULL, false, NULL, '2025-10-22 19:25:01', '2025-10-22 19:25:01');
INSERT INTO public.users VALUES (5915, 'user', '/default/avatar.png', '/default/breadcrumb.jpg', '1133-SERVIZURU', 'servizuru2023@gmail.com', NULL, NULL, NULL, NULL, 1, '$2y$10$Bv72fcT6hr9zwDz3lDW.ie1iwYdofj7J.6ZJ32llvYSK6yEVoJdEe', NULL, NULL, NULL, NULL, NULL, NULL, false, NULL, '2025-10-22 19:25:31', '2025-10-22 19:25:31');
INSERT INTO public.users VALUES (5916, 'user', '/default/avatar.png', '/default/breadcrumb.jpg', '1134-AUTOSERVICIO COSTENO', 'vanesa.pc@gasconfia.com', NULL, NULL, NULL, NULL, 1, '$2y$10$YYkinr.to2xB82JR7l9QSulT7d8Hk9BpetcKhDjRDFZaHpvf/Dmxq', NULL, NULL, NULL, NULL, NULL, NULL, false, NULL, '2025-10-22 19:36:12', '2025-10-22 19:36:12');
INSERT INTO public.users VALUES (5917, 'user', '/default/avatar.png', '/default/breadcrumb.jpg', '1148-IGNACIO-04', 'facturacion.ignaciogn@gmail.com', NULL, NULL, NULL, NULL, 1, '$2y$10$R8hxomhj6DekHUcGlXvHgeBuRjfzxHz6py3H1ntAiytPAKlpDL9Q2', NULL, NULL, NULL, NULL, NULL, NULL, false, NULL, '2025-10-22 19:41:20', '2025-10-22 19:41:20');
INSERT INTO public.users VALUES (5918, 'user', '/default/avatar.png', '/default/breadcrumb.jpg', '1172-EL FRESNO', 'multi.el.fresno@gmail.com', NULL, NULL, NULL, NULL, 1, '$2y$10$kXh.sWcJxC7aAjY6SwaJu.FjdI13QSHEEHMZMM2y1zHDLQqAVKr/S', NULL, NULL, NULL, NULL, NULL, NULL, false, NULL, '2025-10-22 19:41:59', '2025-10-22 19:41:59');
INSERT INTO public.users VALUES (5919, 'user', '/default/avatar.png', '/default/breadcrumb.jpg', '1174-ARBOLEDAS', 'encargado.gocsa8@grupomirsot.com', NULL, NULL, NULL, NULL, 1, '$2y$10$UdzJTd60XG1dVBbwyfhc1upsnHwu6ipklxGsAYtkxvPgfGgHpbZxy', NULL, NULL, NULL, NULL, NULL, NULL, false, NULL, '2025-10-22 19:42:35', '2025-10-22 19:42:35');
INSERT INTO public.users VALUES (5920, 'user', '/default/avatar.png', '/default/breadcrumb.jpg', '1176-SEVILLA', 'administracion@gafese.com', NULL, NULL, NULL, NULL, 1, '$2y$10$jWAJb.ZNQ4iwheXD/Ks4M.nXZyywqk5HL2xF81sQ2nlSeZKNhTlU.', NULL, NULL, NULL, NULL, NULL, NULL, false, NULL, '2025-10-22 19:43:11', '2025-10-22 19:43:11');
INSERT INTO public.users VALUES (5921, 'user', '/default/avatar.png', '/default/breadcrumb.jpg', '1183-ENERGETICOS HUMA', 'dsalgado@hhmenergysolutuons.com', NULL, NULL, NULL, NULL, 1, '$2y$10$RLiyn9N.rEWvnbr2xu/iouVreWq39sVNL0W9w8xxeRz7J5oSvZUEO', NULL, NULL, NULL, NULL, NULL, NULL, false, NULL, '2025-10-22 19:43:46', '2025-10-22 19:43:46');
INSERT INTO public.users VALUES (5922, 'user', '/default/avatar.png', '/default/breadcrumb.jpg', '1210-MALSAN', 'malsan4944@hotmail.com', NULL, NULL, NULL, NULL, 1, '$2y$10$UbqXnNltcWhDKP345dgZvuH0ltGac0EZb9qxV9acISN/7fG7aV1Yi', NULL, NULL, NULL, NULL, NULL, NULL, false, NULL, '2025-10-22 19:45:09', '2025-10-22 19:45:09');
INSERT INTO public.users VALUES (5923, 'user', '/default/avatar.png', '/default/breadcrumb.jpg', '1277-VALLE HIDALGO', 'valle_hgo@hotmail.com', NULL, NULL, NULL, NULL, 1, '$2y$10$weKOpRV38nVEchbT.fy1LOxjyY4PFza0w8P/MbFqMmfPpPejNZhlq', NULL, NULL, NULL, NULL, NULL, NULL, false, NULL, '2025-10-22 19:46:04', '2025-10-22 19:46:04');
INSERT INTO public.users VALUES (5924, 'user', '/default/avatar.png', '/default/breadcrumb.jpg', '1289-TAXIMAROA', 'mariocuitzillos7927@hotmail.com', NULL, NULL, NULL, NULL, 1, '$2y$10$bggcNsTqPjqr0/wZUFm3J.Bg1uStK7k/JY.4ngdHhR5a0tmJyegpy', NULL, NULL, NULL, NULL, NULL, NULL, false, NULL, '2025-10-22 19:46:40', '2025-10-22 19:46:40');
INSERT INTO public.users VALUES (5925, 'user', '/default/avatar.png', '/default/breadcrumb.jpg', '1290-RAFAEL GOVEA', 'gasoparacuaro@gmail.com', NULL, NULL, NULL, NULL, 1, '$2y$10$uKhcdArIbfdPDoDHKvZr3uFmJsJJ7T5wrMOupYnjIY8La5FnTaxJG', NULL, NULL, NULL, NULL, NULL, NULL, false, NULL, '2025-10-22 19:47:34', '2025-10-22 19:47:34');
INSERT INTO public.users VALUES (5926, 'user', '/default/avatar.png', '/default/breadcrumb.jpg', '1330-LA PROVIDENCIA', 'i2913@hotmail.com', NULL, NULL, NULL, NULL, 1, '$2y$10$bpVkQ5XFgieP0YK0u.B5Be.mK1SS.2x0uofQ9t7J4CyXkchaPyfUK', NULL, NULL, NULL, NULL, NULL, NULL, false, NULL, '2025-10-22 19:48:09', '2025-10-22 19:48:09');
INSERT INTO public.users VALUES (5927, 'user', '/default/avatar.png', '/default/breadcrumb.jpg', '1770-TALPA', 'combustiblestalpa@hotmail.com', NULL, NULL, NULL, NULL, 1, '$2y$10$RlVjiMZaGKD0kpSzk5jGoOgj0VTNTBOQAolQueVYZWgJt2/cLkhVm', NULL, NULL, NULL, NULL, NULL, NULL, false, NULL, '2025-10-22 19:49:06', '2025-10-22 19:49:06');
INSERT INTO public.users VALUES (5928, 'user', '/default/avatar.png', '/default/breadcrumb.jpg', '1777-HERESTRE', 'herestre.negocio.21@gmail.com', NULL, NULL, NULL, NULL, 1, '$2y$10$zWMMBGnna8CHMbUscg1KreI0TLXvz4ZzFMPc41cCq9Ex8bh9roetK', NULL, NULL, NULL, NULL, NULL, NULL, false, NULL, '2025-10-22 19:49:46', '2025-10-22 19:49:46');
INSERT INTO public.users VALUES (5929, 'user', '/default/avatar.png', '/default/breadcrumb.jpg', '1793-YAXCHILAN1', 'clemente.moneta@gmail.com', NULL, NULL, NULL, NULL, 1, '$2y$10$biy6nihHBPtIhQOou.cNV.GcTyDgu0NIPzAdL/ONSLj.RdrZl71ja', NULL, NULL, NULL, NULL, NULL, NULL, false, NULL, '2025-10-22 19:50:23', '2025-10-22 19:50:23');
INSERT INTO public.users VALUES (5930, 'user', '/default/avatar.png', '/default/breadcrumb.jpg', '1797-MA DEL CARMEN', 'gastroncones@hotmail.com', NULL, NULL, NULL, NULL, 1, '$2y$10$C6yDU3albmmg3l4oFuclauwHw9mXRKtmmHFkItqoOY411l0mlqH2.', NULL, NULL, NULL, NULL, NULL, NULL, false, NULL, '2025-10-22 19:51:54', '2025-10-22 19:51:54');
INSERT INTO public.users VALUES (5931, 'user', '/default/avatar.png', '/default/breadcrumb.jpg', '1800-PONCE', 'estacion_1659@hotmail.com', NULL, NULL, NULL, NULL, 1, '$2y$10$0LYIKum/.iaYBp5ZCBRqMuWOYhzXqD07rlb2ykk4gd5SBdfmqx3L2', NULL, NULL, NULL, NULL, NULL, NULL, false, NULL, '2025-10-22 19:52:29', '2025-10-22 19:52:29');
INSERT INTO public.users VALUES (5932, 'user', '/default/avatar.png', '/default/breadcrumb.jpg', '1828-BELIARJO', 'cantabeliarjo@gmail.com', NULL, NULL, NULL, NULL, 1, '$2y$10$MQRvaoD6MWH9N644YaZ68OTfx78wEPI4qOdDeDQcNt8.r3Xfqb0NS', NULL, NULL, NULL, NULL, NULL, NULL, false, NULL, '2025-10-22 19:53:04', '2025-10-22 19:53:04');
INSERT INTO public.users VALUES (5933, 'user', '/default/avatar.png', '/default/breadcrumb.jpg', '1834-QUINTA NORTE', 'tesoreria@gaquinsa.com.mx', NULL, NULL, NULL, NULL, 1, '$2y$10$mlC4J6v4zppiKvSFfugkZeL3cx4AECRmoyhqeI//m4skWuDC/Esau', NULL, NULL, NULL, NULL, NULL, NULL, false, NULL, '2025-10-22 19:54:10', '2025-10-22 19:54:10');
INSERT INTO public.users VALUES (5934, 'user', '/default/avatar.png', '/default/breadcrumb.jpg', '1845-SUR II', 'gerenciag.gr@gmail.com', NULL, NULL, NULL, NULL, 1, '$2y$10$jf1Zbj6ogoWVSjuQ43Awp.yfa/qXt2fdAVvKC/vsgrVTDd.mgHu6K', NULL, NULL, NULL, NULL, NULL, NULL, false, NULL, '2025-10-22 19:54:44', '2025-10-22 19:54:44');
INSERT INTO public.users VALUES (5935, 'user', '/default/avatar.png', '/default/breadcrumb.jpg', '1851-TINGUINDIN', 'exprestinguindin@hotmail.com', NULL, NULL, NULL, NULL, 1, '$2y$10$LZjS5TVGzIVLlI.jqajSsuAp2fpNg/uCChBcaZOkWZkJRiuNtjWji', NULL, NULL, NULL, NULL, NULL, NULL, false, NULL, '2025-10-22 19:55:16', '2025-10-22 19:55:16');
INSERT INTO public.users VALUES (5936, 'user', '/default/avatar.png', '/default/breadcrumb.jpg', '1858-NAROLA', 'gasolineranarola@hotmail.com', NULL, NULL, NULL, NULL, 1, '$2y$10$L8fhJ3kROGpibGb3cBu9wOYgaCqo/JYPVohQIfcspB7gMRstx68GW', NULL, NULL, NULL, NULL, NULL, NULL, false, NULL, '2025-10-22 19:56:23', '2025-10-22 19:56:23');
INSERT INTO public.users VALUES (5937, 'user', '/default/avatar.png', '/default/breadcrumb.jpg', '1859-COMONFORT', 'jhinojosa@enerfenix.com', NULL, NULL, NULL, NULL, 1, '$2y$10$WmntM25JCfoRB1hHe1.24e31tlYvl/ogXtAH1Wstl97iACTetBSW6', NULL, NULL, NULL, NULL, NULL, NULL, false, NULL, '2025-10-22 19:57:01', '2025-10-22 19:57:01');
INSERT INTO public.users VALUES (5938, 'user', '/default/avatar.png', '/default/breadcrumb.jpg', '1864-LA CIENEGA', 'cglacienega@gmail.com', NULL, NULL, NULL, NULL, 1, '$2y$10$xytnWhgyZ1ULe8jZQXKjjuIobnP4vLAqAaMyo9uKqoEkI8ogZYgN2', NULL, NULL, NULL, NULL, NULL, NULL, false, NULL, '2025-10-22 19:57:49', '2025-10-22 19:57:49');
INSERT INTO public.users VALUES (5939, 'user', '/default/avatar.png', '/default/breadcrumb.jpg', '1865-MARSA', 'estacion.marsa01@gmail.com', NULL, NULL, NULL, NULL, 1, '$2y$10$m4RjiIx3XQzsTRskSknb8eZZblU29nlMp9Ndzfzweg74Wfi6K3S8i', NULL, NULL, NULL, NULL, NULL, NULL, false, NULL, '2025-10-22 19:58:25', '2025-10-22 19:58:25');
INSERT INTO public.users VALUES (5940, 'user', '/default/avatar.png', '/default/breadcrumb.jpg', '1866-SERVICIO CORTEZ', 'encargado.cortez@grupomirsot.com', NULL, NULL, NULL, NULL, 1, '$2y$10$JY8eiosTSuCJBSrIn1Anc.jNj80zOpChCaqWmZQVAJvsht7aOTCGK', NULL, NULL, NULL, NULL, NULL, NULL, false, NULL, '2025-10-22 19:59:00', '2025-10-22 19:59:00');
INSERT INTO public.users VALUES (5941, 'user', '/default/avatar.png', '/default/breadcrumb.jpg', '1880-GASOLINERA PATAMBURAPIO', 'hamr_98@live.com.mx', NULL, NULL, NULL, NULL, 1, '$2y$10$dK2hb.tXEzcrWTiCWB8p9OCnogwn9rpT99aORW1BvVwryYgBxJram', NULL, NULL, NULL, NULL, NULL, NULL, false, NULL, '2025-10-22 19:59:32', '2025-10-22 19:59:32');
INSERT INTO public.users VALUES (5942, 'user', '/default/avatar.png', '/default/breadcrumb.jpg', '1881-COYULA', 'gascotula@hotmail.com', NULL, NULL, NULL, NULL, 1, '$2y$10$xUPJFzyphkLmS3lFliYgduz0S5k5BT.EutYV8cM.ZE/glOYSRi66y', NULL, NULL, NULL, NULL, NULL, NULL, false, NULL, '2025-10-22 20:00:04', '2025-10-22 20:00:04');
INSERT INTO public.users VALUES (5943, 'user', '/default/avatar.png', '/default/breadcrumb.jpg', '1884-GARDUÑO', 'parador.sfelipe@gmail.com', NULL, NULL, NULL, NULL, 1, '$2y$10$NPYbY4cqhn58ElDKk2glGua5I8y0nyqw94uAaQ0AbKyj9QiDswh..', NULL, NULL, NULL, NULL, NULL, NULL, false, NULL, '2025-10-22 20:02:16', '2025-10-22 20:02:16');
INSERT INTO public.users VALUES (5944, 'user', '/default/avatar.png', '/default/breadcrumb.jpg', '1891-VIRGEN', 'oomark@tramevi.com', NULL, NULL, NULL, NULL, 1, '$2y$10$64RDIqAotBYc4WXEYWemNuQ2eW4O259zs2ndbSKteRb7k9IajV0yu', NULL, NULL, NULL, NULL, NULL, NULL, false, NULL, '2025-10-22 20:02:56', '2025-10-22 20:02:56');
INSERT INTO public.users VALUES (5945, 'user', '/default/avatar.png', '/default/breadcrumb.jpg', '1910-VIGAR', 'serviciovigar@hotmail.com', NULL, NULL, NULL, NULL, 1, '$2y$10$j0ZoiIIX6vJDoZzoTQlpjO2FOHJngrkHaL9myp372mP9cMm3U.Gh6', NULL, NULL, NULL, NULL, NULL, NULL, false, NULL, '2025-10-22 20:03:29', '2025-10-22 20:03:29');
INSERT INTO public.users VALUES (5946, 'user', '/default/avatar.png', '/default/breadcrumb.jpg', '1922-GRANMECA', 'contabilidad.global@gmail.com', NULL, NULL, NULL, NULL, 1, '$2y$10$CfeGbt/cUVXCwE5BddtCoulzcOQuCa.JZALY33gUQ/k2e3Y9xq4FW', NULL, NULL, NULL, NULL, NULL, NULL, false, NULL, '2025-10-22 20:04:00', '2025-10-22 20:04:00');
INSERT INTO public.users VALUES (5947, 'user', '/default/avatar.png', '/default/breadcrumb.jpg', '1915-LIMONCITO', 'gasolineralimoncito4114@hotmail.com', NULL, NULL, NULL, NULL, 1, '$2y$10$mQWyF2LyICqbEww7vRh8Duq4r2ydwByDbf8NcDQ785FupOYwIn6Bm', NULL, NULL, NULL, NULL, NULL, NULL, false, NULL, '2025-10-22 20:05:52', '2025-10-22 20:05:52');
INSERT INTO public.users VALUES (5948, 'user', '/default/avatar.png', '/default/breadcrumb.jpg', '1926-ROCIO DEL MAR', 'gaso_rociodelmar@hotmail.com', NULL, NULL, NULL, NULL, 1, '$2y$10$yzAjo3VF3vCLFnexnmGs9.MEY/ultSrhMqbpwWFC0axwCrHmf6xr2', NULL, NULL, NULL, NULL, NULL, NULL, false, NULL, '2025-10-22 20:07:07', '2025-10-22 20:07:07');
INSERT INTO public.users VALUES (5949, 'user', '/default/avatar.png', '/default/breadcrumb.jpg', '1927-QUIJA', 'gasolineraquija@hotmail.com', NULL, NULL, NULL, NULL, 1, '$2y$10$OShK3Ii8aVN5aP4mI68Lq.Spyt3jeLKDD5Ormj2Hb1zqtIFi4kYuW', NULL, NULL, NULL, NULL, NULL, NULL, false, NULL, '2025-10-22 20:07:43', '2025-10-22 20:07:43');
INSERT INTO public.users VALUES (5950, 'user', '/default/avatar.png', '/default/breadcrumb.jpg', '1933-PETROLIFEROS LA PROVIDENCIA', 'petroliferoslaprovidencia@gmail.com', NULL, NULL, NULL, NULL, 1, '$2y$10$WmkORQJeeBKQPnSQ1RJorOIvFH0R/A3ertB0BKOGbfPy/UnDLuRpO', NULL, NULL, NULL, NULL, NULL, NULL, false, NULL, '2025-10-22 20:08:54', '2025-10-22 20:08:54');
INSERT INTO public.users VALUES (5951, 'user', '/default/avatar.png', '/default/breadcrumb.jpg', '1956-OIL ENERGY TRUST TULA', 'inju2701@gmail.com', NULL, NULL, NULL, NULL, 1, '$2y$10$hhMEJJKVjXq1EijTIDDyA.YggYaBLP5VQ2zACn9dmOaoL5mrc/TQ2', NULL, NULL, NULL, NULL, NULL, NULL, false, NULL, '2025-10-22 20:09:31', '2025-10-22 20:09:31');
INSERT INTO public.users VALUES (5952, 'user', '/default/avatar.png', '/default/breadcrumb.jpg', '1963-KAPETROM CASTILLO', 'comercializadora.kpetrom@gmail.com', NULL, NULL, NULL, NULL, 1, '$2y$10$jhg5/Pno2TjvvaXi0tlS.ew0T/iiARNY5UqThDf2azsAi1RiVznpq', NULL, NULL, NULL, NULL, NULL, NULL, false, NULL, '2025-10-22 20:10:04', '2025-10-22 20:10:04');
INSERT INTO public.users VALUES (5953, 'user', '/default/avatar.png', '/default/breadcrumb.jpg', '1967-SAHUAYO', 'gascast_10_86@hotmail.com', NULL, NULL, NULL, NULL, 1, '$2y$10$hKQCLctgwaACOF1g81jsN.fcgqcy.UyNlIJuqx/Qr2sDvX2D59j0O', NULL, NULL, NULL, NULL, NULL, NULL, false, NULL, '2025-10-22 20:10:40', '2025-10-22 20:10:40');
INSERT INTO public.users VALUES (5954, 'user', '/default/avatar.png', '/default/breadcrumb.jpg', '1969-SAN AGUSTIN', 'centralsanagustin@hotmail.com', NULL, NULL, NULL, NULL, 1, '$2y$10$pYt2voVN.8XP2oCACZIpDuyaj44FdvwuyF74NKHUFyOJqnWCVUjKu', NULL, NULL, NULL, NULL, NULL, NULL, false, NULL, '2025-10-22 20:11:47', '2025-10-22 20:11:47');
INSERT INTO public.users VALUES (5955, 'user', '/default/avatar.png', '/default/breadcrumb.jpg', '1971-ENERGIA CLAUDIA', 'elena.lomeli@gazzer.com.mx', NULL, NULL, NULL, NULL, 1, '$2y$10$A7v07wJX9fknieCeE2MtS.qJTnexnpBo7lf2nNqgevdBDLt1jHAp6', NULL, NULL, NULL, NULL, NULL, NULL, false, NULL, '2025-10-22 20:12:22', '2025-10-22 20:12:22');
INSERT INTO public.users VALUES (5956, 'user', '/default/avatar.png', '/default/breadcrumb.jpg', '1972-ENERCEN', 'rmendozas@grupobrago.com.mx', NULL, NULL, NULL, NULL, 1, '$2y$10$a7PpzZlyhTNg8zP.YkDs6evUIAuWvopzxVKhKOnIBAxNdl9TUGS22', NULL, NULL, NULL, NULL, NULL, NULL, false, NULL, '2025-10-22 20:13:01', '2025-10-22 20:13:01');
INSERT INTO public.users VALUES (5957, 'user', '/default/avatar.png', '/default/breadcrumb.jpg', '1978-SAN ANTONIO', 'eramirez@gazzer.com.mx', NULL, NULL, NULL, NULL, 1, '$2y$10$eu8PbpB6VhB8D1VFo0U/h.S8BXQ.RPwE5ABEPg7GJkQpv6s0EJPA.', NULL, NULL, NULL, NULL, NULL, NULL, false, NULL, '2025-10-22 20:14:31', '2025-10-22 20:14:31');
INSERT INTO public.users VALUES (5958, 'user', '/default/avatar.png', '/default/breadcrumb.jpg', '1983-AVIACION', 'cdanda@gazzer.com.mx', NULL, NULL, NULL, NULL, 1, '$2y$10$UC76K7jI7XDkEDjg/x0Xi.qq0aMVmZLK51.PF0LU8n25LmQ61UuX6', NULL, NULL, NULL, NULL, NULL, NULL, false, NULL, '2025-10-22 20:15:08', '2025-10-22 20:15:08');
INSERT INTO public.users VALUES (5959, 'user', '/default/avatar.png', '/default/breadcrumb.jpg', '1988-SILVER', 'finanzas.silver@gmail.com', NULL, NULL, NULL, NULL, 1, '$2y$10$XrmO.Oal27d.2pPubiNlUeD/s6bMfBjkvEZ7c6ayVscVIvYrVjKqe', NULL, NULL, NULL, NULL, NULL, NULL, false, NULL, '2025-10-22 20:15:49', '2025-10-22 20:15:49');
INSERT INTO public.users VALUES (5960, 'user', '/default/avatar.png', '/default/breadcrumb.jpg', '1989-JADSA', 'serviciojadse15@gmail.com', NULL, NULL, NULL, NULL, 1, '$2y$10$NfDxFZUkpd6APaEz4OjEIOJQFgJZXEZLRdh6XBMWak45qoGtSak0i', NULL, NULL, NULL, NULL, NULL, NULL, false, NULL, '2025-10-22 20:16:30', '2025-10-22 20:16:30');
INSERT INTO public.users VALUES (5961, 'user', '/default/avatar.png', '/default/breadcrumb.jpg', '2011-MINTZITA', 'gis_1102@hotmail.com', NULL, NULL, NULL, NULL, 1, '$2y$10$14togN0pcgNBhS5UsD7gFevWgj6w5T1PsfyDIXPWh6lI8vdKFIK..', NULL, NULL, NULL, NULL, NULL, NULL, false, NULL, '2025-10-22 20:18:31', '2025-10-22 20:18:31');
INSERT INTO public.users VALUES (5962, 'user', '/default/avatar.png', '/default/breadcrumb.jpg', '2012-CONSTITUGAS', 'constitugas@gmail.com', NULL, NULL, NULL, NULL, 1, '$2y$10$5RoR8hNu2z/rCEbRfvNdhu4kkKTY4QuCu3edHOQknvjFDJywaVxHO', NULL, NULL, NULL, NULL, NULL, NULL, false, NULL, '2025-10-22 20:19:05', '2025-10-22 20:19:05');
INSERT INTO public.users VALUES (5963, 'user', '/default/avatar.png', '/default/breadcrumb.jpg', '2025-ESTRATEGIAS COMERCIALES', 'mluisa.nombret@asfaltoscamex.com', NULL, NULL, NULL, NULL, 1, '$2y$10$3qKEtBjaQ6Yi/duiBLHUpOSaGtTMIGCSfZD4o7.iBXzmNLKKXEPg.', NULL, NULL, NULL, NULL, NULL, NULL, false, NULL, '2025-10-22 20:19:39', '2025-10-22 20:19:39');
INSERT INTO public.users VALUES (5964, 'user', '/default/avatar.png', '/default/breadcrumb.jpg', '928-ALDAMA', 'fmoreno003@mail.com', NULL, NULL, NULL, NULL, 1, '$2y$10$LLM7O8KyI/yLTRLbalO/zuKoPuPANgyfdVmczGeN9OnMzC5rsjKXu', NULL, NULL, NULL, NULL, NULL, NULL, false, NULL, '2025-10-22 20:20:12', '2025-10-22 20:20:12');
INSERT INTO public.users VALUES (5965, 'user', '/default/avatar.png', '/default/breadcrumb.jpg', '2009-SAMARA', 'alisiniguez@hotmail.com', NULL, NULL, NULL, NULL, 1, '$2y$10$Shani78RwTwX56EnozHdrOdiWOHJQ/AOqum4DB.LPdvKgmIxvybPu', NULL, NULL, NULL, NULL, NULL, NULL, false, NULL, '2025-10-23 18:42:55', '2025-10-23 18:42:55');
INSERT INTO public.users VALUES (5966, 'user', '/default/avatar.png', '/default/breadcrumb.jpg', '2009-SAMARA', 'auxiliar08.kpetrom@gmail.com', NULL, NULL, NULL, NULL, 1, '$2y$10$zddsOMwl7mpMAmN.SmtV/uvUSnxYzDxiFHERedS0fXrQjavb5DG4m', NULL, NULL, NULL, NULL, NULL, NULL, false, NULL, '2025-10-23 18:43:52', '2025-10-23 18:43:52');
INSERT INTO public.users VALUES (5967, 'user', '/default/avatar.png', '/default/breadcrumb.jpg', '2000-SERVICIO BAULOP', 'hildeliza.rodriguez@grupobaulop.com', NULL, NULL, NULL, NULL, 1, '$2y$10$YtuOeMOjy1Eq3mey5ODWXugIY6hu6ifCveAc32j3rHTKJEbxeEAiG', NULL, NULL, NULL, NULL, NULL, NULL, false, NULL, '2025-10-23 18:46:14', '2025-10-23 18:46:14');
INSERT INTO public.users VALUES (5968, 'user', '/default/avatar.png', '/default/breadcrumb.jpg', '1994-CORONA', 'geccastellanos1@gmail.com', NULL, NULL, NULL, NULL, 1, '$2y$10$cVKrlMzBGcdKq8B/mp82Y.kTFER.C8VYJi3FhdMRkv7RIruoVq0Z.', NULL, NULL, NULL, NULL, NULL, NULL, false, NULL, '2025-10-23 18:47:12', '2025-10-23 18:47:12');
INSERT INTO public.users VALUES (5969, 'user', '/default/avatar.png', '/default/breadcrumb.jpg', '1994-CORONA', 'gec.valero@gmail.com', NULL, NULL, NULL, NULL, 1, '$2y$10$Lt8L0CC7nj9.46QilmHUnu.pwBnFvHerGcjvFHg.iVsP1KixU35AC', NULL, NULL, NULL, NULL, NULL, NULL, false, NULL, '2025-10-23 18:47:46', '2025-10-23 18:47:46');
INSERT INTO public.users VALUES (5970, 'user', '/default/avatar.png', '/default/breadcrumb.jpg', '1954-SERVICIOS JAGUAR', 'veronica.diaz@combustiblesjaguar.com', NULL, NULL, NULL, NULL, 1, '$2y$10$sOChXOjxOsp/sVavo1AF4.nzBQ0Ic4l0omnNGj6VME4o5cfvhZnlW', NULL, NULL, NULL, NULL, NULL, NULL, false, NULL, '2025-10-23 18:48:56', '2025-10-23 18:48:56');
INSERT INTO public.users VALUES (5971, 'user', '/default/avatar.png', '/default/breadcrumb.jpg', '1954-SERVICIOS JAGUAR', 'jc.rovelo@solber.com', NULL, NULL, NULL, NULL, 1, '$2y$10$nkUdDFu4YMn8RPS0NbeerOcJocvMUkRjd4M3cJ4rv/grujxMaz7x.', NULL, NULL, NULL, NULL, NULL, NULL, false, NULL, '2025-10-23 18:49:29', '2025-10-23 18:49:29');
INSERT INTO public.users VALUES (5972, 'user', '/default/avatar.png', '/default/breadcrumb.jpg', '1913-LA LUZ', 'serviciovalle106782@hotmail.com', NULL, NULL, NULL, NULL, 1, '$2y$10$O0PjwMCwXM/7OXSvsz0P.euKgTI00X1Wd8QSN0zmrQELVB5VuJ6YK', NULL, NULL, NULL, NULL, NULL, NULL, false, NULL, '2025-10-23 18:50:44', '2025-10-23 18:50:44');
INSERT INTO public.users VALUES (5973, 'user', '/default/avatar.png', '/default/breadcrumb.jpg', '1913-LA LUZ', 'serviciovallevalledelaluz@gmail.com', NULL, NULL, NULL, NULL, 1, '$2y$10$5ZshObMD.jo646.h..uQQuzL/iT6Izb3IROmZgbhaQZOr6ct4jkda', NULL, NULL, NULL, NULL, NULL, NULL, false, NULL, '2025-10-23 18:51:18', '2025-10-23 18:51:18');
INSERT INTO public.users VALUES (5974, 'user', '/default/avatar.png', '/default/breadcrumb.jpg', '1911-MALME', 'rperdomo@enerfenix.com', NULL, NULL, NULL, NULL, 1, '$2y$10$vavvbjfLvLr6ZvP3yJzLTeHcoJ/sixf9PfkDnJwIbnGFLkl7fob3O', NULL, NULL, NULL, NULL, NULL, NULL, false, NULL, '2025-10-23 18:52:51', '2025-10-23 18:52:51');
INSERT INTO public.users VALUES (5975, 'user', '/default/avatar.png', '/default/breadcrumb.jpg', '1911-MALME', 'srendon@enerfenix.com', NULL, NULL, NULL, NULL, 1, '$2y$10$RstuJEM3KwvcLLMr0lJSbucFeoCgMRgq5IPaq8QZRUUnVlEQA2PX.', NULL, NULL, NULL, NULL, NULL, NULL, false, NULL, '2025-10-23 18:53:22', '2025-10-23 18:53:22');
INSERT INTO public.users VALUES (5976, 'user', '/default/avatar.png', '/default/breadcrumb.jpg', '1895-DIAFA', 'leonardo_sanchez_c@grupobrago.com.mx', NULL, NULL, NULL, NULL, 1, '$2y$10$zdzEMjRLEw4gzJ4wi0Bsp.l2X3QpZ7tU7Od2OvD644ZrucId6WBgm', NULL, NULL, NULL, NULL, NULL, NULL, false, NULL, '2025-10-23 18:54:37', '2025-10-23 18:54:37');
INSERT INTO public.users VALUES (5977, 'user', '/default/avatar.png', '/default/breadcrumb.jpg', '1895-DIAFA', 'jmendozah@grupobrago.com.mx', NULL, NULL, NULL, NULL, 1, '$2y$10$3mGAEp0MSIALLWtMOo10y.QkCyI23XH0AdF4VmkfKCPFJBwU3Szgi', NULL, NULL, NULL, NULL, NULL, NULL, false, NULL, '2025-10-23 18:55:09', '2025-10-23 18:55:09');
INSERT INTO public.users VALUES (5978, 'user', '/default/avatar.png', '/default/breadcrumb.jpg', '1882-ESTACION VIRGEN', 'esvi13568@gmail.com', NULL, NULL, NULL, NULL, 1, '$2y$10$dC7H4byTnJ0UI6/JoJd5defzrwjIN.Dl1YQVu55NRIniIUYxgeNau', NULL, NULL, NULL, NULL, NULL, NULL, false, NULL, '2025-10-23 18:56:15', '2025-10-23 18:56:15');
INSERT INTO public.users VALUES (5979, 'user', '/default/avatar.png', '/default/breadcrumb.jpg', '1882-ESTACION VIRGEN', 'facturacionvirgene13568@gmail.com', NULL, NULL, NULL, NULL, 1, '$2y$10$kGMm3YuBnpufg08zm.8A8ut0HwMcdnmPYPIXruwN9u2CQMJY74iCi', NULL, NULL, NULL, NULL, NULL, NULL, false, NULL, '2025-10-23 18:56:49', '2025-10-23 18:56:49');
INSERT INTO public.users VALUES (5980, 'user', '/default/avatar.png', '/default/breadcrumb.jpg', '1853-MAREMI', 'arg_bvg@yahoo.com.mx', NULL, NULL, NULL, NULL, 1, '$2y$10$htTTH8jKq7zb1jS2jlHmrea.21INyPVRo5WNicBxYrX795DglgtsO', NULL, NULL, NULL, NULL, NULL, NULL, false, NULL, '2025-10-23 18:59:03', '2025-10-23 18:59:03');
INSERT INTO public.users VALUES (5981, 'user', '/default/avatar.png', '/default/breadcrumb.jpg', '1853-MAREMI', 'serviciomaremi@gmail.com', NULL, NULL, NULL, NULL, 1, '$2y$10$R.c2Zyqj4n0.ZcM8jxSNNO2HHDD0Z7KdcwzrbGD1DHSkE8yyhkv4m', NULL, NULL, NULL, NULL, NULL, NULL, false, NULL, '2025-10-23 18:59:35', '2025-10-23 18:59:35');
INSERT INTO public.users VALUES (5982, 'user', '/default/avatar.png', '/default/breadcrumb.jpg', '1846-DICOMEX ATITALAQUIA TULA', 'reyna.estrada@unne.com.mx', NULL, NULL, NULL, NULL, 1, '$2y$10$A.M8iVl7kYhqDAPAG/QJ9O352oE1dlniF9UL.LXExwxCS7y.j1BWa', NULL, NULL, NULL, NULL, NULL, NULL, false, NULL, '2025-10-23 19:01:02', '2025-10-23 19:01:02');
INSERT INTO public.users VALUES (5983, 'user', '/default/avatar.png', '/default/breadcrumb.jpg', '1846-DICOMEX ATITALAQUIA TULA', 'ana.olguin@unne.com.mx', NULL, NULL, NULL, NULL, 1, '$2y$10$rkddM.zRwkzQ9D8gh6U.m.sRdQQGtiHlvTpGX75SXZFzEU/4adbJi', NULL, NULL, NULL, NULL, NULL, NULL, false, NULL, '2025-10-23 19:01:34', '2025-10-23 19:01:34');
INSERT INTO public.users VALUES (5984, 'user', '/default/avatar.png', '/default/breadcrumb.jpg', '1846-DICOMEX ATITALAQUIA TULA', 'dicomex.maosa@gmail.com', NULL, NULL, NULL, NULL, 1, '$2y$10$Qw/2cJdSZXZ1mZVX0QdhtOsyjFULzOM1oKtIiUue5tOyxAGtzfHcG', NULL, NULL, NULL, NULL, NULL, NULL, false, NULL, '2025-10-23 19:02:05', '2025-10-23 19:02:05');
INSERT INTO public.users VALUES (5985, 'user', '/default/avatar.png', '/default/breadcrumb.jpg', '1819-AMGOV', 'grupoamgov@hotmail.com', NULL, NULL, NULL, NULL, 1, '$2y$10$zjHJ1Kjz.GHmxbTzdRy9G.bnsgq9ZQJqJ3Oy/j23Uxy2Nn9DsZUsG', NULL, NULL, NULL, NULL, NULL, NULL, false, NULL, '2025-10-23 19:06:35', '2025-10-23 19:06:35');
INSERT INTO public.users VALUES (5986, 'user', '/default/avatar.png', '/default/breadcrumb.jpg', '1819-AMGOV', 'dr.omarzahidgm@gmail.com', NULL, NULL, NULL, NULL, 1, '$2y$10$nu.x6mXqyZNpqkId860.besoUDskVUDKgRpx2Igbf2Xi8XakLKq1G', NULL, NULL, NULL, NULL, NULL, NULL, false, NULL, '2025-10-23 19:07:09', '2025-10-23 19:07:09');
INSERT INTO public.users VALUES (5987, 'user', '/default/avatar.png', '/default/breadcrumb.jpg', '1794-CARMEN SANCHEZ', 'es_7397@hotmail.es', NULL, NULL, NULL, NULL, 1, '$2y$10$aGfK6wa8uo9UUofARsNp4.iFmGtPEpxjUtZCgOxLKfYIlp1SsCwJa', NULL, NULL, NULL, NULL, NULL, NULL, false, NULL, '2025-10-23 19:08:19', '2025-10-23 19:08:19');
INSERT INTO public.users VALUES (5988, 'user', '/default/avatar.png', '/default/breadcrumb.jpg', '1794-CARMEN SANCHEZ', 'servicioactopan1@gmail.com', NULL, NULL, NULL, NULL, 1, '$2y$10$.03M9Xl4hWHsf8n35ybMxuS4iQUUNxCyleew3.mUhNfwYR9DtBbS6', NULL, NULL, NULL, NULL, NULL, NULL, false, NULL, '2025-10-23 19:08:52', '2025-10-23 19:08:52');
INSERT INTO public.users VALUES (5989, 'user', '/default/avatar.png', '/default/breadcrumb.jpg', '1787-DELFINA', 'jose.gavilna@servicioslatijera.com.mx', NULL, NULL, NULL, NULL, 1, '$2y$10$DohiWWOgxcoxWANl3NYzwebjAa5wVsUAC3cgYZ90jGUR0..lZSQe.', NULL, NULL, NULL, NULL, NULL, NULL, false, NULL, '2025-10-23 19:10:48', '2025-10-23 19:10:48');
INSERT INTO public.users VALUES (5990, 'user', '/default/avatar.png', '/default/breadcrumb.jpg', '1787-DELFINA', 'alma.casas@servicioslatijera.com.mx', NULL, NULL, NULL, NULL, 1, '$2y$10$07SRfrwJaXq9Fmv/R/vmvuswW/E8oidilJgy9YNcE.fhr0Acq1voK', NULL, NULL, NULL, NULL, NULL, NULL, false, NULL, '2025-10-23 19:11:29', '2025-10-23 19:11:29');
INSERT INTO public.users VALUES (5991, 'user', '/default/avatar.png', '/default/breadcrumb.jpg', '1785-COFRADIA', 'encargado.gocsa9@grupomirsot.com', NULL, NULL, NULL, NULL, 1, '$2y$10$mmo/10IgqOJMe8atoMVPc.890KU.0/G/w9rGCiWhVT6IuOLR7YQ4G', NULL, NULL, NULL, NULL, NULL, NULL, false, NULL, '2025-10-23 19:13:04', '2025-10-23 19:13:04');
INSERT INTO public.users VALUES (5992, 'user', '/default/avatar.png', '/default/breadcrumb.jpg', '1775-REAL', 'gasvr_ems@hotmail.com', NULL, NULL, NULL, NULL, 1, '$2y$10$e4Q4R7w1B3PRrgp3nJ.5teiUhuO9DTI.nDfAbrNlX7BIzThIrXv6m', NULL, NULL, NULL, NULL, NULL, NULL, false, NULL, '2025-10-23 19:15:00', '2025-10-23 19:15:00');
INSERT INTO public.users VALUES (5993, 'user', '/default/avatar.png', '/default/breadcrumb.jpg', '1775-REAL', 'gvallereal@gmail.com', NULL, NULL, NULL, NULL, 1, '$2y$10$qilmdNzryKJ1ADO8tlAUJuGzVwpVnA8baxf8Do.FXv9xWTut6ONZm', NULL, NULL, NULL, NULL, NULL, NULL, false, NULL, '2025-10-23 19:15:34', '2025-10-23 19:15:34');
INSERT INTO public.users VALUES (5994, 'user', '/default/avatar.png', '/default/breadcrumb.jpg', '1772-LA HERRADURA', 'oly_fer@hotmail.com', NULL, NULL, NULL, NULL, 1, '$2y$10$i4bPhK6UfiqK1hTDi6CwvOVRPIq0jxUKmlBXHNadR7PPYttghH2ny', NULL, NULL, NULL, NULL, NULL, NULL, false, NULL, '2025-10-23 19:16:44', '2025-10-23 19:16:44');
INSERT INTO public.users VALUES (5995, 'user', '/default/avatar.png', '/default/breadcrumb.jpg', '1772-LA HERRADURA', 'vikos_mtz@hotmail.com', NULL, NULL, NULL, NULL, 1, '$2y$10$AkBzaEDX50itWJF3jyiXWODIUZdcPjlfyTB6PBO1DiEdu79c6wUca', NULL, NULL, NULL, NULL, NULL, NULL, false, NULL, '2025-10-23 19:17:21', '2025-10-23 19:17:21');
INSERT INTO public.users VALUES (5996, 'user', '/default/avatar.png', '/default/breadcrumb.jpg', '1765-FANAD', 'donaldo.fanad@hotmail.com', NULL, NULL, NULL, NULL, 1, '$2y$10$v8i2SxRVKhCY52Znge1G7.UAAbQHeTHxQXihp5fRCNccGQEpunphO', NULL, NULL, NULL, NULL, NULL, NULL, false, NULL, '2025-10-23 19:20:43', '2025-10-23 19:20:43');
INSERT INTO public.users VALUES (5997, 'user', '/default/avatar.png', '/default/breadcrumb.jpg', '1765-FANAD', 'iea_@live.com', NULL, NULL, NULL, NULL, 1, '$2y$10$6Lh4/1Is3.lNK0JlzdMbhO/UYqzcMPZ7dF9p7s1gW9GOOsihDFkLe', NULL, NULL, NULL, NULL, NULL, NULL, false, NULL, '2025-10-23 19:21:16', '2025-10-23 19:21:16');
INSERT INTO public.users VALUES (5998, 'user', '/default/avatar.png', '/default/breadcrumb.jpg', '1765-FANAD', 'donaldo.fanad@outlook.com', NULL, NULL, NULL, NULL, 1, '$2y$10$.SZfG8SohtESbEGXP4U2ZuQyGjbhkf6EzrETDI3JPwud1lU2gnmKe', NULL, NULL, NULL, NULL, NULL, NULL, false, NULL, '2025-10-23 19:21:46', '2025-10-23 19:21:46');
INSERT INTO public.users VALUES (5999, 'user', '/default/avatar.png', '/default/breadcrumb.jpg', '1764-ARIALIN', 'gerente.admin@arialin.com.mx', NULL, NULL, NULL, NULL, 1, '$2y$10$ZnGWK3qJCixVw4/LxZUWzebgzzeeh83jom0OA.WwxsG9sFuSk5B/u', NULL, NULL, NULL, NULL, NULL, NULL, false, NULL, '2025-10-23 19:25:55', '2025-10-23 19:25:55');
INSERT INTO public.users VALUES (6000, 'user', '/default/avatar.png', '/default/breadcrumb.jpg', '1764-ARIALIN', 'operador.admin@arialin.com.mx', NULL, NULL, NULL, NULL, 1, '$2y$10$YRz/Ji/gD24rkbvFs98BUOmvZUdhwE/FS5Fw428Q003Xgr.PGZfE2', NULL, NULL, NULL, NULL, NULL, NULL, false, NULL, '2025-10-23 19:26:29', '2025-10-23 19:26:29');
INSERT INTO public.users VALUES (6001, 'user', '/default/avatar.png', '/default/breadcrumb.jpg', '1757-SAN JUAN', 'serviciosanjuanpuruandiro@gmail.com', NULL, NULL, NULL, NULL, 1, '$2y$10$oKUIwssV7bMA4x4SEwJiu.Kf7sQ2ePd6laos9Dsc1OCE7D8L8WQli', NULL, NULL, NULL, NULL, NULL, NULL, false, NULL, '2025-10-23 19:28:02', '2025-10-23 19:28:02');
INSERT INTO public.users VALUES (6002, 'user', '/default/avatar.png', '/default/breadcrumb.jpg', '1756-DEPORTIVA', 'es14397.gr@gmail.com', NULL, NULL, NULL, NULL, 1, '$2y$10$.wb/KNPbBTRjndOe9uXBQO6IItIo1zXEBeSuSPRg3dLOhwzHuoga.', NULL, NULL, NULL, NULL, NULL, NULL, false, NULL, '2025-10-23 19:29:24', '2025-10-23 19:29:24');
INSERT INTO public.users VALUES (6003, 'user', '/default/avatar.png', '/default/breadcrumb.jpg', '1756-DEPORTIVA', 'vanessavazquez.gr@gmail.com', NULL, NULL, NULL, NULL, 1, '$2y$10$g//vtVyGYjjCdMXTrJaRFe2vBlhXGK5zowbOq3yfq0YS1wTX7d6dS', NULL, NULL, NULL, NULL, NULL, NULL, false, NULL, '2025-10-23 19:29:59', '2025-10-23 19:29:59');
INSERT INTO public.users VALUES (6004, 'user', '/default/avatar.png', '/default/breadcrumb.jpg', '1755-PIJIJIAPAN', 'es0346.gr@gmail.com', NULL, NULL, NULL, NULL, 1, '$2y$10$iV3SZYz3e7FGfyhMvy7LZudfFq0j173EjRB4Soj4loONkUe4nnOXa', NULL, NULL, NULL, NULL, NULL, NULL, false, NULL, '2025-10-23 19:31:14', '2025-10-23 19:31:14');
INSERT INTO public.users VALUES (6005, 'user', '/default/avatar.png', '/default/breadcrumb.jpg', '1755-PIJIJIAPAN', 'carlosdeaquino.gr@gmail.com', NULL, NULL, NULL, NULL, 1, '$2y$10$CZiX2D0S/ZcTDHHRK6R8GOFKnSvpMH14oT8GK98KWnFIr4BvrtllC', NULL, NULL, NULL, NULL, NULL, NULL, false, NULL, '2025-10-23 19:31:46', '2025-10-23 19:31:46');
INSERT INTO public.users VALUES (6006, 'user', '/default/avatar.png', '/default/breadcrumb.jpg', '1754-ACEITUNO', 'es5769.gr@gmail.com', NULL, NULL, NULL, NULL, 1, '$2y$10$uV3A9N6S9Lk2ITVDTy5kouHA1NF4fM2Vj3KawuXLhTjEgP8U0iuX.', NULL, NULL, NULL, NULL, NULL, NULL, false, NULL, '2025-10-23 19:33:09', '2025-10-23 19:33:09');
INSERT INTO public.users VALUES (6007, 'user', '/default/avatar.png', '/default/breadcrumb.jpg', '1753-SUR', 'es0350.gr@gmail.com', NULL, NULL, NULL, NULL, 1, '$2y$10$pF9bMfLWVHfJwuS.sMbH7.VxAMEUiIq0ogJiUQ5dYLFdYDo0/4VJS', NULL, NULL, NULL, NULL, NULL, NULL, false, NULL, '2025-10-23 19:34:32', '2025-10-23 19:34:32');
INSERT INTO public.users VALUES (6008, 'user', '/default/avatar.png', '/default/breadcrumb.jpg', '1752-CORTINES', 'gasoruizcortinescontabilidad@hotmail.com', NULL, NULL, NULL, NULL, 1, '$2y$10$zoMyi1GCCVKX84i.hnhxYeiclF7wJhvzOyuJdp6zL4.2h1zZsEHAy', NULL, NULL, NULL, NULL, NULL, NULL, false, NULL, '2025-10-23 19:36:20', '2025-10-23 19:36:20');
INSERT INTO public.users VALUES (6009, 'user', '/default/avatar.png', '/default/breadcrumb.jpg', '1751-MONTAJES', 'contabilidad@gpomontajes.com', NULL, NULL, NULL, NULL, 1, '$2y$10$NvrQ71MCgUk6FI/LfSOWtOQxVrcqg9C1BDZCVsIhethpHAut10F22', NULL, NULL, NULL, NULL, NULL, NULL, false, NULL, '2025-10-23 19:37:34', '2025-10-23 19:37:34');
INSERT INTO public.users VALUES (6010, 'user', '/default/avatar.png', '/default/breadcrumb.jpg', '1751-MONTAJES', 'gerencia@gpomontajes.com', NULL, NULL, NULL, NULL, 1, '$2y$10$DGfWmxX.0/UnZnWighA9vOX8JxVx4Qeg7x0T9QEoA3GSA8nahHGTm', NULL, NULL, NULL, NULL, NULL, NULL, false, NULL, '2025-10-23 19:38:05', '2025-10-23 19:38:05');
INSERT INTO public.users VALUES (6011, 'user', '/default/avatar.png', '/default/breadcrumb.jpg', '1751-MONTAJES', 'normatividad@gpomontajes.com', NULL, NULL, NULL, NULL, 1, '$2y$10$Oq0livxyL0Op3n7GDQlPeeg8pGuqgTsB5JsUUVdA4y7mw39OP4yFW', NULL, NULL, NULL, NULL, NULL, NULL, false, NULL, '2025-10-23 19:38:40', '2025-10-23 19:38:40');
INSERT INTO public.users VALUES (6012, 'user', '/default/avatar.png', '/default/breadcrumb.jpg', '1350-ENERGETICOS-02', 'alianza13388@hotmail.com', NULL, NULL, NULL, NULL, 1, '$2y$10$F2Vl3PEQPGoArdnHaMXXuOabP81caQhSvwbqMQduIVOJu/sOoM/o2', NULL, NULL, NULL, NULL, NULL, NULL, false, NULL, '2025-10-23 19:39:49', '2025-10-23 19:39:49');
INSERT INTO public.users VALUES (6013, 'user', '/default/avatar.png', '/default/breadcrumb.jpg', '1350-ENERGETICOS-02', 'gerencia@gasolinerasanluis.com.mx', NULL, NULL, NULL, NULL, 1, '$2y$10$VuUVguSsIMBkVjhEYRHHmeBbYNxGNhiCtcp8WkQCdnDgMSOELX69.', NULL, NULL, NULL, NULL, NULL, NULL, false, NULL, '2025-10-23 19:40:21', '2025-10-23 19:40:21');
INSERT INTO public.users VALUES (6014, 'user', '/default/avatar.png', '/default/breadcrumb.jpg', '1349-BOULEVARD', 'gerente.autocentroboulevard@gmail.com', NULL, NULL, NULL, NULL, 1, '$2y$10$/9ISdqayPtH2VyfhGwLmXeUQ7E.niB09O7nf9SHbvPh4qvNAO1TOi', NULL, NULL, NULL, NULL, NULL, NULL, false, NULL, '2025-10-23 19:41:30', '2025-10-23 19:41:30');
INSERT INTO public.users VALUES (6015, 'user', '/default/avatar.png', '/default/breadcrumb.jpg', '1349-BOULEVARD', 'gerencia.autocentro@gfarrera.com.mx', NULL, NULL, NULL, NULL, 1, '$2y$10$cM3HM4gKKnZc6r3I5XIICuVI81TvOh9gBmADAbqAUZQZIGLIB9CD6', NULL, NULL, NULL, NULL, NULL, NULL, false, NULL, '2025-10-23 19:42:07', '2025-10-23 19:42:07');
INSERT INTO public.users VALUES (6016, 'user', '/default/avatar.png', '/default/breadcrumb.jpg', '1348-GASLUB-02', 'jmorales@gaslub.com.mx', NULL, NULL, NULL, NULL, 1, '$2y$10$8Bsme/0EeDp88w5YQZe2KujliUOohBA6torgWjAqB7r95Gjgi8HtW', NULL, NULL, NULL, NULL, NULL, NULL, false, NULL, '2025-10-23 19:43:16', '2025-10-23 19:43:16');
INSERT INTO public.users VALUES (6017, 'user', '/default/avatar.png', '/default/breadcrumb.jpg', '1348-GASLUB-02', 'mroque@gaslub.com.mx', NULL, NULL, NULL, NULL, 1, '$2y$10$KiZ5GU.mvSI2G4wQHby00uJMqtLiz5k5T/k6Lx.6UjU741ZrS7hPW', NULL, NULL, NULL, NULL, NULL, NULL, false, NULL, '2025-10-23 19:43:50', '2025-10-23 19:43:50');
INSERT INTO public.users VALUES (6018, 'user', '/default/avatar.png', '/default/breadcrumb.jpg', '1336-YAXCHILAN', 'gasolinerayaxchilan8@gmail.com', NULL, NULL, NULL, NULL, 1, '$2y$10$Xh.T97e1C8K8oqdY7DNVLemaZVnkjEv5ON1GFJF7vevJeF3sZzbM.', NULL, NULL, NULL, NULL, NULL, NULL, false, NULL, '2025-10-23 19:52:30', '2025-10-23 19:52:30');
INSERT INTO public.users VALUES (6019, 'user', '/default/avatar.png', '/default/breadcrumb.jpg', '1335-TUCHTLAN', 'admon.tuchtlan2@gasolinerayaaxchilan.com', NULL, NULL, NULL, NULL, 1, '$2y$10$AzMKmCkhWv7qKkLK/agoaOPiJT7MSbkZzyswIQY362Z.ljOF61S1e', NULL, NULL, NULL, NULL, NULL, NULL, false, NULL, '2025-10-23 19:53:48', '2025-10-23 19:53:48');
INSERT INTO public.users VALUES (6020, 'user', '/default/avatar.png', '/default/breadcrumb.jpg', '1335-TUCHTLAN', 'supervisor@gasolinerayaaxchilan.com', NULL, NULL, NULL, NULL, 1, '$2y$10$aMYK1F/4r7wrioDQW4zyteZwy1a68Daw0kSYTREPLNRtxhFXSpCK2', NULL, NULL, NULL, NULL, NULL, NULL, false, NULL, '2025-10-23 19:54:42', '2025-10-23 19:54:42');
INSERT INTO public.users VALUES (6021, 'user', '/default/avatar.png', '/default/breadcrumb.jpg', '1329-PARACUARO', 'crucerodeparacuaro@hotmail.com', NULL, NULL, NULL, NULL, 1, '$2y$10$qRM9BzXh8zxUo2c3siRhw.RNpGFlUKtdAHEeEymI8RdH5LQVmc6bq', NULL, NULL, NULL, NULL, NULL, NULL, false, NULL, '2025-10-23 19:56:08', '2025-10-23 19:56:08');
INSERT INTO public.users VALUES (6022, 'user', '/default/avatar.png', '/default/breadcrumb.jpg', '1329-PARACUARO', 'kelele18@hotmail.com', NULL, NULL, NULL, NULL, 1, '$2y$10$9Tiee2Y45So1mbRzkx9RreC5PVoqnfnIOpJ4uJ3ID9qGkQkuUvxHq', NULL, NULL, NULL, NULL, NULL, NULL, false, NULL, '2025-10-23 19:56:39', '2025-10-23 19:56:39');
INSERT INTO public.users VALUES (6023, 'user', '/default/avatar.png', '/default/breadcrumb.jpg', '1324-EDARSI', 'facturacion.edarsi@gmail.com', NULL, NULL, NULL, NULL, 1, '$2y$10$l7ovSZ7P9iuOtjQX6CU51OIz5J/bk0e3ppmm9qy2ixXqWwBO5e7CW', NULL, NULL, NULL, NULL, NULL, NULL, false, NULL, '2025-10-23 19:57:59', '2025-10-23 19:57:59');
INSERT INTO public.users VALUES (6024, 'user', '/default/avatar.png', '/default/breadcrumb.jpg', '1324-EDARSI', 'lourdes.edarsi@gmail.com', NULL, NULL, NULL, NULL, 1, '$2y$10$cRTKVjC4k6l50wCutyml2u4xSyyWKTROaHUU/i8fmSOenEpRaesyu', NULL, NULL, NULL, NULL, NULL, NULL, false, NULL, '2025-10-23 19:58:29', '2025-10-23 19:58:29');
INSERT INTO public.users VALUES (6025, 'user', '/default/avatar.png', '/default/breadcrumb.jpg', '1213-GASOLAP', 'rosimail3@gmail.com', NULL, NULL, NULL, NULL, 1, '$2y$10$I2q8W/lUJBewjJAo3LmFdOOlRAe31Q2t4S0rKjCmfFfcFYXtL.rma', NULL, NULL, NULL, NULL, NULL, NULL, false, NULL, '2025-10-23 19:59:53', '2025-10-23 19:59:53');
INSERT INTO public.users VALUES (6026, 'user', '/default/avatar.png', '/default/breadcrumb.jpg', '1213-GASOLAP', 'letycastillo89@hotmail.com', NULL, NULL, NULL, NULL, 1, '$2y$10$QChQ.rl/8mYQ/IBEg8zZbeyK9xzNdxx4Fee4h.jpjCTNBZa4lWwJO', NULL, NULL, NULL, NULL, NULL, NULL, false, NULL, '2025-10-23 20:00:29', '2025-10-23 20:00:29');
INSERT INTO public.users VALUES (6027, 'user', '/default/avatar.png', '/default/breadcrumb.jpg', '1213-GASOLAP', 'ec6091096@gmail.com', NULL, NULL, NULL, NULL, 1, '$2y$10$ym.OajVMij/uMtPmtzx4tenBWFR.5y3gGSX/l/QYaNBRxTu40M8a.', NULL, NULL, NULL, NULL, NULL, NULL, false, NULL, '2025-10-23 20:01:01', '2025-10-23 20:01:01');
INSERT INTO public.users VALUES (6028, 'user', '/default/avatar.png', '/default/breadcrumb.jpg', '1197-POZA RICA', 'gasolineracontabilidad@hotmail.com', NULL, NULL, NULL, NULL, 1, '$2y$10$zl4XO8wYvo//nqJ4WhfIx.MEFdotc.a0j0Ar7jfyfcbfXHZbKXdr6', NULL, NULL, NULL, NULL, NULL, NULL, false, NULL, '2025-10-23 20:05:36', '2025-10-23 20:05:36');
INSERT INTO public.users VALUES (6029, 'user', '/default/avatar.png', '/default/breadcrumb.jpg', '1197-POZA RICA', 'mesggp@outlook.com', NULL, NULL, NULL, NULL, 1, '$2y$10$RNWNngg0hAlvGSDUr.G1A.xCRGdIVAJuDO211DHiS91rRPPj96z5y', NULL, NULL, NULL, NULL, NULL, NULL, false, NULL, '2025-10-23 20:06:12', '2025-10-23 20:06:12');
INSERT INTO public.users VALUES (6030, 'user', '/default/avatar.png', '/default/breadcrumb.jpg', '1197-POZA RICA', 'gasolinerafacturacion1@hotmail.com', NULL, NULL, NULL, NULL, 1, '$2y$10$FUMA4nz3UrDULqU7K2tUmuDTVog4A0MlIa6VFYzMx20ilLJHl6QhG', NULL, NULL, NULL, NULL, NULL, NULL, false, NULL, '2025-10-23 20:06:46', '2025-10-23 20:06:46');
INSERT INTO public.users VALUES (6031, 'user', '/default/avatar.png', '/default/breadcrumb.jpg', '1196-TIERRA NUEVA', 'mbrizuela@hhmenergysolutions.com', NULL, NULL, NULL, NULL, 1, '$2y$10$AKRp11cPKUaORo9iOlDVXe9ka3whLLgTsyyoFgokgVo9KNV6lHgxm', NULL, NULL, NULL, NULL, NULL, NULL, false, NULL, '2025-10-23 20:09:20', '2025-10-23 20:09:20');
INSERT INTO public.users VALUES (6032, 'user', '/default/avatar.png', '/default/breadcrumb.jpg', 'A - Gomez - Pits', 'a.gomez@pits.mx', NULL, NULL, NULL, NULL, 1, '$2y$10$.a/cSCXQ.IcNQAK5aoa1I.YV7xhn9HDYkaKzRScdqslcqThft15Qu', NULL, NULL, NULL, NULL, NULL, NULL, false, NULL, '2025-11-26 16:20:18', '2025-11-26 16:20:18');
INSERT INTO public.users VALUES (6033, 'user', '/default/avatar.png', '/default/breadcrumb.jpg', 'D - Calvo - Pits', 'd.calvo@pits.mx', NULL, NULL, NULL, NULL, 1, '$2y$10$46MhH9BYwWItFeCti7yoIukPKjVdm2YjJTCKhUpDKqSyvOyajad5e', NULL, NULL, NULL, NULL, NULL, NULL, false, NULL, '2025-11-26 16:21:47', '2025-11-26 16:21:47');
INSERT INTO public.users VALUES (6034, 'user', '/default/avatar.png', '/default/breadcrumb.jpg', 'C - Mendoza - Pits', 'c.mendoza@pits.mx', NULL, NULL, NULL, NULL, 1, '$2y$10$DUWLh20YucpDp1v2qbKBy.jsCPGYVpe4..EHJqXuxeP88JyeKzkNC', NULL, NULL, NULL, NULL, NULL, NULL, false, NULL, '2025-11-26 16:22:54', '2025-11-26 16:22:54');
INSERT INTO public.users VALUES (6035, 'user', '/default/avatar.png', '/default/breadcrumb.jpg', 'Arias Gorm', 'arias.gorm@gmail.com', NULL, NULL, NULL, NULL, 1, '$2y$10$5kqzkF53aqwMv2qTjiw8iOCu4XNkXS29db8ssNDfy1Rbasu3qKJGW', NULL, NULL, NULL, NULL, NULL, NULL, false, NULL, '2025-12-03 17:15:44', '2025-12-09 19:16:13');
INSERT INTO public.users VALUES (6036, 'user', '/default/avatar.png', '/default/breadcrumb.jpg', 'ESTACION DE SERVICIO DEL CARMEN', 'estaciondeserviciodelcarmen@gmail.com', NULL, NULL, NULL, NULL, 1, '$2y$12$zwDMWYhymJLl.oVBeIitPusYvQZFrh06Az3lxw5wRMfsYnmjZ5CSK', NULL, NULL, NULL, NULL, NULL, NULL, false, NULL, '2026-01-09 23:47:24', '2026-01-09 23:47:24');
INSERT INTO public.users VALUES (6037, 'user', '/default/avatar.png', '/default/breadcrumb.jpg', 'MULTISERVICIOS MAGO', 'multiserviciosmago@gmail.com', NULL, NULL, NULL, NULL, 1, '$2y$12$7M4Z9WIZGpuvPzrXd065.ugGvKPzqWoztXKDL8A8UgJxLEivOwYzy', NULL, NULL, NULL, NULL, NULL, NULL, false, NULL, '2026-01-09 23:47:24', '2026-01-09 23:47:24');
INSERT INTO public.users VALUES (6038, 'user', '/default/avatar.png', '/default/breadcrumb.jpg', 'LOURDES CRUZ BASURTO', 'facturasdk@hotmail.com', NULL, NULL, NULL, NULL, 1, '$2y$12$EwcmmLuGrVPbO9xh/yhJV.vY/0yuT0Va7xOcqh78NGSVHGQbbN.6a', NULL, NULL, NULL, NULL, NULL, NULL, false, NULL, '2026-01-09 23:47:24', '2026-01-09 23:47:24');
INSERT INTO public.users VALUES (6039, 'user', '/default/avatar.png', '/default/breadcrumb.jpg', 'ACEITES GRASAS Y DERIVADOS', 'carlos.villanueva@agydsa.net', NULL, NULL, NULL, NULL, 1, '$2y$12$g3wtT6ofVuJQbBCdQHuZveC.PO/itmuj47aydxRvjt3q36xd8jpee', NULL, NULL, NULL, NULL, NULL, NULL, false, NULL, '2026-01-09 23:47:24', '2026-01-09 23:47:24');
INSERT INTO public.users VALUES (6040, 'user', '/default/avatar.png', '/default/breadcrumb.jpg', 'MEZQUITE', 'grupokinza@hotmail.com', NULL, NULL, NULL, NULL, 1, '$2y$12$.m9pXJe3R.gDyY0MLPFI/ej/G9kGDPKITPQIA9GUdW6sUIeUiaKny', NULL, NULL, NULL, NULL, NULL, NULL, false, NULL, '2026-01-09 23:47:25', '2026-01-09 23:47:25');
INSERT INTO public.users VALUES (6041, 'user', '/default/avatar.png', '/default/breadcrumb.jpg', 'ESTACION DE SERVICIO HACIENDA DEL POTRERO DE LA PIEDAD', 'gasolineraelpotrero2021@gmail.com', NULL, NULL, NULL, NULL, 1, '$2y$12$V2p4GRDXvIUI19BcJIAs/OLe2DGfqbsORJAXhWS1B8/hZKjY9XUwi', NULL, NULL, NULL, NULL, NULL, NULL, false, NULL, '2026-01-09 23:47:25', '2026-01-09 23:47:25');
INSERT INTO public.users VALUES (6042, 'user', '/default/avatar.png', '/default/breadcrumb.jpg', 'LESMAG', 'comercializacion@logliquidos.com', NULL, NULL, NULL, NULL, 1, '$2y$12$R0pZ7gem1/eMlfWxZ0/f2OTaA5eIfwrIPDh4gM6Al3OsNWGvjswVe', NULL, NULL, NULL, NULL, NULL, NULL, false, NULL, '2026-01-09 23:47:25', '2026-01-09 23:47:25');
INSERT INTO public.users VALUES (6043, 'user', '/default/avatar.png', '/default/breadcrumb.jpg', 'REGIO FUEL TRANDING', 'enriqueroma.mr@gmail.com', NULL, NULL, NULL, NULL, 1, '$2y$12$gavnBnV6k4kM18Mlsi9Is.VD47eiLXmpVRWDY/KvJ/Ss6k/lMJauO', NULL, NULL, NULL, NULL, NULL, NULL, false, NULL, '2026-01-09 23:47:25', '2026-01-09 23:47:25');
INSERT INTO public.users VALUES (6044, 'user', '/default/avatar.png', '/default/breadcrumb.jpg', 'OTON ZAZUETA BELTRAN', 'administracion@petro55.com', NULL, NULL, NULL, NULL, 1, '$2y$12$TmTmpF1sAaJTvRlhNWUBHuqdpmtPA/BEaRuCsU.gf/vwK31MUxlPS', NULL, NULL, NULL, NULL, NULL, NULL, false, NULL, '2026-01-09 23:47:25', '2026-01-09 23:47:25');
INSERT INTO public.users VALUES (6045, 'user', '/default/avatar.png', '/default/breadcrumb.jpg', 'OTON ZAZUETA BELTRAN', 'gasolineragpe@gmail.com', NULL, NULL, NULL, NULL, 1, '$2y$12$yEgsBEOA6xDLSEWBZq2Y6ub92TUtBLgttvjGRg0NGQSUDcWMcXMbK', NULL, NULL, NULL, NULL, NULL, NULL, false, NULL, '2026-01-09 23:47:26', '2026-01-09 23:47:26');
INSERT INTO public.users VALUES (6047, 'user', '/default/avatar.png', '/default/breadcrumb.jpg', 'PITS ABASTECIMIENTOS', 'est14282@gmail.com', NULL, NULL, NULL, NULL, 1, '$2y$12$Eh3accKXatA/CllNMtfUbO8qhyyuSV4m2/.ynKNSgP1E.9ZRKE9/i', NULL, NULL, NULL, NULL, NULL, NULL, false, NULL, '2026-01-09 23:47:26', '2026-01-09 23:47:26');
INSERT INTO public.users VALUES (6048, 'user', '/default/avatar.png', '/default/breadcrumb.jpg', 'AUTO SERVICIOS SAN CRISTOBAL', 'logistica@petro55.com', NULL, NULL, NULL, NULL, 1, '$2y$12$q2FBbFNgHlbg3N6dvTOBI.UAm6FtSMmX1zGDUufIgkC4JJnw7bGDC', NULL, NULL, NULL, NULL, NULL, NULL, false, NULL, '2026-01-09 23:47:26', '2026-01-09 23:47:26');
INSERT INTO public.users VALUES (6049, 'user', '/default/avatar.png', '/default/breadcrumb.jpg', 'FERNANDO GARZA MAGAÑA', 'gasolineratuxcueca_10154@hotmail.com', NULL, NULL, NULL, NULL, 1, '$2y$12$fuNn4fIaM0VIcfbiEoCs9eq4qE/.VapVH6aWTISvwm4cn/L2eFH2u', NULL, NULL, NULL, NULL, NULL, NULL, false, NULL, '2026-01-09 23:47:26', '2026-01-09 23:47:26');
INSERT INTO public.users VALUES (6050, 'user', '/default/avatar.png', '/default/breadcrumb.jpg', 'VETTEROL', 't.gutierrez@akron.com.mx', NULL, NULL, NULL, NULL, 1, '$2y$12$9MppzYxTpTg/oIJNRvshbeVdSzouHOQBEUO3Vq/GQnXxGTQssrtEK', NULL, NULL, NULL, NULL, NULL, NULL, false, NULL, '2026-01-09 23:47:27', '2026-01-09 23:47:27');
INSERT INTO public.users VALUES (6056, 'user', '/default/avatar.png', '/default/breadcrumb.jpg', 'ENERGETICOS DEA', 'pagos@corporativoramcal.mx', NULL, NULL, NULL, NULL, 1, '$2y$12$yjfaRJqpSZwD3m0JnZvfUuV23FoiDPDOnjCVGU5mFeptgJWCp7nNK', NULL, NULL, NULL, NULL, NULL, NULL, false, NULL, '2026-01-09 23:47:28', '2026-01-09 23:47:28');
INSERT INTO public.users VALUES (6057, 'user', '/default/avatar.png', '/default/breadcrumb.jpg', 'ENERGETICOS DEA', 'dianasosa@corporativoramcal.mx', NULL, NULL, NULL, NULL, 1, '$2y$12$FE1bqv20nuo8rAbM1iFNeuyg9.Sq.JaTF18inwDOZ7bNql7cztL4.', NULL, NULL, NULL, NULL, NULL, NULL, false, NULL, '2026-01-09 23:47:28', '2026-01-09 23:47:28');
INSERT INTO public.users VALUES (6058, 'user', '/default/avatar.png', '/default/breadcrumb.jpg', 'COMERCIALIZADORA DE COMBUSTIBLES DEL CORREDOR INDUSTRIAL', 'josemanuellimon@corporativoramcal.mx', NULL, NULL, NULL, NULL, 1, '$2y$12$SBJXRniQeL3dczwMFnJCeee/Ygbwt.wmtG../cZQwGGTCK/HQz8Gm', NULL, NULL, NULL, NULL, NULL, NULL, false, NULL, '2026-01-09 23:47:28', '2026-01-09 23:47:28');
INSERT INTO public.users VALUES (6059, 'user', '/default/avatar.png', '/default/breadcrumb.jpg', 'COMERCIALIZADORA DE COMBUSTIBLES DEL CORREDOR INDUSTRIAL', 'janeth.santana@corporativoramcal.mx', NULL, NULL, NULL, NULL, 1, '$2y$12$BrK8NDbnDYJ4qPkZR1hvaeWGKu7imeQ.lUzwRRokj3XurDeGDhVAe', NULL, NULL, NULL, NULL, NULL, NULL, false, NULL, '2026-01-09 23:47:28', '2026-01-09 23:47:28');
INSERT INTO public.users VALUES (6060, 'user', '/default/avatar.png', '/default/breadcrumb.jpg', 'COMERCIALIZADORA DE COMBUSTIBLES DEL CORREDOR INDUSTRIAL', 'manuel.limon@corporativoramcal.mx', NULL, NULL, NULL, NULL, 1, '$2y$12$epiUmpF2URA8TPSI.yIgDuVKY2CiZzfzk69oNoE86ryDTB./gV6p6', NULL, NULL, NULL, NULL, NULL, NULL, false, NULL, '2026-01-09 23:47:28', '2026-01-09 23:47:28');
INSERT INTO public.users VALUES (6061, 'user', '/default/avatar.png', '/default/breadcrumb.jpg', 'COMERCIALIZADORA DE COMBUSTIBLES DEL CORREDOR INDUSTRIAL', 'gerencia07932@gmail.com', NULL, NULL, NULL, NULL, 1, '$2y$12$qpSgF5ANEHVd60iJ/A2S2.vwR2os54HaoYbxP7AqLSp7sPS9Q184m', NULL, NULL, NULL, NULL, NULL, NULL, false, NULL, '2026-01-09 23:47:29', '2026-01-09 23:47:29');
INSERT INTO public.users VALUES (6062, 'user', '/default/avatar.png', '/default/breadcrumb.jpg', 'SERVICIO DEL CENTRO TOCUMBO', 'autoservicionaroca@hotmail.com', NULL, NULL, NULL, NULL, 1, '$2y$12$dJcbl9VRdpnr8dNxSNGLDeqbfHMn230kDNpqhBcHxye784nMMXK1G', NULL, NULL, NULL, NULL, NULL, NULL, false, NULL, '2026-01-09 23:47:29', '2026-01-09 23:47:29');
INSERT INTO public.users VALUES (6063, 'user', '/default/avatar.png', '/default/breadcrumb.jpg', 'SERVICIO DEL CENTRO TOCUMBO', 'totaltocumbo@hotmail.com', NULL, NULL, NULL, NULL, 1, '$2y$12$5e3654RzWDqhkV.e85IKuu0aed.MNRwPcuLUEIpUjao6FUvyrOKCK', NULL, NULL, NULL, NULL, NULL, NULL, false, NULL, '2026-01-09 23:47:29', '2026-01-09 23:47:29');
INSERT INTO public.users VALUES (6052, 'admin', '/default/avatar.png', '/default/breadcrumb.jpg', 'VETTEROL', 'l.flores@akron.com.mx', NULL, NULL, NULL, NULL, 1, '$2y$12$d9uI3yoXcpWYXEkvZW75yeG2Le5aWyXRi.psfDFdLc4WleeTd4E8W', NULL, NULL, NULL, NULL, NULL, NULL, false, NULL, '2026-01-09 23:47:27', '2026-03-10 20:36:31');
INSERT INTO public.users VALUES (6055, 'admin', '/default/avatar.png', '/default/breadcrumb.jpg', 'VETTEROL', 'v.segovia@akron.com.mx', NULL, NULL, NULL, NULL, 1, '$2y$12$g0Q2rIFquopK8oDfcSO8WOJY4HAfgfXCJPdPumYAvtoweQg2IYj2e', NULL, NULL, NULL, NULL, NULL, NULL, false, NULL, '2026-01-09 23:47:28', '2026-03-10 20:36:50');
INSERT INTO public.users VALUES (6051, 'admin', '/default/avatar.png', '/default/breadcrumb.jpg', 'VETTEROL', 'akron.combustibles@akron.com.mx', NULL, NULL, NULL, NULL, 1, '$2y$12$nSEQbeLYCFQ0GNKTbNBN4OgQSVd7PacOOINZVo61J2t4R17KJWQBq', NULL, NULL, NULL, NULL, NULL, NULL, false, NULL, '2026-01-09 23:47:27', '2026-03-10 17:15:03');
INSERT INTO public.users VALUES (6046, 'user', '/default/avatar.png', '/default/breadcrumb.jpg', 'VETTEROL', 'vsegovia@akron.com.mx', NULL, NULL, NULL, NULL, 1, '$2y$12$BAz13wigTG.XjcZGE8BWRexifbsA0wCYnRlmfk5COpDdNUwx0y4Lu', NULL, NULL, NULL, NULL, NULL, NULL, false, NULL, '2026-01-09 23:47:26', '2026-03-11 17:00:18');
INSERT INTO public.users VALUES (6053, 'user', '/default/avatar.png', '/default/breadcrumb.jpg', 'VETTEROL', 'u.castroc@akron.com.mx', NULL, NULL, NULL, NULL, 1, '$2y$12$Hfd1PlQf/LvVvuXmms8CKe.UKihWQSBYyBFCvsNXcMCnjfkaKBbmy', NULL, NULL, NULL, NULL, NULL, NULL, false, NULL, '2026-01-09 23:47:27', '2026-03-10 23:09:07');
INSERT INTO public.users VALUES (1, 'admin', '/uploads/media_683ca0d3f0f5d.png', '/default/breadcrumb.jpg', 'Maosa Prime', 'admin@maosa.gmail.com', '+52 443 141 5734', '4408 Norma Lane Shreveport, LA 71101', 'test', NULL, 1, '$2y$12$oTtoHAUQcWprEmbBchpd9uSNLvQROM6sv/tjj3vtKErZpj7vNGUim', NULL, NULL, NULL, NULL, NULL, NULL, false, 'hjUp2HsiPQ52cVKKGpC3PS4NmfWPvlXEi5t7owqcxDMCQFiY35IaPhn10YXo', NULL, '2026-01-08 22:58:23');
INSERT INTO public.users VALUES (6054, 'user', '/default/avatar.png', '/default/breadcrumb.jpg', 'VETTEROL', 'suministro@akron.com.mx', NULL, NULL, NULL, NULL, 1, '$2y$12$oQhq8bibnmyYXNEOK6DDouADbzAny8W63a82RCfgqZsd8KJ2j3USm', NULL, NULL, NULL, NULL, NULL, NULL, false, NULL, '2026-01-09 23:47:27', '2026-03-11 16:57:12');


--
-- Name: about_us_id_seq; Type: SEQUENCE SET; Schema: public; Owner: -
--

SELECT pg_catalog.setval('public.about_us_id_seq', 1, false);


--
-- Name: admin_menu_items_id_seq; Type: SEQUENCE SET; Schema: public; Owner: -
--

SELECT pg_catalog.setval('public.admin_menu_items_id_seq', 21, true);


--
-- Name: admin_menus_id_seq; Type: SEQUENCE SET; Schema: public; Owner: -
--

SELECT pg_catalog.setval('public.admin_menus_id_seq', 4, true);


--
-- Name: amenities_id_seq; Type: SEQUENCE SET; Schema: public; Owner: -
--

SELECT pg_catalog.setval('public.amenities_id_seq', 102, false);


--
-- Name: blogs_id_seq; Type: SEQUENCE SET; Schema: public; Owner: -
--

SELECT pg_catalog.setval('public.blogs_id_seq', 1, false);


--
-- Name: categories_id_seq; Type: SEQUENCE SET; Schema: public; Owner: -
--

SELECT pg_catalog.setval('public.categories_id_seq', 9, false);


--
-- Name: contacts_id_seq; Type: SEQUENCE SET; Schema: public; Owner: -
--

SELECT pg_catalog.setval('public.contacts_id_seq', 1, false);


--
-- Name: footer_infos_id_seq; Type: SEQUENCE SET; Schema: public; Owner: -
--

SELECT pg_catalog.setval('public.footer_infos_id_seq', 1, false);


--
-- Name: fuel_terminals_id_seq; Type: SEQUENCE SET; Schema: public; Owner: -
--

SELECT pg_catalog.setval('public.fuel_terminals_id_seq', 16, false);


--
-- Name: heroes_id_seq; Type: SEQUENCE SET; Schema: public; Owner: -
--

SELECT pg_catalog.setval('public.heroes_id_seq', 1, false);


--
-- Name: listing_amenities_id_seq; Type: SEQUENCE SET; Schema: public; Owner: -
--

SELECT pg_catalog.setval('public.listing_amenities_id_seq', 1348, false);


--
-- Name: listing_social_links_id_seq; Type: SEQUENCE SET; Schema: public; Owner: -
--

SELECT pg_catalog.setval('public.listing_social_links_id_seq', 103, true);


--
-- Name: locations_id_seq; Type: SEQUENCE SET; Schema: public; Owner: -
--

SELECT pg_catalog.setval('public.locations_id_seq', 16, false);


--
-- Name: migrations_id_seq; Type: SEQUENCE SET; Schema: public; Owner: -
--

SELECT pg_catalog.setval('public.migrations_id_seq', 2, true);


--
-- Name: page_visits_id_seq; Type: SEQUENCE SET; Schema: public; Owner: -
--

SELECT pg_catalog.setval('public.page_visits_id_seq', 188, true);


--
-- Name: permissions_id_seq; Type: SEQUENCE SET; Schema: public; Owner: -
--

SELECT pg_catalog.setval('public.permissions_id_seq', 32, true);


--
-- Name: personal_access_tokens_id_seq; Type: SEQUENCE SET; Schema: public; Owner: -
--

SELECT pg_catalog.setval('public.personal_access_tokens_id_seq', 1, false);


--
-- Name: privacy_policies_id_seq; Type: SEQUENCE SET; Schema: public; Owner: -
--

SELECT pg_catalog.setval('public.privacy_policies_id_seq', 1, false);


--
-- Name: roles_id_seq; Type: SEQUENCE SET; Schema: public; Owner: -
--

SELECT pg_catalog.setval('public.roles_id_seq', 1, false);


--
-- Name: section_titles_id_seq; Type: SEQUENCE SET; Schema: public; Owner: -
--

SELECT pg_catalog.setval('public.section_titles_id_seq', 1, false);


--
-- Name: settings_id_seq; Type: SEQUENCE SET; Schema: public; Owner: -
--

SELECT pg_catalog.setval('public.settings_id_seq', 1, false);


--
-- Name: social_networks_id_seq; Type: SEQUENCE SET; Schema: public; Owner: -
--

SELECT pg_catalog.setval('public.social_networks_id_seq', 16, false);


--
-- Name: terms_and_conditions_id_seq; Type: SEQUENCE SET; Schema: public; Owner: -
--

SELECT pg_catalog.setval('public.terms_and_conditions_id_seq', 1, false);


--
-- Name: user_activities_id_seq; Type: SEQUENCE SET; Schema: public; Owner: -
--

SELECT pg_catalog.setval('public.user_activities_id_seq', 1, false);


--
-- Name: user_branches_id_seq; Type: SEQUENCE SET; Schema: public; Owner: -
--

SELECT pg_catalog.setval('public.user_branches_id_seq', 1, false);


--
-- Name: user_navigation_flows_id_seq; Type: SEQUENCE SET; Schema: public; Owner: -
--

SELECT pg_catalog.setval('public.user_navigation_flows_id_seq', 187, true);


--
-- Name: user_price_items_id_seq; Type: SEQUENCE SET; Schema: public; Owner: -
--

SELECT pg_catalog.setval('public.user_price_items_id_seq', 58, false);


--
-- Name: user_price_legends_id_seq; Type: SEQUENCE SET; Schema: public; Owner: -
--

SELECT pg_catalog.setval('public.user_price_legends_id_seq', 1, false);


--
-- Name: user_price_lists_id_seq; Type: SEQUENCE SET; Schema: public; Owner: -
--

SELECT pg_catalog.setval('public.user_price_lists_id_seq', 1, false);


--
-- Name: user_sessions_id_seq; Type: SEQUENCE SET; Schema: public; Owner: -
--

SELECT pg_catalog.setval('public.user_sessions_id_seq', 6, true);


--
-- Name: users_id_seq; Type: SEQUENCE SET; Schema: public; Owner: -
--

SELECT pg_catalog.setval('public.users_id_seq', 6064, false);


--
-- Name: admin_menu_items admin_menu_items_pkey; Type: CONSTRAINT; Schema: public; Owner: -
--

ALTER TABLE ONLY public.admin_menu_items
    ADD CONSTRAINT admin_menu_items_pkey PRIMARY KEY (id);


--
-- Name: admin_menus admin_menus_pkey; Type: CONSTRAINT; Schema: public; Owner: -
--

ALTER TABLE ONLY public.admin_menus
    ADD CONSTRAINT admin_menus_pkey PRIMARY KEY (id);


--
-- Name: amenities amenities_pkey; Type: CONSTRAINT; Schema: public; Owner: -
--

ALTER TABLE ONLY public.amenities
    ADD CONSTRAINT amenities_pkey PRIMARY KEY (id);


--
-- Name: blogs blogs_pkey; Type: CONSTRAINT; Schema: public; Owner: -
--

ALTER TABLE ONLY public.blogs
    ADD CONSTRAINT blogs_pkey PRIMARY KEY (id);


--
-- Name: categories categories_pkey; Type: CONSTRAINT; Schema: public; Owner: -
--

ALTER TABLE ONLY public.categories
    ADD CONSTRAINT categories_pkey PRIMARY KEY (id);


--
-- Name: contacts contacts_pkey; Type: CONSTRAINT; Schema: public; Owner: -
--

ALTER TABLE ONLY public.contacts
    ADD CONSTRAINT contacts_pkey PRIMARY KEY (id);


--
-- Name: fuel_terminals fuel_terminals_pkey; Type: CONSTRAINT; Schema: public; Owner: -
--

ALTER TABLE ONLY public.fuel_terminals
    ADD CONSTRAINT fuel_terminals_pkey PRIMARY KEY (id);


--
-- Name: listing_amenities listing_amenities_pkey; Type: CONSTRAINT; Schema: public; Owner: -
--

ALTER TABLE ONLY public.listing_amenities
    ADD CONSTRAINT listing_amenities_pkey PRIMARY KEY (id);


--
-- Name: listing_social_links listing_social_links_listing_id_social_network_id_unique; Type: CONSTRAINT; Schema: public; Owner: -
--

ALTER TABLE ONLY public.listing_social_links
    ADD CONSTRAINT listing_social_links_listing_id_social_network_id_unique UNIQUE (listing_id, social_network_id);


--
-- Name: listing_social_links listing_social_links_pkey; Type: CONSTRAINT; Schema: public; Owner: -
--

ALTER TABLE ONLY public.listing_social_links
    ADD CONSTRAINT listing_social_links_pkey PRIMARY KEY (id);


--
-- Name: locations locations_pkey; Type: CONSTRAINT; Schema: public; Owner: -
--

ALTER TABLE ONLY public.locations
    ADD CONSTRAINT locations_pkey PRIMARY KEY (id);


--
-- Name: page_visits page_visits_pkey; Type: CONSTRAINT; Schema: public; Owner: -
--

ALTER TABLE ONLY public.page_visits
    ADD CONSTRAINT page_visits_pkey PRIMARY KEY (id);


--
-- Name: sessions sessions_pkey; Type: CONSTRAINT; Schema: public; Owner: -
--

ALTER TABLE ONLY public.sessions
    ADD CONSTRAINT sessions_pkey PRIMARY KEY (id);


--
-- Name: social_networks social_networks_pkey; Type: CONSTRAINT; Schema: public; Owner: -
--

ALTER TABLE ONLY public.social_networks
    ADD CONSTRAINT social_networks_pkey PRIMARY KEY (id);


--
-- Name: social_networks social_networks_slug_unique; Type: CONSTRAINT; Schema: public; Owner: -
--

ALTER TABLE ONLY public.social_networks
    ADD CONSTRAINT social_networks_slug_unique UNIQUE (slug);


--
-- Name: user_activities user_activities_pkey; Type: CONSTRAINT; Schema: public; Owner: -
--

ALTER TABLE ONLY public.user_activities
    ADD CONSTRAINT user_activities_pkey PRIMARY KEY (id);


--
-- Name: user_branches user_branches_pkey; Type: CONSTRAINT; Schema: public; Owner: -
--

ALTER TABLE ONLY public.user_branches
    ADD CONSTRAINT user_branches_pkey PRIMARY KEY (id);


--
-- Name: user_navigation_flows user_navigation_flows_pkey; Type: CONSTRAINT; Schema: public; Owner: -
--

ALTER TABLE ONLY public.user_navigation_flows
    ADD CONSTRAINT user_navigation_flows_pkey PRIMARY KEY (id);


--
-- Name: user_price_items user_price_items_pkey; Type: CONSTRAINT; Schema: public; Owner: -
--

ALTER TABLE ONLY public.user_price_items
    ADD CONSTRAINT user_price_items_pkey PRIMARY KEY (id);


--
-- Name: user_price_legends user_price_legends_pkey; Type: CONSTRAINT; Schema: public; Owner: -
--

ALTER TABLE ONLY public.user_price_legends
    ADD CONSTRAINT user_price_legends_pkey PRIMARY KEY (id);


--
-- Name: user_price_lists user_price_lists_pkey; Type: CONSTRAINT; Schema: public; Owner: -
--

ALTER TABLE ONLY public.user_price_lists
    ADD CONSTRAINT user_price_lists_pkey PRIMARY KEY (id);


--
-- Name: user_sessions user_sessions_pkey; Type: CONSTRAINT; Schema: public; Owner: -
--

ALTER TABLE ONLY public.user_sessions
    ADD CONSTRAINT user_sessions_pkey PRIMARY KEY (id);


--
-- Name: users users_pkey; Type: CONSTRAINT; Schema: public; Owner: -
--

ALTER TABLE ONLY public.users
    ADD CONSTRAINT users_pkey PRIMARY KEY (id);


--
-- Name: admin_menu_items_menu_id_foreign; Type: INDEX; Schema: public; Owner: -
--

CREATE INDEX admin_menu_items_menu_id_foreign ON public.admin_menu_items USING btree (menu_id);


--
-- Name: blogs_blog_category_id_foreign; Type: INDEX; Schema: public; Owner: -
--

CREATE INDEX blogs_blog_category_id_foreign ON public.blogs USING btree (blog_category_id);


--
-- Name: listing_social_links_social_network_id_foreign; Type: INDEX; Schema: public; Owner: -
--

CREATE INDEX listing_social_links_social_network_id_foreign ON public.listing_social_links USING btree (social_network_id);


--
-- Name: page_visits_user_id_foreign; Type: INDEX; Schema: public; Owner: -
--

CREATE INDEX page_visits_user_id_foreign ON public.page_visits USING btree (user_id);


--
-- Name: page_visits_user_session_id_foreign; Type: INDEX; Schema: public; Owner: -
--

CREATE INDEX page_visits_user_session_id_foreign ON public.page_visits USING btree (user_session_id);


--
-- Name: page_visits_visited_at_index; Type: INDEX; Schema: public; Owner: -
--

CREATE INDEX page_visits_visited_at_index ON public.page_visits USING btree (visited_at);


--
-- Name: sessions_last_activity_index; Type: INDEX; Schema: public; Owner: -
--

CREATE INDEX sessions_last_activity_index ON public.sessions USING btree (last_activity);


--
-- Name: sessions_user_id_index; Type: INDEX; Schema: public; Owner: -
--

CREATE INDEX sessions_user_id_index ON public.sessions USING btree (user_id);


--
-- Name: user_activities_activity_type_index; Type: INDEX; Schema: public; Owner: -
--

CREATE INDEX user_activities_activity_type_index ON public.user_activities USING btree (activity_type);


--
-- Name: user_activities_page_visit_id_foreign; Type: INDEX; Schema: public; Owner: -
--

CREATE INDEX user_activities_page_visit_id_foreign ON public.user_activities USING btree (page_visit_id);


--
-- Name: user_activities_user_id_foreign; Type: INDEX; Schema: public; Owner: -
--

CREATE INDEX user_activities_user_id_foreign ON public.user_activities USING btree (user_id);


--
-- Name: user_activities_user_session_id_foreign; Type: INDEX; Schema: public; Owner: -
--

CREATE INDEX user_activities_user_session_id_foreign ON public.user_activities USING btree (user_session_id);


--
-- Name: user_branches_user_id_is_active_index; Type: INDEX; Schema: public; Owner: -
--

CREATE INDEX user_branches_user_id_is_active_index ON public.user_branches USING btree (user_id, is_active);


--
-- Name: user_navigation_flows_user_id_foreign; Type: INDEX; Schema: public; Owner: -
--

CREATE INDEX user_navigation_flows_user_id_foreign ON public.user_navigation_flows USING btree (user_id);


--
-- Name: user_navigation_flows_user_session_id_foreign; Type: INDEX; Schema: public; Owner: -
--

CREATE INDEX user_navigation_flows_user_session_id_foreign ON public.user_navigation_flows USING btree (user_session_id);


--
-- Name: user_price_items_fuel_terminal_id_foreign; Type: INDEX; Schema: public; Owner: -
--

CREATE INDEX user_price_items_fuel_terminal_id_foreign ON public.user_price_items USING btree (fuel_terminal_id);


--
-- Name: user_price_items_user_price_list_id_foreign; Type: INDEX; Schema: public; Owner: -
--

CREATE INDEX user_price_items_user_price_list_id_foreign ON public.user_price_items USING btree (user_price_list_id);


--
-- Name: user_price_legends_user_id_foreign; Type: INDEX; Schema: public; Owner: -
--

CREATE INDEX user_price_legends_user_id_foreign ON public.user_price_legends USING btree (user_id);


--
-- Name: user_price_lists_created_by_foreign; Type: INDEX; Schema: public; Owner: -
--

CREATE INDEX user_price_lists_created_by_foreign ON public.user_price_lists USING btree (created_by);


--
-- Name: user_price_lists_user_id_foreign; Type: INDEX; Schema: public; Owner: -
--

CREATE INDEX user_price_lists_user_id_foreign ON public.user_price_lists USING btree (user_id);


--
-- Name: user_sessions_session_id_index; Type: INDEX; Schema: public; Owner: -
--

CREATE INDEX user_sessions_session_id_index ON public.user_sessions USING btree (session_id);


--
-- Name: user_sessions_user_id_foreign; Type: INDEX; Schema: public; Owner: -
--

CREATE INDEX user_sessions_user_id_foreign ON public.user_sessions USING btree (user_id);


--
-- Name: user_branches user_branches_user_id_foreign; Type: FK CONSTRAINT; Schema: public; Owner: -
--

ALTER TABLE ONLY public.user_branches
    ADD CONSTRAINT user_branches_user_id_foreign FOREIGN KEY (user_id) REFERENCES public.users(id) ON DELETE CASCADE;


--
-- Name: user_price_lists user_price_lists_user_branch_id_foreign; Type: FK CONSTRAINT; Schema: public; Owner: -
--

ALTER TABLE ONLY public.user_price_lists
    ADD CONSTRAINT user_price_lists_user_branch_id_foreign FOREIGN KEY (user_branch_id) REFERENCES public.user_branches(id) ON DELETE SET NULL;


--
-- PostgreSQL database dump complete
--

\unrestrict dTsPATodFOxYKX0RRGCTHRsTmZgpNQp8nWozd4si4xKcAMdCyxBgUu6FRUpkgLj

